<?xml version="1.0" encoding="utf-8" ?>
<kml xmlns="http://www.opengis.net/kml/2.2">
<Document id="root_doc">
<Schema name="cikti_dsimgi" id="cikti_dsimgi">
	<SimpleField name="OBJECTID" type="string"></SimpleField>
	<SimpleField name="HAVZA_NO" type="string"></SimpleField>
	<SimpleField name="IST_NO" type="string"></SimpleField>
	<SimpleField name="IST_AD" type="string"></SimpleField>
	<SimpleField name="IST_TIP" type="string"></SimpleField>
	<SimpleField name="BOLGE_NO" type="string"></SimpleField>
	<SimpleField name="RASAT_TIP" type="string"></SimpleField>
	<SimpleField name="ILI" type="string"></SimpleField>
	<SimpleField name="ILCESI" type="string"></SimpleField>
	<SimpleField name="IST_KOT" type="float"></SimpleField>
	<SimpleField name="DURUMU" type="string"></SimpleField>
	<SimpleField name="IST_AC" type="string"></SimpleField>
	<SimpleField name="IST_KAP" type="string"></SimpleField>
	<SimpleField name="IST_TAC" type="string"></SimpleField>
	<SimpleField name="P25_PNO" type="string"></SimpleField>
	<SimpleField name="P100_PNO" type="string"></SimpleField>
	<SimpleField name="CKS_BOYLAM" type="string"></SimpleField>
	<SimpleField name="CKS_ENLEM" type="string"></SimpleField>
	<SimpleField name="UTM_ZONE" type="float"></SimpleField>
	<SimpleField name="UTMY" type="float"></SimpleField>
	<SimpleField name="UTMX" type="float"></SimpleField>
	<SimpleField name="NOTLAR" type="string"></SimpleField>
	<SimpleField name="COORH_X" type="float"></SimpleField>
</Schema>
<Folder><name>cikti_dsimgi</name>
  <Placemark id="cikti_dsimgi.1">
	<ExtendedData><SchemaData schemaUrl="#cikti_dsimgi">
		<SimpleData name="OBJECTID">1</SimpleData>
		<SimpleData name="HAVZA_NO">12</SimpleData>
		<SimpleData name="IST_NO">12-056</SimpleData>
		<SimpleData name="IST_AD">Sögüt</SimpleData>
		<SimpleData name="IST_TIP">MGI</SimpleData>
		<SimpleData name="BOLGE_NO">03</SimpleData>
		<SimpleData name="RASAT_TIP">Y</SimpleData>
		<SimpleData name="ILI">Kütahya</SimpleData>
		<SimpleData name="ILCESI">Merkez</SimpleData>
		<SimpleData name="IST_KOT">1100</SimpleData>
		<SimpleData name="DURUMU">K</SimpleData>
		<SimpleData name="IST_AC">1969/06/19 00:00:00</SimpleData>
		<SimpleData name="IST_KAP">1997/04/01 00:00:00</SimpleData>
		<SimpleData name="P25_PNO">J24-a2</SimpleData>
		<SimpleData name="UTM_ZONE">36</SimpleData>
		<SimpleData name="UTMY">4370617</SimpleData>
		<SimpleData name="UTMX">256188</SimpleData>
		<SimpleData name="COORH_X">669907.5</SimpleData>
	</SchemaData></ExtendedData>
      <Point><coordinates>30.166266741128,39.4489559101395</coordinates></Point>
  </Placemark>
  <Placemark id="cikti_dsimgi.2">
	<ExtendedData><SchemaData schemaUrl="#cikti_dsimgi">
		<SimpleData name="OBJECTID">2</SimpleData>
		<SimpleData name="HAVZA_NO">12</SimpleData>
		<SimpleData name="IST_NO">12-061</SimpleData>
		<SimpleData name="IST_AD">Memnuniye</SimpleData>
		<SimpleData name="IST_TIP">MGI</SimpleData>
		<SimpleData name="BOLGE_NO">03</SimpleData>
		<SimpleData name="RASAT_TIP">YB</SimpleData>
		<SimpleData name="IST_KOT">460</SimpleData>
		<SimpleData name="DURUMU">K</SimpleData>
		<SimpleData name="IST_AC">1976/12/01 00:00:00</SimpleData>
		<SimpleData name="IST_KAP">1984/12/31 00:00:00</SimpleData>
		<SimpleData name="P25_PNO">G24-c1</SimpleData>
		<SimpleData name="UTM_ZONE">36</SimpleData>
		<SimpleData name="UTMY">4503572</SimpleData>
		<SimpleData name="UTMX">268887</SimpleData>
		<SimpleData name="COORH_X">684323.3125</SimpleData>
	</SchemaData></ExtendedData>
      <Point><coordinates>30.2662612323876,40.6489959930746</coordinates></Point>
  </Placemark>
  <Placemark id="cikti_dsimgi.3">
	<ExtendedData><SchemaData schemaUrl="#cikti_dsimgi">
		<SimpleData name="OBJECTID">3</SimpleData>
		<SimpleData name="HAVZA_NO">12</SimpleData>
		<SimpleData name="IST_NO">12-063</SimpleData>
		<SimpleData name="IST_AD">Kaymaz Baraji</SimpleData>
		<SimpleData name="IST_TIP">MGI</SimpleData>
		<SimpleData name="BOLGE_NO">03</SimpleData>
		<SimpleData name="RASAT_TIP">YB</SimpleData>
		<SimpleData name="ILI">Eskisehir</SimpleData>
		<SimpleData name="ILCESI">Kaymaz</SimpleData>
		<SimpleData name="IST_KOT">1067</SimpleData>
		<SimpleData name="DURUMU">K</SimpleData>
		<SimpleData name="IST_AC">1982/09/21 00:00:00</SimpleData>
		<SimpleData name="IST_KAP">1995/10/03 00:00:00</SimpleData>
		<SimpleData name="P25_PNO">I26-d3</SimpleData>
		<SimpleData name="UTM_ZONE">36</SimpleData>
		<SimpleData name="UTMY">4378452</SimpleData>
		<SimpleData name="UTMX">348064</SimpleData>
		<SimpleData name="COORH_X">761931.125</SimpleData>
	</SchemaData></ExtendedData>
      <Point><coordinates>31.2315739428666,39.5406381947197</coordinates></Point>
  </Placemark>
  <Placemark id="cikti_dsimgi.4">
	<ExtendedData><SchemaData schemaUrl="#cikti_dsimgi">
		<SimpleData name="OBJECTID">4</SimpleData>
		<SimpleData name="HAVZA_NO">12</SimpleData>
		<SimpleData name="IST_NO">12-065</SimpleData>
		<SimpleData name="IST_AD">Yeniceköy</SimpleData>
		<SimpleData name="IST_TIP">MGI</SimpleData>
		<SimpleData name="BOLGE_NO">03</SimpleData>
		<SimpleData name="RASAT_TIP">YB</SimpleData>
		<SimpleData name="ILI">Ankara</SimpleData>
		<SimpleData name="ILCESI">Nallihan</SimpleData>
		<SimpleData name="IST_KOT">285</SimpleData>
		<SimpleData name="DURUMU">A</SimpleData>
		<SimpleData name="IST_AC">1988/01/01 00:00:00</SimpleData>
		<SimpleData name="P25_PNO">H25-c4</SimpleData>
		<SimpleData name="UTM_ZONE">36</SimpleData>
		<SimpleData name="UTMY">4437878</SimpleData>
		<SimpleData name="UTMX">317835</SimpleData>
		<SimpleData name="COORH_X">732441.625</SimpleData>
	</SchemaData></ExtendedData>
      <Point><coordinates>30.8634991271589,40.0698168360913</coordinates></Point>
  </Placemark>
  <Placemark id="cikti_dsimgi.5">
	<ExtendedData><SchemaData schemaUrl="#cikti_dsimgi">
		<SimpleData name="OBJECTID">5</SimpleData>
		<SimpleData name="HAVZA_NO">13</SimpleData>
		<SimpleData name="IST_NO">13-002</SimpleData>
		<SimpleData name="IST_AD">Kesköy</SimpleData>
		<SimpleData name="IST_TIP">MGI</SimpleData>
		<SimpleData name="BOLGE_NO">23</SimpleData>
		<SimpleData name="RASAT_TIP">YB</SimpleData>
		<SimpleData name="ILI">Kastamonu</SimpleData>
		<SimpleData name="ILCESI">Devrekani</SimpleData>
		<SimpleData name="IST_KOT">1270</SimpleData>
		<SimpleData name="DURUMU">A</SimpleData>
		<SimpleData name="IST_AC">1971/11/15 00:00:00</SimpleData>
		<SimpleData name="P25_PNO">E31-c1</SimpleData>
		<SimpleData name="UTM_ZONE">36</SimpleData>
		<SimpleData name="UTMY">4620025</SimpleData>
		<SimpleData name="UTMX">571425</SimpleData>
		<SimpleData name="COORH_X">988250</SimpleData>
	</SchemaData></ExtendedData>
      <Point><coordinates>33.8584251308326,41.72716115126</coordinates></Point>
  </Placemark>
  <Placemark id="cikti_dsimgi.6">
	<ExtendedData><SchemaData schemaUrl="#cikti_dsimgi">
		<SimpleData name="OBJECTID">6</SimpleData>
		<SimpleData name="HAVZA_NO">13</SimpleData>
		<SimpleData name="IST_NO">13-004</SimpleData>
		<SimpleData name="IST_AD">Hizardere</SimpleData>
		<SimpleData name="IST_TIP">MGI</SimpleData>
		<SimpleData name="BOLGE_NO">05</SimpleData>
		<SimpleData name="RASAT_TIP">Y</SimpleData>
		<SimpleData name="ILI">Bolu</SimpleData>
		<SimpleData name="ILCESI">Çilimli</SimpleData>
		<SimpleData name="IST_KOT">340</SimpleData>
		<SimpleData name="DURUMU">K</SimpleData>
		<SimpleData name="IST_AC">1961/10/18 00:00:00</SimpleData>
		<SimpleData name="IST_KAP">1969/11/12 00:00:00</SimpleData>
		<SimpleData name="P25_PNO">G26-a1</SimpleData>
		<SimpleData name="UTM_ZONE">36</SimpleData>
		<SimpleData name="UTMY">4529500</SimpleData>
		<SimpleData name="UTMX">338550</SimpleData>
		<SimpleData name="COORH_X">754292.25</SimpleData>
	</SchemaData></ExtendedData>
      <Point><coordinates>31.0829409848775,40.8990067758498</coordinates></Point>
  </Placemark>
  <Placemark id="cikti_dsimgi.7">
	<ExtendedData><SchemaData schemaUrl="#cikti_dsimgi">
		<SimpleData name="OBJECTID">7</SimpleData>
		<SimpleData name="HAVZA_NO">13</SimpleData>
		<SimpleData name="IST_NO">13-005</SimpleData>
		<SimpleData name="IST_AD">Biçkibasi</SimpleData>
		<SimpleData name="IST_TIP">MGI</SimpleData>
		<SimpleData name="BOLGE_NO">05</SimpleData>
		<SimpleData name="RASAT_TIP">Y</SimpleData>
		<SimpleData name="ILI">Bolu</SimpleData>
		<SimpleData name="ILCESI">Çilimli</SimpleData>
		<SimpleData name="IST_KOT">450</SimpleData>
		<SimpleData name="DURUMU">K</SimpleData>
		<SimpleData name="IST_AC">1961/12/18 00:00:00</SimpleData>
		<SimpleData name="IST_KAP">1969/11/12 00:00:00</SimpleData>
		<SimpleData name="P25_PNO">G26-a1</SimpleData>
		<SimpleData name="UTM_ZONE">36</SimpleData>
		<SimpleData name="UTMY">4531320</SimpleData>
		<SimpleData name="UTMX">339995</SimpleData>
		<SimpleData name="COORH_X">755759.25</SimpleData>
	</SchemaData></ExtendedData>
      <Point><coordinates>31.0996175578086,40.9156768030011</coordinates></Point>
  </Placemark>
  <Placemark id="cikti_dsimgi.8">
	<ExtendedData><SchemaData schemaUrl="#cikti_dsimgi">
		<SimpleData name="OBJECTID">8</SimpleData>
		<SimpleData name="HAVZA_NO">13</SimpleData>
		<SimpleData name="IST_NO">13-006</SimpleData>
		<SimpleData name="IST_AD">Yesilmahalle</SimpleData>
		<SimpleData name="IST_TIP">MGI</SimpleData>
		<SimpleData name="BOLGE_NO">05</SimpleData>
		<SimpleData name="RASAT_TIP">Y</SimpleData>
		<SimpleData name="ILI">Bolu</SimpleData>
		<SimpleData name="ILCESI">Çilimli</SimpleData>
		<SimpleData name="IST_KOT">1200</SimpleData>
		<SimpleData name="DURUMU">K</SimpleData>
		<SimpleData name="IST_AC">1961/12/19 00:00:00</SimpleData>
		<SimpleData name="IST_KAP">1975/04/04 00:00:00</SimpleData>
		<SimpleData name="P25_PNO">G26-a1</SimpleData>
		<SimpleData name="UTM_ZONE">36</SimpleData>
		<SimpleData name="UTMY">4529531</SimpleData>
		<SimpleData name="UTMX">337146</SimpleData>
		<SimpleData name="COORH_X">752888.75</SimpleData>
	</SchemaData></ExtendedData>
      <Point><coordinates>31.0662737073761,40.8990076383528</coordinates></Point>
  </Placemark>
  <Placemark id="cikti_dsimgi.9">
	<ExtendedData><SchemaData schemaUrl="#cikti_dsimgi">
		<SimpleData name="OBJECTID">9</SimpleData>
		<SimpleData name="HAVZA_NO">14</SimpleData>
		<SimpleData name="IST_NO">14-004</SimpleData>
		<SimpleData name="IST_AD">Resadiye</SimpleData>
		<SimpleData name="IST_TIP">MGI</SimpleData>
		<SimpleData name="BOLGE_NO">07</SimpleData>
		<SimpleData name="RASAT_TIP">YB</SimpleData>
		<SimpleData name="ILI">Tokat</SimpleData>
		<SimpleData name="ILCESI">Zile</SimpleData>
		<SimpleData name="IST_KOT">790</SimpleData>
		<SimpleData name="DURUMU">A</SimpleData>
		<SimpleData name="IST_AC">1968/09/01 00:00:00</SimpleData>
		<SimpleData name="P25_PNO">h35-d2</SimpleData>
		<SimpleData name="CKS_BOYLAM">35:40:54</SimpleData>
		<SimpleData name="CKS_ENLEM">40:12:29</SimpleData>
		<SimpleData name="UTM_ZONE">36</SimpleData>
		<SimpleData name="UTMY">4454375</SimpleData>
		<SimpleData name="UTMX">728225</SimpleData>
		<SimpleData name="COORH_X">1143186</SimpleData>
	</SchemaData></ExtendedData>
      <Point><coordinates>35.6812910675379,40.2070906065271</coordinates></Point>
  </Placemark>
  <Placemark id="cikti_dsimgi.10">
	<ExtendedData><SchemaData schemaUrl="#cikti_dsimgi">
		<SimpleData name="OBJECTID">10</SimpleData>
		<SimpleData name="HAVZA_NO">15</SimpleData>
		<SimpleData name="IST_NO">15-008</SimpleData>
		<SimpleData name="IST_AD">Asarcik Ali M.</SimpleData>
		<SimpleData name="IST_TIP">MGI</SimpleData>
		<SimpleData name="BOLGE_NO">23</SimpleData>
		<SimpleData name="RASAT_TIP">YB</SimpleData>
		<SimpleData name="ILI">Kastamonu</SimpleData>
		<SimpleData name="ILCESI">Devrekani</SimpleData>
		<SimpleData name="IST_KOT">1330</SimpleData>
		<SimpleData name="DURUMU">A</SimpleData>
		<SimpleData name="IST_AC">1971/09/04 00:00:00</SimpleData>
		<SimpleData name="P25_PNO">E32-d1</SimpleData>
		<SimpleData name="UTM_ZONE">36</SimpleData>
		<SimpleData name="UTMY">4619275</SimpleData>
		<SimpleData name="UTMX">586275</SimpleData>
		<SimpleData name="COORH_X">1003091.25</SimpleData>
	</SchemaData></ExtendedData>
      <Point><coordinates>34.0368381673737,41.7189347017316</coordinates></Point>
  </Placemark>
  <Placemark id="cikti_dsimgi.11">
	<ExtendedData><SchemaData schemaUrl="#cikti_dsimgi">
		<SimpleData name="OBJECTID">11</SimpleData>
		<SimpleData name="HAVZA_NO">15</SimpleData>
		<SimpleData name="IST_NO">15-014</SimpleData>
		<SimpleData name="IST_AD">Saraydüzü-Akbelen</SimpleData>
		<SimpleData name="IST_TIP">MGI</SimpleData>
		<SimpleData name="BOLGE_NO">05</SimpleData>
		<SimpleData name="RASAT_TIP">Y</SimpleData>
		<SimpleData name="ILI">Ankara</SimpleData>
		<SimpleData name="ILCESI">Bala</SimpleData>
		<SimpleData name="IST_KOT">835</SimpleData>
		<SimpleData name="DURUMU">K</SimpleData>
		<SimpleData name="IST_AC">1968/09/14 00:00:00</SimpleData>
		<SimpleData name="IST_KAP">1972/12/01 00:00:00</SimpleData>
		<SimpleData name="P25_PNO">f33-b3</SimpleData>
		<SimpleData name="CKS_BOYLAM">34:52:40</SimpleData>
		<SimpleData name="CKS_ENLEM">41:18:47</SimpleData>
		<SimpleData name="UTM_ZONE">36</SimpleData>
		<SimpleData name="UTMY">4575300</SimpleData>
		<SimpleData name="UTMX">657185</SimpleData>
		<SimpleData name="COORH_X">1073488.875</SimpleData>
	</SchemaData></ExtendedData>
      <Point><coordinates>34.8774843062082,41.3121996161492</coordinates></Point>
  </Placemark>
  <Placemark id="cikti_dsimgi.12">
	<ExtendedData><SchemaData schemaUrl="#cikti_dsimgi">
		<SimpleData name="OBJECTID">12</SimpleData>
		<SimpleData name="HAVZA_NO">15</SimpleData>
		<SimpleData name="IST_NO">15-018</SimpleData>
		<SimpleData name="IST_AD">Gelemagri (Koruluk)</SimpleData>
		<SimpleData name="IST_TIP">MGI</SimpleData>
		<SimpleData name="BOLGE_NO">07</SimpleData>
		<SimpleData name="RASAT_TIP">Y</SimpleData>
		<SimpleData name="ILI">Samsun</SimpleData>
		<SimpleData name="ILCESI">Bafra</SimpleData>
		<SimpleData name="IST_KOT">460</SimpleData>
		<SimpleData name="DURUMU">A</SimpleData>
		<SimpleData name="IST_AC">1965/01/25 00:00:00</SimpleData>
		<SimpleData name="P25_PNO">e35-c2</SimpleData>
		<SimpleData name="CKS_BOYLAM">35:54:07</SimpleData>
		<SimpleData name="CKS_ENLEM">41:40:22</SimpleData>
		<SimpleData name="UTM_ZONE">36</SimpleData>
		<SimpleData name="UTMY">4617600</SimpleData>
		<SimpleData name="UTMX">741575</SimpleData>
		<SimpleData name="COORH_X">1158328.75</SimpleData>
	</SchemaData></ExtendedData>
      <Point><coordinates>35.9015860276472,41.6718834743268</coordinates></Point>
  </Placemark>
  <Placemark id="cikti_dsimgi.13">
	<ExtendedData><SchemaData schemaUrl="#cikti_dsimgi">
		<SimpleData name="OBJECTID">13</SimpleData>
		<SimpleData name="HAVZA_NO">15</SimpleData>
		<SimpleData name="IST_NO">15-023</SimpleData>
		<SimpleData name="IST_AD">Ballik (Bostan)</SimpleData>
		<SimpleData name="IST_TIP">MGI</SimpleData>
		<SimpleData name="BOLGE_NO">23</SimpleData>
		<SimpleData name="RASAT_TIP">YB</SimpleData>
		<SimpleData name="ILI">Kastamonu</SimpleData>
		<SimpleData name="ILCESI">Merkez</SimpleData>
		<SimpleData name="IST_KOT">1140</SimpleData>
		<SimpleData name="DURUMU">A</SimpleData>
		<SimpleData name="IST_AC">1966/09/23 00:00:00</SimpleData>
		<SimpleData name="P25_PNO">F31-c1</SimpleData>
		<SimpleData name="UTM_ZONE">36</SimpleData>
		<SimpleData name="UTMY">4561150</SimpleData>
		<SimpleData name="UTMX">565400</SimpleData>
		<SimpleData name="COORH_X">981542.8125</SimpleData>
	</SchemaData></ExtendedData>
      <Point><coordinates>33.7796145284902,41.1974141915577</coordinates></Point>
  </Placemark>
  <Placemark id="cikti_dsimgi.14">
	<ExtendedData><SchemaData schemaUrl="#cikti_dsimgi">
		<SimpleData name="OBJECTID">14</SimpleData>
		<SimpleData name="HAVZA_NO">15</SimpleData>
		<SimpleData name="IST_NO">15-031</SimpleData>
		<SimpleData name="IST_AD">Haydarlar</SimpleData>
		<SimpleData name="IST_TIP">MGI</SimpleData>
		<SimpleData name="BOLGE_NO">23</SimpleData>
		<SimpleData name="RASAT_TIP">YB</SimpleData>
		<SimpleData name="ILI">Kastamonu</SimpleData>
		<SimpleData name="ILCESI">Merkez</SimpleData>
		<SimpleData name="IST_KOT">1420</SimpleData>
		<SimpleData name="DURUMU">A</SimpleData>
		<SimpleData name="IST_AC">1971/11/15 00:00:00</SimpleData>
		<SimpleData name="P25_PNO">F32-d1</SimpleData>
		<SimpleData name="UTM_ZONE">36</SimpleData>
		<SimpleData name="UTMY">4556300</SimpleData>
		<SimpleData name="UTMX">584450</SimpleData>
		<SimpleData name="COORH_X">1000538.875</SimpleData>
	</SchemaData></ExtendedData>
      <Point><coordinates>34.0061052811707,41.1519708818765</coordinates></Point>
  </Placemark>
  <Placemark id="cikti_dsimgi.15">
	<ExtendedData><SchemaData schemaUrl="#cikti_dsimgi">
		<SimpleData name="OBJECTID">15</SimpleData>
		<SimpleData name="HAVZA_NO">15</SimpleData>
		<SimpleData name="IST_NO">15-033</SimpleData>
		<SimpleData name="IST_AD">Asar</SimpleData>
		<SimpleData name="IST_TIP">MGI</SimpleData>
		<SimpleData name="BOLGE_NO">23</SimpleData>
		<SimpleData name="RASAT_TIP">YB</SimpleData>
		<SimpleData name="ILI">Kastamonu</SimpleData>
		<SimpleData name="ILCESI">Daday</SimpleData>
		<SimpleData name="IST_KOT">1205</SimpleData>
		<SimpleData name="DURUMU">A</SimpleData>
		<SimpleData name="IST_AC">1971/11/15 00:00:00</SimpleData>
		<SimpleData name="P25_PNO">F30-b3</SimpleData>
		<SimpleData name="UTM_ZONE">36</SimpleData>
		<SimpleData name="UTMY">4577100</SimpleData>
		<SimpleData name="UTMX">538225</SimpleData>
		<SimpleData name="COORH_X">954549.4375</SimpleData>
	</SchemaData></ExtendedData>
      <Point><coordinates>33.4565399970826,41.3428211137155</coordinates></Point>
  </Placemark>
  <Placemark id="cikti_dsimgi.16">
	<ExtendedData><SchemaData schemaUrl="#cikti_dsimgi">
		<SimpleData name="OBJECTID">16</SimpleData>
		<SimpleData name="HAVZA_NO">17</SimpleData>
		<SimpleData name="IST_NO">17-004</SimpleData>
		<SimpleData name="IST_AD">Berdan Brj.</SimpleData>
		<SimpleData name="IST_TIP">MGI</SimpleData>
		<SimpleData name="BOLGE_NO">06</SimpleData>
		<SimpleData name="RASAT_TIP">YB</SimpleData>
		<SimpleData name="ILI">Içel</SimpleData>
		<SimpleData name="ILCESI">Tarsus</SimpleData>
		<SimpleData name="IST_KOT">50</SimpleData>
		<SimpleData name="DURUMU">A</SimpleData>
		<SimpleData name="IST_AC">1988/03/16 00:00:00</SimpleData>
		<SimpleData name="P25_PNO">O33-b2</SimpleData>
		<SimpleData name="CKS_BOYLAM">34:53:00</SimpleData>
		<SimpleData name="CKS_ENLEM">36:57:00</SimpleData>
		<SimpleData name="UTM_ZONE">36</SimpleData>
		<SimpleData name="UTMY">4092763</SimpleData>
		<SimpleData name="UTMX">668388</SimpleData>
		<SimpleData name="COORH_X">1079667</SimpleData>
	</SchemaData></ExtendedData>
      <Point><coordinates>34.8912024202458,36.9642793133328</coordinates></Point>
  </Placemark>
  <Placemark id="cikti_dsimgi.17">
	<ExtendedData><SchemaData schemaUrl="#cikti_dsimgi">
		<SimpleData name="OBJECTID">17</SimpleData>
		<SimpleData name="HAVZA_NO">18</SimpleData>
		<SimpleData name="IST_NO">18-004</SimpleData>
		<SimpleData name="IST_AD">Seyhan Brj.</SimpleData>
		<SimpleData name="IST_TIP">MGI</SimpleData>
		<SimpleData name="BOLGE_NO">06</SimpleData>
		<SimpleData name="RASAT_TIP">YB</SimpleData>
		<SimpleData name="ILI">Adana</SimpleData>
		<SimpleData name="ILCESI">Seyhan</SimpleData>
		<SimpleData name="IST_KOT">55</SimpleData>
		<SimpleData name="DURUMU">A</SimpleData>
		<SimpleData name="IST_AC">1973/10/20 00:00:00</SimpleData>
		<SimpleData name="P25_PNO">N34-c4</SimpleData>
		<SimpleData name="UTM_ZONE">36</SimpleData>
		<SimpleData name="UTMY">4101976</SimpleData>
		<SimpleData name="UTMX">707292</SimpleData>
		<SimpleData name="COORH_X">1118786.875</SimpleData>
	</SchemaData></ExtendedData>
      <Point><coordinates>35.3304493783713,37.0394983314255</coordinates></Point>
  </Placemark>
  <Placemark id="cikti_dsimgi.18">
	<ExtendedData><SchemaData schemaUrl="#cikti_dsimgi">
		<SimpleData name="OBJECTID">18</SimpleData>
		<SimpleData name="HAVZA_NO">18</SimpleData>
		<SimpleData name="IST_NO">18-005</SimpleData>
		<SimpleData name="IST_AD">Hamidiye</SimpleData>
		<SimpleData name="IST_TIP">MGI</SimpleData>
		<SimpleData name="BOLGE_NO">06</SimpleData>
		<SimpleData name="RASAT_TIP">YB</SimpleData>
		<SimpleData name="ILI">Adana</SimpleData>
		<SimpleData name="ILCESI">Pozanti</SimpleData>
		<SimpleData name="IST_KOT">1700</SimpleData>
		<SimpleData name="DURUMU">K</SimpleData>
		<SimpleData name="IST_AC">1989/09/18 00:00:00</SimpleData>
		<SimpleData name="IST_KAP">2002/03/29 00:00:00</SimpleData>
		<SimpleData name="P25_PNO">M33-c3</SimpleData>
		<SimpleData name="UTM_ZONE">36</SimpleData>
		<SimpleData name="UTMY">4159233</SimpleData>
		<SimpleData name="UTMX">674825</SimpleData>
		<SimpleData name="COORH_X">1086759.375</SimpleData>
	</SchemaData></ExtendedData>
      <Point><coordinates>34.9790841828205,37.5619092986705</coordinates></Point>
  </Placemark>
  <Placemark id="cikti_dsimgi.19">
	<ExtendedData><SchemaData schemaUrl="#cikti_dsimgi">
		<SimpleData name="OBJECTID">19</SimpleData>
		<SimpleData name="HAVZA_NO">18</SimpleData>
		<SimpleData name="IST_NO">18-010</SimpleData>
		<SimpleData name="IST_AD">Hasançavuslar</SimpleData>
		<SimpleData name="IST_TIP">MGI</SimpleData>
		<SimpleData name="BOLGE_NO">06</SimpleData>
		<SimpleData name="RASAT_TIP">Y</SimpleData>
		<SimpleData name="ILI">Adana</SimpleData>
		<SimpleData name="ILCESI">Kozan</SimpleData>
		<SimpleData name="IST_KOT">1400</SimpleData>
		<SimpleData name="DURUMU">A</SimpleData>
		<SimpleData name="IST_AC">1989/09/01 00:00:00</SimpleData>
		<SimpleData name="P25_PNO">M35-a4</SimpleData>
		<SimpleData name="UTM_ZONE">36</SimpleData>
		<SimpleData name="UTMY">4185630</SimpleData>
		<SimpleData name="UTMX">726996</SimpleData>
		<SimpleData name="COORH_X">1139302.5</SimpleData>
	</SchemaData></ExtendedData>
      <Point><coordinates>35.5775051973866,37.7882204471298</coordinates></Point>
  </Placemark>
  <Placemark id="cikti_dsimgi.20">
	<ExtendedData><SchemaData schemaUrl="#cikti_dsimgi">
		<SimpleData name="OBJECTID">20</SimpleData>
		<SimpleData name="HAVZA_NO">18</SimpleData>
		<SimpleData name="IST_NO">18-013</SimpleData>
		<SimpleData name="IST_AD">Kamisli</SimpleData>
		<SimpleData name="IST_TIP">MGI</SimpleData>
		<SimpleData name="BOLGE_NO">06</SimpleData>
		<SimpleData name="RASAT_TIP">YB</SimpleData>
		<SimpleData name="ILI">Adana</SimpleData>
		<SimpleData name="ILCESI">Pozanti</SimpleData>
		<SimpleData name="IST_KOT">1225</SimpleData>
		<SimpleData name="DURUMU">A</SimpleData>
		<SimpleData name="IST_AC">1962/12/06 00:00:00</SimpleData>
		<SimpleData name="P25_PNO">M33-c3</SimpleData>
		<SimpleData name="UTM_ZONE">36</SimpleData>
		<SimpleData name="UTMY">4158348</SimpleData>
		<SimpleData name="UTMX">672182</SimpleData>
		<SimpleData name="COORH_X">1084100.75</SimpleData>
	</SchemaData></ExtendedData>
      <Point><coordinates>34.9489679198512,37.5544347051509</coordinates></Point>
  </Placemark>
  <Placemark id="cikti_dsimgi.21">
	<ExtendedData><SchemaData schemaUrl="#cikti_dsimgi">
		<SimpleData name="OBJECTID">21</SimpleData>
		<SimpleData name="HAVZA_NO">18</SimpleData>
		<SimpleData name="IST_NO">18-017</SimpleData>
		<SimpleData name="IST_AD">Çatalan Brj.</SimpleData>
		<SimpleData name="IST_TIP">MGI</SimpleData>
		<SimpleData name="BOLGE_NO">06</SimpleData>
		<SimpleData name="RASAT_TIP">YB</SimpleData>
		<SimpleData name="ILI">Adana</SimpleData>
		<SimpleData name="ILCESI">Karaisali</SimpleData>
		<SimpleData name="IST_KOT">90</SimpleData>
		<SimpleData name="DURUMU">A</SimpleData>
		<SimpleData name="IST_AC">1987/09/01 00:00:00</SimpleData>
		<SimpleData name="P25_PNO">M34-c1</SimpleData>
		<SimpleData name="UTM_ZONE">36</SimpleData>
		<SimpleData name="UTMY">4119225</SimpleData>
		<SimpleData name="UTMX">703122</SimpleData>
		<SimpleData name="COORH_X">1114760.25</SimpleData>
	</SchemaData></ExtendedData>
      <Point><coordinates>35.2882699485074,37.1957715512476</coordinates></Point>
  </Placemark>
  <Placemark id="cikti_dsimgi.22">
	<ExtendedData><SchemaData schemaUrl="#cikti_dsimgi">
		<SimpleData name="OBJECTID">22</SimpleData>
		<SimpleData name="HAVZA_NO">18</SimpleData>
		<SimpleData name="IST_NO">18-018</SimpleData>
		<SimpleData name="IST_AD">Gicak</SimpleData>
		<SimpleData name="IST_TIP">MGI</SimpleData>
		<SimpleData name="BOLGE_NO">06</SimpleData>
		<SimpleData name="RASAT_TIP">YB</SimpleData>
		<SimpleData name="ILI">Adana</SimpleData>
		<SimpleData name="ILCESI">Aladag</SimpleData>
		<SimpleData name="IST_KOT">975</SimpleData>
		<SimpleData name="DURUMU">A</SimpleData>
		<SimpleData name="IST_AC">1987/09/01 00:00:00</SimpleData>
		<SimpleData name="P25_PNO">M34-d3</SimpleData>
		<SimpleData name="UTM_ZONE">36</SimpleData>
		<SimpleData name="UTMY">4160069</SimpleData>
		<SimpleData name="UTMX">695492</SimpleData>
		<SimpleData name="COORH_X">1107487.875</SimpleData>
	</SchemaData></ExtendedData>
      <Point><coordinates>35.2131512941364,37.5652859294857</coordinates></Point>
  </Placemark>
  <Placemark id="cikti_dsimgi.23">
	<ExtendedData><SchemaData schemaUrl="#cikti_dsimgi">
		<SimpleData name="OBJECTID">23</SimpleData>
		<SimpleData name="HAVZA_NO">20</SimpleData>
		<SimpleData name="IST_NO">20-016</SimpleData>
		<SimpleData name="IST_AD">Kozan Brj.</SimpleData>
		<SimpleData name="IST_TIP">MGI</SimpleData>
		<SimpleData name="BOLGE_NO">06</SimpleData>
		<SimpleData name="RASAT_TIP">YB</SimpleData>
		<SimpleData name="ILI">Adana</SimpleData>
		<SimpleData name="ILCESI">Kozan</SimpleData>
		<SimpleData name="IST_KOT">150</SimpleData>
		<SimpleData name="DURUMU">A</SimpleData>
		<SimpleData name="IST_AC">1976/12/01 00:00:00</SimpleData>
		<SimpleData name="P25_PNO">M35-c4</SimpleData>
		<SimpleData name="UTM_ZONE">36</SimpleData>
		<SimpleData name="UTMY">4155875</SimpleData>
		<SimpleData name="UTMX">750625</SimpleData>
		<SimpleData name="COORH_X">1162717.125</SimpleData>
	</SchemaData></ExtendedData>
      <Point><coordinates>35.8353430725495,37.5141845121567</coordinates></Point>
  </Placemark>
  <Placemark id="cikti_dsimgi.24">
	<ExtendedData><SchemaData schemaUrl="#cikti_dsimgi">
		<SimpleData name="OBJECTID">24</SimpleData>
		<SimpleData name="HAVZA_NO">02</SimpleData>
		<SimpleData name="IST_NO">02-002</SimpleData>
		<SimpleData name="IST_AD">Kemerköy</SimpleData>
		<SimpleData name="IST_TIP">MGI</SimpleData>
		<SimpleData name="BOLGE_NO">25</SimpleData>
		<SimpleData name="RASAT_TIP">YB</SimpleData>
		<SimpleData name="ILI">Çanakkale</SimpleData>
		<SimpleData name="ILCESI">Biga</SimpleData>
		<SimpleData name="IST_KOT">50</SimpleData>
		<SimpleData name="DURUMU">K</SimpleData>
		<SimpleData name="IST_AC">1961/07/20 00:00:00</SimpleData>
		<SimpleData name="IST_KAP">1972/12/31 00:00:00</SimpleData>
		<SimpleData name="P25_PNO">H18-a1</SimpleData>
		<SimpleData name="CKS_BOYLAM">27:05:00</SimpleData>
		<SimpleData name="CKS_ENLEM">40:25:00</SimpleData>
		<SimpleData name="UTM_ZONE">35</SimpleData>
		<SimpleData name="UTMY">4474275</SimpleData>
		<SimpleData name="UTMX">505750</SimpleData>
		<SimpleData name="COORH_X">412211.125</SimpleData>
	</SchemaData></ExtendedData>
      <Point><coordinates>27.0672872209153,40.4173916317273</coordinates></Point>
  </Placemark>
  <Placemark id="cikti_dsimgi.25">
	<ExtendedData><SchemaData schemaUrl="#cikti_dsimgi">
		<SimpleData name="OBJECTID">25</SimpleData>
		<SimpleData name="HAVZA_NO">02</SimpleData>
		<SimpleData name="IST_NO">02-003</SimpleData>
		<SimpleData name="IST_AD">Terkos Baraji</SimpleData>
		<SimpleData name="IST_TIP">MGI</SimpleData>
		<SimpleData name="BOLGE_NO">14</SimpleData>
		<SimpleData name="RASAT_TIP">YB</SimpleData>
		<SimpleData name="ILI">Istanbul</SimpleData>
		<SimpleData name="ILCESI">Çatalca</SimpleData>
		<SimpleData name="IST_KOT">10</SimpleData>
		<SimpleData name="DURUMU">A</SimpleData>
		<SimpleData name="IST_AC">1961/11/01 00:00:00</SimpleData>
		<SimpleData name="P25_PNO">F21-a3</SimpleData>
		<SimpleData name="CKS_BOYLAM">28:40:22</SimpleData>
		<SimpleData name="CKS_ENLEM">41:18:14</SimpleData>
		<SimpleData name="UTM_ZONE">35</SimpleData>
		<SimpleData name="UTMY">4573617</SimpleData>
		<SimpleData name="UTMX">640062</SimpleData>
		<SimpleData name="COORH_X">554205.875</SimpleData>
	</SchemaData></ExtendedData>
      <Point><coordinates>28.6724676515434,41.3001739980266</coordinates></Point>
  </Placemark>
  <Placemark id="cikti_dsimgi.26">
	<ExtendedData><SchemaData schemaUrl="#cikti_dsimgi">
		<SimpleData name="OBJECTID">26</SimpleData>
		<SimpleData name="HAVZA_NO">02</SimpleData>
		<SimpleData name="IST_NO">02-004</SimpleData>
		<SimpleData name="IST_AD">Alibey Baraji</SimpleData>
		<SimpleData name="IST_TIP">MGI</SimpleData>
		<SimpleData name="BOLGE_NO">14</SimpleData>
		<SimpleData name="RASAT_TIP">YB</SimpleData>
		<SimpleData name="ILI">Istanbul</SimpleData>
		<SimpleData name="ILCESI">Eyüb</SimpleData>
		<SimpleData name="IST_KOT">35</SimpleData>
		<SimpleData name="DURUMU">A</SimpleData>
		<SimpleData name="IST_AC">1968/10/01 00:00:00</SimpleData>
		<SimpleData name="P25_PNO">F21-c3</SimpleData>
		<SimpleData name="CKS_BOYLAM">28:55:26</SimpleData>
		<SimpleData name="CKS_ENLEM">41:06:02</SimpleData>
		<SimpleData name="UTM_ZONE">35</SimpleData>
		<SimpleData name="UTMY">4551804</SimpleData>
		<SimpleData name="UTMX">661585</SimpleData>
		<SimpleData name="COORH_X">573882.1875</SimpleData>
	</SchemaData></ExtendedData>
      <Point><coordinates>28.9236577447873,41.099775445042</coordinates></Point>
  </Placemark>
  <Placemark id="cikti_dsimgi.27">
	<ExtendedData><SchemaData schemaUrl="#cikti_dsimgi">
		<SimpleData name="OBJECTID">27</SimpleData>
		<SimpleData name="HAVZA_NO">02</SimpleData>
		<SimpleData name="IST_NO">02-007</SimpleData>
		<SimpleData name="IST_AD">Karainebeyli</SimpleData>
		<SimpleData name="IST_TIP">MGI</SimpleData>
		<SimpleData name="BOLGE_NO">25</SimpleData>
		<SimpleData name="RASAT_TIP">YB</SimpleData>
		<SimpleData name="ILI">Çanakkale</SimpleData>
		<SimpleData name="ILCESI">Gelibolu</SimpleData>
		<SimpleData name="IST_KOT">85</SimpleData>
		<SimpleData name="DURUMU">A</SimpleData>
		<SimpleData name="IST_AC">1963/06/10 00:00:00</SimpleData>
		<SimpleData name="P25_PNO">H16-b3</SimpleData>
		<SimpleData name="UTM_ZONE">35</SimpleData>
		<SimpleData name="UTMY">4466950</SimpleData>
		<SimpleData name="UTMX">451825</SimpleData>
		<SimpleData name="COORH_X">357839.71875</SimpleData>
	</SchemaData></ExtendedData>
      <Point><coordinates>26.4322329646491,40.350024898749</coordinates></Point>
  </Placemark>
  <Placemark id="cikti_dsimgi.28">
	<ExtendedData><SchemaData schemaUrl="#cikti_dsimgi">
		<SimpleData name="OBJECTID">28</SimpleData>
		<SimpleData name="HAVZA_NO">02</SimpleData>
		<SimpleData name="IST_NO">02-008</SimpleData>
		<SimpleData name="IST_AD">Narli (Erdek)</SimpleData>
		<SimpleData name="IST_TIP">MGI</SimpleData>
		<SimpleData name="BOLGE_NO">25</SimpleData>
		<SimpleData name="RASAT_TIP">YB</SimpleData>
		<SimpleData name="ILI">Balikesir</SimpleData>
		<SimpleData name="ILCESI">Erdek</SimpleData>
		<SimpleData name="IST_KOT">2</SimpleData>
		<SimpleData name="DURUMU">K</SimpleData>
		<SimpleData name="IST_AC">1964/07/13 00:00:00</SimpleData>
		<SimpleData name="IST_KAP">1972/12/31 00:00:00</SimpleData>
		<SimpleData name="P25_PNO">H19-a2</SimpleData>
		<SimpleData name="UTM_ZONE">35</SimpleData>
		<SimpleData name="UTMY">4480800</SimpleData>
		<SimpleData name="UTMX">558300</SimpleData>
		<SimpleData name="COORH_X">465143.59375</SimpleData>
	</SchemaData></ExtendedData>
      <Point><coordinates>27.6872768356976,40.474152613724</coordinates></Point>
  </Placemark>
  <Placemark id="cikti_dsimgi.29">
	<ExtendedData><SchemaData schemaUrl="#cikti_dsimgi">
		<SimpleData name="OBJECTID">29</SimpleData>
		<SimpleData name="HAVZA_NO">02</SimpleData>
		<SimpleData name="IST_NO">02-011</SimpleData>
		<SimpleData name="IST_AD">Büyükçekmece Brj.</SimpleData>
		<SimpleData name="IST_TIP">MGI</SimpleData>
		<SimpleData name="BOLGE_NO">14</SimpleData>
		<SimpleData name="RASAT_TIP">YB</SimpleData>
		<SimpleData name="ILI">Istanbul</SimpleData>
		<SimpleData name="ILCESI">B.Çekmece</SimpleData>
		<SimpleData name="IST_KOT">10</SimpleData>
		<SimpleData name="DURUMU">A</SimpleData>
		<SimpleData name="IST_AC">1966/10/01 00:00:00</SimpleData>
		<SimpleData name="P25_PNO">F21-d4</SimpleData>
		<SimpleData name="CKS_BOYLAM">28:35:00</SimpleData>
		<SimpleData name="CKS_ENLEM">41:01:38</SimpleData>
		<SimpleData name="UTM_ZONE">35</SimpleData>
		<SimpleData name="UTMY">4543067</SimpleData>
		<SimpleData name="UTMX">633121</SimpleData>
		<SimpleData name="COORH_X">544802.25</SimpleData>
	</SchemaData></ExtendedData>
      <Point><coordinates>28.582957785791,41.0262617772133</coordinates></Point>
  </Placemark>
  <Placemark id="cikti_dsimgi.30">
	<ExtendedData><SchemaData schemaUrl="#cikti_dsimgi">
		<SimpleData name="OBJECTID">30</SimpleData>
		<SimpleData name="HAVZA_NO">02</SimpleData>
		<SimpleData name="IST_NO">02-012</SimpleData>
		<SimpleData name="IST_AD">Binkiliç</SimpleData>
		<SimpleData name="IST_TIP">MGI</SimpleData>
		<SimpleData name="BOLGE_NO">14</SimpleData>
		<SimpleData name="RASAT_TIP">YB</SimpleData>
		<SimpleData name="ILI">Istanbul</SimpleData>
		<SimpleData name="ILCESI">Çatalca</SimpleData>
		<SimpleData name="IST_KOT">180</SimpleData>
		<SimpleData name="DURUMU">A</SimpleData>
		<SimpleData name="IST_AC">1967/08/05 00:00:00</SimpleData>
		<SimpleData name="P25_PNO">F20-a2</SimpleData>
		<SimpleData name="CKS_BOYLAM">28:11:30</SimpleData>
		<SimpleData name="CKS_ENLEM">41:24:57</SimpleData>
		<SimpleData name="UTM_ZONE">35</SimpleData>
		<SimpleData name="UTMY">4585703</SimpleData>
		<SimpleData name="UTMX">599594</SimpleData>
		<SimpleData name="COORH_X">514856.21875</SimpleData>
	</SchemaData></ExtendedData>
      <Point><coordinates>28.1912025001485,41.4150241175639</coordinates></Point>
  </Placemark>
  <Placemark id="cikti_dsimgi.31">
	<ExtendedData><SchemaData schemaUrl="#cikti_dsimgi">
		<SimpleData name="OBJECTID">31</SimpleData>
		<SimpleData name="HAVZA_NO">02</SimpleData>
		<SimpleData name="IST_NO">02-013</SimpleData>
		<SimpleData name="IST_AD">Kepekli</SimpleData>
		<SimpleData name="IST_TIP">MGI</SimpleData>
		<SimpleData name="BOLGE_NO">01</SimpleData>
		<SimpleData name="RASAT_TIP">Y</SimpleData>
		<SimpleData name="ILI">Kocaeli</SimpleData>
		<SimpleData name="ILCESI">Merkez</SimpleData>
		<SimpleData name="IST_KOT">340</SimpleData>
		<SimpleData name="DURUMU">A</SimpleData>
		<SimpleData name="IST_AC">1967/10/28 00:00:00</SimpleData>
		<SimpleData name="CKS_BOYLAM">29:54:36</SimpleData>
		<SimpleData name="CKS_ENLEM">40:53:29</SimpleData>
		<SimpleData name="UTM_ZONE">35</SimpleData>
		<SimpleData name="UTMY">4530853</SimpleData>
		<SimpleData name="UTMX">745170</SimpleData>
		<SimpleData name="COORH_X">655473.3125</SimpleData>
	</SchemaData></ExtendedData>
      <Point><coordinates>29.9096603249121,40.8903870254917</coordinates></Point>
  </Placemark>
  <Placemark id="cikti_dsimgi.32">
	<ExtendedData><SchemaData schemaUrl="#cikti_dsimgi">
		<SimpleData name="OBJECTID">32</SimpleData>
		<SimpleData name="HAVZA_NO">02</SimpleData>
		<SimpleData name="IST_NO">02-014</SimpleData>
		<SimpleData name="IST_AD">Örcünlü (Teke)</SimpleData>
		<SimpleData name="IST_TIP">MGI</SimpleData>
		<SimpleData name="BOLGE_NO">14</SimpleData>
		<SimpleData name="RASAT_TIP">YB</SimpleData>
		<SimpleData name="ILI">Istanbul</SimpleData>
		<SimpleData name="ILCESI">Sile</SimpleData>
		<SimpleData name="IST_KOT">40</SimpleData>
		<SimpleData name="DURUMU">K</SimpleData>
		<SimpleData name="IST_AC">1974/01/01 00:00:00</SimpleData>
		<SimpleData name="IST_KAP">1984/01/01 00:00:00</SimpleData>
		<SimpleData name="IST_TAC">1984/01/01 00:00:00</SimpleData>
		<SimpleData name="P25_PNO">G23-a2</SimpleData>
		<SimpleData name="CKS_BOYLAM">29:39:28.27</SimpleData>
		<SimpleData name="CKS_ENLEM">40:59:18.18</SimpleData>
		<SimpleData name="UTM_ZONE">35</SimpleData>
		<SimpleData name="UTMY">4540949</SimpleData>
		<SimpleData name="UTMX">723590</SimpleData>
		<SimpleData name="COORH_X">634789.8125</SimpleData>
	</SchemaData></ExtendedData>
      <Point><coordinates>29.6574231044558,40.9874129162832</coordinates></Point>
  </Placemark>
  <Placemark id="cikti_dsimgi.33">
	<ExtendedData><SchemaData schemaUrl="#cikti_dsimgi">
		<SimpleData name="OBJECTID">33</SimpleData>
		<SimpleData name="HAVZA_NO">02</SimpleData>
		<SimpleData name="IST_NO">02-015</SimpleData>
		<SimpleData name="IST_AD">Ömerli Baraji</SimpleData>
		<SimpleData name="IST_TIP">MGI</SimpleData>
		<SimpleData name="BOLGE_NO">14</SimpleData>
		<SimpleData name="RASAT_TIP">Y</SimpleData>
		<SimpleData name="ILI">Istanbul</SimpleData>
		<SimpleData name="ILCESI">Beykoz</SimpleData>
		<SimpleData name="IST_KOT">81</SimpleData>
		<SimpleData name="DURUMU">K</SimpleData>
		<SimpleData name="IST_AC">1970/09/29 00:00:00</SimpleData>
		<SimpleData name="IST_KAP">1972/12/31 00:00:00</SimpleData>
		<SimpleData name="P25_PNO">F22-c4</SimpleData>
		<SimpleData name="CKS_BOYLAM">29:21:34.04</SimpleData>
		<SimpleData name="CKS_ENLEM">41:03:35.13</SimpleData>
		<SimpleData name="UTM_ZONE">35</SimpleData>
		<SimpleData name="UTMY">4548152</SimpleData>
		<SimpleData name="UTMX">698271</SimpleData>
		<SimpleData name="COORH_X">610145.3125</SimpleData>
	</SchemaData></ExtendedData>
      <Point><coordinates>29.3590168197033,41.0587874899257</coordinates></Point>
  </Placemark>
  <Placemark id="cikti_dsimgi.34">
	<ExtendedData><SchemaData schemaUrl="#cikti_dsimgi">
		<SimpleData name="OBJECTID">34</SimpleData>
		<SimpleData name="HAVZA_NO">02</SimpleData>
		<SimpleData name="IST_NO">02-016</SimpleData>
		<SimpleData name="IST_AD">Kurtdogmus</SimpleData>
		<SimpleData name="IST_TIP">MGI</SimpleData>
		<SimpleData name="BOLGE_NO">14</SimpleData>
		<SimpleData name="RASAT_TIP">YB</SimpleData>
		<SimpleData name="ILI">Istanbul</SimpleData>
		<SimpleData name="ILCESI">Pendik</SimpleData>
		<SimpleData name="IST_KOT">76</SimpleData>
		<SimpleData name="DURUMU">A</SimpleData>
		<SimpleData name="IST_AC">1973/03/01 00:00:00</SimpleData>
		<SimpleData name="P25_PNO">G22-b1</SimpleData>
		<SimpleData name="CKS_BOYLAM">29:20:28.62</SimpleData>
		<SimpleData name="CKS_ENLEM">41:00:34.63</SimpleData>
		<SimpleData name="UTM_ZONE">35</SimpleData>
		<SimpleData name="UTMY">4542545</SimpleData>
		<SimpleData name="UTMX">696893</SimpleData>
		<SimpleData name="COORH_X">608317.1875</SimpleData>
	</SchemaData></ExtendedData>
      <Point><coordinates>29.3408419420489,41.0086555453597</coordinates></Point>
  </Placemark>
  <Placemark id="cikti_dsimgi.35">
	<ExtendedData><SchemaData schemaUrl="#cikti_dsimgi">
		<SimpleData name="OBJECTID">35</SimpleData>
		<SimpleData name="HAVZA_NO">02</SimpleData>
		<SimpleData name="IST_NO">02-018</SimpleData>
		<SimpleData name="IST_AD">Elmali Baraji</SimpleData>
		<SimpleData name="IST_TIP">MGI</SimpleData>
		<SimpleData name="BOLGE_NO">14</SimpleData>
		<SimpleData name="RASAT_TIP">YB</SimpleData>
		<SimpleData name="ILI">Istanbul</SimpleData>
		<SimpleData name="ILCESI">Beykoz</SimpleData>
		<SimpleData name="IST_KOT">30</SimpleData>
		<SimpleData name="DURUMU">A</SimpleData>
		<SimpleData name="IST_AC">1961/11/01 00:00:00</SimpleData>
		<SimpleData name="P25_PNO">F22-d4</SimpleData>
		<SimpleData name="CKS_BOYLAM">29:07:13.43</SimpleData>
		<SimpleData name="CKS_ENLEM">41:04:35.38</SimpleData>
		<SimpleData name="UTM_ZONE">35</SimpleData>
		<SimpleData name="UTMY">4549494</SimpleData>
		<SimpleData name="UTMX">678136</SimpleData>
		<SimpleData name="COORH_X">590189.1875</SimpleData>
	</SchemaData></ExtendedData>
      <Point><coordinates>29.1199551783276,41.0755230650258</coordinates></Point>
  </Placemark>
  <Placemark id="cikti_dsimgi.36">
	<ExtendedData><SchemaData schemaUrl="#cikti_dsimgi">
		<SimpleData name="OBJECTID">36</SimpleData>
		<SimpleData name="HAVZA_NO">02</SimpleData>
		<SimpleData name="IST_NO">02-019</SimpleData>
		<SimpleData name="IST_AD">Atikhisar Baraji</SimpleData>
		<SimpleData name="IST_TIP">MGI</SimpleData>
		<SimpleData name="BOLGE_NO">25</SimpleData>
		<SimpleData name="RASAT_TIP">YB</SimpleData>
		<SimpleData name="ILI">Çanakkale</SimpleData>
		<SimpleData name="ILCESI">Merkez</SimpleData>
		<SimpleData name="IST_KOT">60</SimpleData>
		<SimpleData name="DURUMU">A</SimpleData>
		<SimpleData name="IST_AC">1975/10/21 00:00:00</SimpleData>
		<SimpleData name="P25_PNO">H17-d1</SimpleData>
		<SimpleData name="UTM_ZONE">35</SimpleData>
		<SimpleData name="UTMY">4442525</SimpleData>
		<SimpleData name="UTMX">459550</SimpleData>
		<SimpleData name="COORH_X">363542.21875</SimpleData>
	</SchemaData></ExtendedData>
      <Point><coordinates>26.5247360920376,40.1303893745471</coordinates></Point>
  </Placemark>
  <Placemark id="cikti_dsimgi.37">
	<ExtendedData><SchemaData schemaUrl="#cikti_dsimgi">
		<SimpleData name="OBJECTID">37</SimpleData>
		<SimpleData name="HAVZA_NO">02</SimpleData>
		<SimpleData name="IST_NO">02-020</SimpleData>
		<SimpleData name="IST_AD">Boyalica</SimpleData>
		<SimpleData name="IST_TIP">MGI</SimpleData>
		<SimpleData name="BOLGE_NO">01</SimpleData>
		<SimpleData name="RASAT_TIP">YB</SimpleData>
		<SimpleData name="ILI">Bursa</SimpleData>
		<SimpleData name="ILCESI">Iznik</SimpleData>
		<SimpleData name="IST_KOT">90</SimpleData>
		<SimpleData name="DURUMU">A</SimpleData>
		<SimpleData name="IST_AC">1976/06/14 00:00:00</SimpleData>
		<SimpleData name="CKS_BOYLAM">29:33:13</SimpleData>
		<SimpleData name="CKS_ENLEM">40:29:04</SimpleData>
		<SimpleData name="UTM_ZONE">35</SimpleData>
		<SimpleData name="UTMY">4484714</SimpleData>
		<SimpleData name="UTMX">716443</SimpleData>
		<SimpleData name="COORH_X">623118</SimpleData>
	</SchemaData></ExtendedData>
      <Point><coordinates>29.5531129270481,40.4832485277125</coordinates></Point>
  </Placemark>
  <Placemark id="cikti_dsimgi.38">
	<ExtendedData><SchemaData schemaUrl="#cikti_dsimgi">
		<SimpleData name="OBJECTID">38</SimpleData>
		<SimpleData name="HAVZA_NO">02</SimpleData>
		<SimpleData name="IST_NO">02-021</SimpleData>
		<SimpleData name="IST_AD">Haciosman</SimpleData>
		<SimpleData name="IST_TIP">MGI</SimpleData>
		<SimpleData name="BOLGE_NO">01</SimpleData>
		<SimpleData name="RASAT_TIP">YB</SimpleData>
		<SimpleData name="ILI">Bursa</SimpleData>
		<SimpleData name="ILCESI">Iznik</SimpleData>
		<SimpleData name="IST_KOT">900</SimpleData>
		<SimpleData name="DURUMU">A</SimpleData>
		<SimpleData name="IST_AC">1979/08/01 00:00:00</SimpleData>
		<SimpleData name="CKS_BOYLAM">29:49:08</SimpleData>
		<SimpleData name="CKS_ENLEM">40:33:01</SimpleData>
		<SimpleData name="UTM_ZONE">35</SimpleData>
		<SimpleData name="UTMY">4492726</SimpleData>
		<SimpleData name="UTMX">738702</SimpleData>
		<SimpleData name="COORH_X">645947.375</SimpleData>
	</SchemaData></ExtendedData>
      <Point><coordinates>29.8184577952334,40.5492442664877</coordinates></Point>
  </Placemark>
  <Placemark id="cikti_dsimgi.39">
	<ExtendedData><SchemaData schemaUrl="#cikti_dsimgi">
		<SimpleData name="OBJECTID">39</SimpleData>
		<SimpleData name="HAVZA_NO">02</SimpleData>
		<SimpleData name="IST_NO">02-022</SimpleData>
		<SimpleData name="IST_AD">Balcilar</SimpleData>
		<SimpleData name="IST_TIP">MGI</SimpleData>
		<SimpleData name="BOLGE_NO">25</SimpleData>
		<SimpleData name="RASAT_TIP">Y</SimpleData>
		<SimpleData name="ILI">Çanakkale</SimpleData>
		<SimpleData name="ILCESI">Lapseki</SimpleData>
		<SimpleData name="IST_KOT">210</SimpleData>
		<SimpleData name="DURUMU">A</SimpleData>
		<SimpleData name="IST_AC">1979/09/07 00:00:00</SimpleData>
		<SimpleData name="P25_PNO">H17-c1</SimpleData>
		<SimpleData name="UTM_ZONE">35</SimpleData>
		<SimpleData name="UTMY">4446675</SimpleData>
		<SimpleData name="UTMX">486450</SimpleData>
		<SimpleData name="COORH_X">390708.875</SimpleData>
	</SchemaData></ExtendedData>
      <Point><coordinates>26.8403821767469,40.1686444363175</coordinates></Point>
  </Placemark>
  <Placemark id="cikti_dsimgi.40">
	<ExtendedData><SchemaData schemaUrl="#cikti_dsimgi">
		<SimpleData name="OBJECTID">40</SimpleData>
		<SimpleData name="HAVZA_NO">02</SimpleData>
		<SimpleData name="IST_NO">02-023</SimpleData>
		<SimpleData name="IST_AD">Yukariinova</SimpleData>
		<SimpleData name="IST_TIP">MGI</SimpleData>
		<SimpleData name="BOLGE_NO">25</SimpleData>
		<SimpleData name="RASAT_TIP">Y</SimpleData>
		<SimpleData name="ILI">Çanakkale</SimpleData>
		<SimpleData name="ILCESI">Yenice</SimpleData>
		<SimpleData name="IST_KOT">200</SimpleData>
		<SimpleData name="DURUMU">K</SimpleData>
		<SimpleData name="IST_AC">1979/09/06 00:00:00</SimpleData>
		<SimpleData name="IST_KAP">1999/07/14 00:00:00</SimpleData>
		<SimpleData name="P25_PNO">H18-c4</SimpleData>
		<SimpleData name="UTM_ZONE">35</SimpleData>
		<SimpleData name="UTMY">4436450</SimpleData>
		<SimpleData name="UTMX">523475</SimpleData>
		<SimpleData name="COORH_X">426799.3125</SimpleData>
	</SchemaData></ExtendedData>
      <Point><coordinates>27.2748318643686,40.0763062032842</coordinates></Point>
  </Placemark>
  <Placemark id="cikti_dsimgi.41">
	<ExtendedData><SchemaData schemaUrl="#cikti_dsimgi">
		<SimpleData name="OBJECTID">41</SimpleData>
		<SimpleData name="HAVZA_NO">02</SimpleData>
		<SimpleData name="IST_NO">02-024</SimpleData>
		<SimpleData name="IST_AD">Mecidiye</SimpleData>
		<SimpleData name="IST_TIP">MGI</SimpleData>
		<SimpleData name="BOLGE_NO">01</SimpleData>
		<SimpleData name="RASAT_TIP">Y</SimpleData>
		<SimpleData name="ILI">Bursa</SimpleData>
		<SimpleData name="ILCESI">Iznik</SimpleData>
		<SimpleData name="IST_KOT">550</SimpleData>
		<SimpleData name="DURUMU">A</SimpleData>
		<SimpleData name="IST_AC">1982/11/01 00:00:00</SimpleData>
		<SimpleData name="CKS_BOYLAM">29:41:48</SimpleData>
		<SimpleData name="CKS_ENLEM">40:34:40</SimpleData>
		<SimpleData name="UTM_ZONE">35</SimpleData>
		<SimpleData name="UTMY">4495456</SimpleData>
		<SimpleData name="UTMX">728254</SimpleData>
		<SimpleData name="COORH_X">635756.375</SimpleData>
	</SchemaData></ExtendedData>
      <Point><coordinates>29.6961912517115,40.5767543464953</coordinates></Point>
  </Placemark>
  <Placemark id="cikti_dsimgi.42">
	<ExtendedData><SchemaData schemaUrl="#cikti_dsimgi">
		<SimpleData name="OBJECTID">42</SimpleData>
		<SimpleData name="HAVZA_NO">02</SimpleData>
		<SimpleData name="IST_NO">02-025</SimpleData>
		<SimpleData name="IST_AD">Göllüce</SimpleData>
		<SimpleData name="IST_TIP">MGI</SimpleData>
		<SimpleData name="BOLGE_NO">01</SimpleData>
		<SimpleData name="RASAT_TIP">YB</SimpleData>
		<SimpleData name="ILI">Bursa</SimpleData>
		<SimpleData name="ILCESI">Iznik</SimpleData>
		<SimpleData name="IST_KOT">85</SimpleData>
		<SimpleData name="DURUMU">A</SimpleData>
		<SimpleData name="IST_AC">1983/10/01 00:00:00</SimpleData>
		<SimpleData name="CKS_BOYLAM">29:35:58</SimpleData>
		<SimpleData name="CKS_ENLEM">40:23:05</SimpleData>
		<SimpleData name="UTM_ZONE">35</SimpleData>
		<SimpleData name="UTMY">4473787</SimpleData>
		<SimpleData name="UTMX">720667</SimpleData>
		<SimpleData name="COORH_X">626445.5</SimpleData>
	</SchemaData></ExtendedData>
      <Point><coordinates>29.5991079410548,40.3837967902176</coordinates></Point>
  </Placemark>
  <Placemark id="cikti_dsimgi.43">
	<ExtendedData><SchemaData schemaUrl="#cikti_dsimgi">
		<SimpleData name="OBJECTID">43</SimpleData>
		<SimpleData name="HAVZA_NO">02</SimpleData>
		<SimpleData name="IST_NO">02-027</SimpleData>
		<SimpleData name="IST_AD">Asagiçavus</SimpleData>
		<SimpleData name="IST_TIP">MGI</SimpleData>
		<SimpleData name="BOLGE_NO">25</SimpleData>
		<SimpleData name="RASAT_TIP">YB</SimpleData>
		<SimpleData name="ILI">Çanakkale</SimpleData>
		<SimpleData name="ILCESI">Yenice</SimpleData>
		<SimpleData name="IST_KOT">290</SimpleData>
		<SimpleData name="DURUMU">A</SimpleData>
		<SimpleData name="IST_AC">1986/01/01 00:00:00</SimpleData>
		<SimpleData name="P25_PNO">I18-a4</SimpleData>
		<SimpleData name="UTM_ZONE">35</SimpleData>
		<SimpleData name="UTMY">4407225</SimpleData>
		<SimpleData name="UTMX">509500</SimpleData>
		<SimpleData name="COORH_X">410474.375</SimpleData>
	</SchemaData></ExtendedData>
      <Point><coordinates>27.1105079391872,39.8132669347112</coordinates></Point>
  </Placemark>
  <Placemark id="cikti_dsimgi.44">
	<ExtendedData><SchemaData schemaUrl="#cikti_dsimgi">
		<SimpleData name="OBJECTID">44</SimpleData>
		<SimpleData name="HAVZA_NO">02</SimpleData>
		<SimpleData name="IST_NO">02-030</SimpleData>
		<SimpleData name="IST_AD">Karaahmetli</SimpleData>
		<SimpleData name="IST_TIP">MGI</SimpleData>
		<SimpleData name="BOLGE_NO">01</SimpleData>
		<SimpleData name="RASAT_TIP">YB</SimpleData>
		<SimpleData name="ILI">Kocaeli</SimpleData>
		<SimpleData name="ILCESI">K.Mürsel</SimpleData>
		<SimpleData name="IST_KOT">420</SimpleData>
		<SimpleData name="DURUMU">A</SimpleData>
		<SimpleData name="IST_AC">1991/01/15 00:00:00</SimpleData>
		<SimpleData name="CKS_BOYLAM">29:34:47</SimpleData>
		<SimpleData name="CKS_ENLEM">40:39:30</SimpleData>
		<SimpleData name="UTM_ZONE">35</SimpleData>
		<SimpleData name="UTMY">4504114</SimpleData>
		<SimpleData name="UTMX">718099</SimpleData>
		<SimpleData name="COORH_X">626336.375</SimpleData>
	</SchemaData></ExtendedData>
      <Point><coordinates>29.5793310734448,40.65741038094</coordinates></Point>
  </Placemark>
  <Placemark id="cikti_dsimgi.45">
	<ExtendedData><SchemaData schemaUrl="#cikti_dsimgi">
		<SimpleData name="OBJECTID">45</SimpleData>
		<SimpleData name="HAVZA_NO">02</SimpleData>
		<SimpleData name="IST_NO">02-031</SimpleData>
		<SimpleData name="IST_AD">Gökçe Brj.</SimpleData>
		<SimpleData name="IST_TIP">MGI</SimpleData>
		<SimpleData name="BOLGE_NO">01</SimpleData>
		<SimpleData name="RASAT_TIP">YB</SimpleData>
		<SimpleData name="ILI">Yalova</SimpleData>
		<SimpleData name="ILCESI">Termal</SimpleData>
		<SimpleData name="IST_KOT">72</SimpleData>
		<SimpleData name="DURUMU">A</SimpleData>
		<SimpleData name="IST_AC">1991/01/15 00:00:00</SimpleData>
		<SimpleData name="CKS_BOYLAM">29:11:43</SimpleData>
		<SimpleData name="CKS_ENLEM">40:36:18</SimpleData>
		<SimpleData name="UTM_ZONE">35</SimpleData>
		<SimpleData name="UTMY">4497302</SimpleData>
		<SimpleData name="UTMX">685742</SimpleData>
		<SimpleData name="COORH_X">593537.125</SimpleData>
	</SchemaData></ExtendedData>
      <Point><coordinates>29.1948715431631,40.6040018514819</coordinates></Point>
  </Placemark>
  <Placemark id="cikti_dsimgi.46">
	<ExtendedData><SchemaData schemaUrl="#cikti_dsimgi">
		<SimpleData name="OBJECTID">46</SimpleData>
		<SimpleData name="HAVZA_NO">02</SimpleData>
		<SimpleData name="IST_NO">02-032</SimpleData>
		<SimpleData name="IST_AD">Darlik Baraji</SimpleData>
		<SimpleData name="IST_TIP">MGI</SimpleData>
		<SimpleData name="BOLGE_NO">14</SimpleData>
		<SimpleData name="RASAT_TIP">YB</SimpleData>
		<SimpleData name="ILI">Istanbul</SimpleData>
		<SimpleData name="ILCESI">Sile</SimpleData>
		<SimpleData name="IST_KOT">40</SimpleData>
		<SimpleData name="DURUMU">A</SimpleData>
		<SimpleData name="IST_AC">1991/10/01 00:00:00</SimpleData>
		<SimpleData name="P25_PNO">F23-d4</SimpleData>
		<SimpleData name="CKS_BOYLAM">29:34:13.38</SimpleData>
		<SimpleData name="CKS_ENLEM">41:06:54.04</SimpleData>
		<SimpleData name="UTM_ZONE">35</SimpleData>
		<SimpleData name="UTMY">4554792</SimpleData>
		<SimpleData name="UTMX">715956</SimpleData>
		<SimpleData name="COORH_X">628305.9375</SimpleData>
	</SchemaData></ExtendedData>
      <Point><coordinates>29.5716119203871,41.1140421285342</coordinates></Point>
  </Placemark>
  <Placemark id="cikti_dsimgi.47">
	<ExtendedData><SchemaData schemaUrl="#cikti_dsimgi">
		<SimpleData name="OBJECTID">47</SimpleData>
		<SimpleData name="HAVZA_NO">02</SimpleData>
		<SimpleData name="IST_NO">02-033</SimpleData>
		<SimpleData name="IST_AD">Yenisölöz</SimpleData>
		<SimpleData name="IST_TIP">MGI</SimpleData>
		<SimpleData name="BOLGE_NO">01</SimpleData>
		<SimpleData name="RASAT_TIP">Y</SimpleData>
		<SimpleData name="ILI">Bursa</SimpleData>
		<SimpleData name="ILCESI">Iznik</SimpleData>
		<SimpleData name="IST_KOT">380</SimpleData>
		<SimpleData name="DURUMU">A</SimpleData>
		<SimpleData name="IST_AC">1991/01/01 00:00:00</SimpleData>
		<SimpleData name="CKS_BOYLAM">29:23:54</SimpleData>
		<SimpleData name="CKS_ENLEM">40:22:54</SimpleData>
		<SimpleData name="UTM_ZONE">35</SimpleData>
		<SimpleData name="UTMY">4472967</SimpleData>
		<SimpleData name="UTMX">703594</SimpleData>
		<SimpleData name="COORH_X">609362.5</SimpleData>
	</SchemaData></ExtendedData>
      <Point><coordinates>29.3978893631075,40.3807604040146</coordinates></Point>
  </Placemark>
  <Placemark id="cikti_dsimgi.48">
	<ExtendedData><SchemaData schemaUrl="#cikti_dsimgi">
		<SimpleData name="OBJECTID">48</SimpleData>
		<SimpleData name="HAVZA_NO">02</SimpleData>
		<SimpleData name="IST_NO">02-034</SimpleData>
		<SimpleData name="IST_AD">Yaliköy</SimpleData>
		<SimpleData name="IST_TIP">MGI</SimpleData>
		<SimpleData name="BOLGE_NO">14</SimpleData>
		<SimpleData name="RASAT_TIP">YB</SimpleData>
		<SimpleData name="ILI">Istanbul</SimpleData>
		<SimpleData name="ILCESI">Çatalca</SimpleData>
		<SimpleData name="IST_KOT">70</SimpleData>
		<SimpleData name="DURUMU">A</SimpleData>
		<SimpleData name="IST_AC">1991/11/01 00:00:00</SimpleData>
		<SimpleData name="P25_PNO">F20-b1</SimpleData>
		<SimpleData name="CKS_BOYLAM">28:17:27.26</SimpleData>
		<SimpleData name="CKS_ENLEM">41:29:05.91</SimpleData>
		<SimpleData name="UTM_ZONE">35</SimpleData>
		<SimpleData name="UTMY">4593481</SimpleData>
		<SimpleData name="UTMX">607774</SimpleData>
		<SimpleData name="COORH_X">523643.40625</SimpleData>
	</SchemaData></ExtendedData>
      <Point><coordinates>28.2904454537823,41.4840117672076</coordinates></Point>
  </Placemark>
  <Placemark id="cikti_dsimgi.49">
	<ExtendedData><SchemaData schemaUrl="#cikti_dsimgi">
		<SimpleData name="OBJECTID">49</SimpleData>
		<SimpleData name="HAVZA_NO">02</SimpleData>
		<SimpleData name="IST_NO">02-035</SimpleData>
		<SimpleData name="IST_AD">Yuvacik</SimpleData>
		<SimpleData name="IST_TIP">MGI</SimpleData>
		<SimpleData name="BOLGE_NO">01</SimpleData>
		<SimpleData name="RASAT_TIP">YB</SimpleData>
		<SimpleData name="ILI">Kocaeli</SimpleData>
		<SimpleData name="ILCESI">Gölcük</SimpleData>
		<SimpleData name="IST_KOT">90</SimpleData>
		<SimpleData name="DURUMU">A</SimpleData>
		<SimpleData name="IST_AC">1996/01/04 00:00:00</SimpleData>
		<SimpleData name="CKS_BOYLAM">29:58:12</SimpleData>
		<SimpleData name="CKS_ENLEM">40:40:52</SimpleData>
		<SimpleData name="UTM_ZONE">35</SimpleData>
		<SimpleData name="UTMY">4507684</SimpleData>
		<SimpleData name="UTMX">751011</SimpleData>
		<SimpleData name="COORH_X">659420</SimpleData>
	</SchemaData></ExtendedData>
      <Point><coordinates>29.9695975246781,40.6801810696458</coordinates></Point>
  </Placemark>
  <Placemark id="cikti_dsimgi.50">
	<ExtendedData><SchemaData schemaUrl="#cikti_dsimgi">
		<SimpleData name="OBJECTID">50</SimpleData>
		<SimpleData name="HAVZA_NO">02</SimpleData>
		<SimpleData name="IST_NO">02-036</SimpleData>
		<SimpleData name="IST_AD">Sazlidere Baraji</SimpleData>
		<SimpleData name="IST_TIP">MGI</SimpleData>
		<SimpleData name="BOLGE_NO">14</SimpleData>
		<SimpleData name="RASAT_TIP">YB</SimpleData>
		<SimpleData name="ILI">Istanbul</SimpleData>
		<SimpleData name="ILCESI">K.Çekmece</SimpleData>
		<SimpleData name="IST_KOT">10</SimpleData>
		<SimpleData name="DURUMU">A</SimpleData>
		<SimpleData name="IST_AC">1998/03/01 00:00:00</SimpleData>
		<SimpleData name="P25_PNO">F21-d3</SimpleData>
		<SimpleData name="CKS_BOYLAM">28:42:54.38</SimpleData>
		<SimpleData name="CKS_ENLEM">41:06:22.06</SimpleData>
		<SimpleData name="UTM_ZONE">35</SimpleData>
		<SimpleData name="UTMY">4552035</SimpleData>
		<SimpleData name="UTMX">644021</SimpleData>
		<SimpleData name="COORH_X">556395.75</SimpleData>
	</SchemaData></ExtendedData>
      <Point><coordinates>28.7146548932645,41.1051569815171</coordinates></Point>
  </Placemark>
  <Placemark id="cikti_dsimgi.51">
	<ExtendedData><SchemaData schemaUrl="#cikti_dsimgi">
		<SimpleData name="OBJECTID">51</SimpleData>
		<SimpleData name="HAVZA_NO">03</SimpleData>
		<SimpleData name="IST_NO">03-001</SimpleData>
		<SimpleData name="IST_AD">Ayakli</SimpleData>
		<SimpleData name="IST_TIP">MGI</SimpleData>
		<SimpleData name="BOLGE_NO">25</SimpleData>
		<SimpleData name="RASAT_TIP">YB</SimpleData>
		<SimpleData name="ILI">Balikesir</SimpleData>
		<SimpleData name="ILCESI">Ivrindi</SimpleData>
		<SimpleData name="IST_KOT">270</SimpleData>
		<SimpleData name="DURUMU">K</SimpleData>
		<SimpleData name="IST_AC">1971/10/01 00:00:00</SimpleData>
		<SimpleData name="IST_KAP">1998/02/12 00:00:00</SimpleData>
		<SimpleData name="P25_PNO">I18-c4</SimpleData>
		<SimpleData name="P100_PNO">I18</SimpleData>
		<SimpleData name="UTM_ZONE">35</SimpleData>
		<SimpleData name="UTMY">4373575</SimpleData>
		<SimpleData name="UTMX">531100</SimpleData>
		<SimpleData name="COORH_X">429276.53125</SimpleData>
	</SchemaData></ExtendedData>
      <Point><coordinates>27.3612824169954,39.5095626669439</coordinates></Point>
  </Placemark>
  <Placemark id="cikti_dsimgi.52">
	<ExtendedData><SchemaData schemaUrl="#cikti_dsimgi">
		<SimpleData name="OBJECTID">52</SimpleData>
		<SimpleData name="HAVZA_NO">12</SimpleData>
		<SimpleData name="IST_NO">03-002</SimpleData>
		<SimpleData name="IST_AD">Yunuslar</SimpleData>
		<SimpleData name="IST_TIP">MGI</SimpleData>
		<SimpleData name="BOLGE_NO">03</SimpleData>
		<SimpleData name="RASAT_TIP">Y</SimpleData>
		<SimpleData name="ILI">Kütahya</SimpleData>
		<SimpleData name="ILCESI">Gediz</SimpleData>
		<SimpleData name="IST_KOT">1150</SimpleData>
		<SimpleData name="DURUMU">K</SimpleData>
		<SimpleData name="IST_AC">1973/09/14 00:00:00</SimpleData>
		<SimpleData name="IST_KAP">1996/12/31 00:00:00</SimpleData>
		<SimpleData name="P25_PNO">J22-c3</SimpleData>
		<SimpleData name="P100_PNO">J22</SimpleData>
		<SimpleData name="UTM_ZONE">35</SimpleData>
		<SimpleData name="UTMY">4331804</SimpleData>
		<SimpleData name="UTMX">714731</SimpleData>
		<SimpleData name="COORH_X">609112.875</SimpleData>
	</SchemaData></ExtendedData>
      <Point><coordinates>29.4829110911717,39.1072856948237</coordinates></Point>
  </Placemark>
  <Placemark id="cikti_dsimgi.53">
	<ExtendedData><SchemaData schemaUrl="#cikti_dsimgi">
		<SimpleData name="OBJECTID">53</SimpleData>
		<SimpleData name="HAVZA_NO">03</SimpleData>
		<SimpleData name="IST_NO">03-003</SimpleData>
		<SimpleData name="IST_AD">Korucu</SimpleData>
		<SimpleData name="IST_TIP">MGI</SimpleData>
		<SimpleData name="BOLGE_NO">25</SimpleData>
		<SimpleData name="RASAT_TIP">YB</SimpleData>
		<SimpleData name="ILI">Balikesir</SimpleData>
		<SimpleData name="ILCESI">Ivrindi</SimpleData>
		<SimpleData name="IST_KOT">380</SimpleData>
		<SimpleData name="DURUMU">K</SimpleData>
		<SimpleData name="IST_AC">1962/05/01 00:00:00</SimpleData>
		<SimpleData name="IST_KAP">1970/09/20 00:00:00</SimpleData>
		<SimpleData name="P25_PNO">I18-b1</SimpleData>
		<SimpleData name="P100_PNO">I18</SimpleData>
		<SimpleData name="UTM_ZONE">35</SimpleData>
		<SimpleData name="UTMY">4369150</SimpleData>
		<SimpleData name="UTMX">531450</SimpleData>
		<SimpleData name="COORH_X">429264.9375</SimpleData>
	</SchemaData></ExtendedData>
      <Point><coordinates>27.3651450587066,39.4696791255563</coordinates></Point>
  </Placemark>
  <Placemark id="cikti_dsimgi.54">
	<ExtendedData><SchemaData schemaUrl="#cikti_dsimgi">
		<SimpleData name="OBJECTID">54</SimpleData>
		<SimpleData name="HAVZA_NO">03</SimpleData>
		<SimpleData name="IST_NO">03-004</SimpleData>
		<SimpleData name="IST_AD">Eskikaraagaç</SimpleData>
		<SimpleData name="IST_TIP">MGI</SimpleData>
		<SimpleData name="BOLGE_NO">01</SimpleData>
		<SimpleData name="RASAT_TIP">YB</SimpleData>
		<SimpleData name="ILI">Bursa</SimpleData>
		<SimpleData name="ILCESI">Karacabey</SimpleData>
		<SimpleData name="IST_KOT">15</SimpleData>
		<SimpleData name="DURUMU">A</SimpleData>
		<SimpleData name="IST_AC">1981/01/01 00:00:00</SimpleData>
		<SimpleData name="CKS_BOYLAM">28:36:45</SimpleData>
		<SimpleData name="CKS_ENLEM">40:11:21</SimpleData>
		<SimpleData name="UTM_ZONE">35</SimpleData>
		<SimpleData name="UTMY">4450068</SimpleData>
		<SimpleData name="UTMX">637277</SimpleData>
		<SimpleData name="COORH_X">541396.125</SimpleData>
	</SchemaData></ExtendedData>
      <Point><coordinates>28.6121194823001,40.1880990949509</coordinates></Point>
  </Placemark>
  <Placemark id="cikti_dsimgi.55">
	<ExtendedData><SchemaData schemaUrl="#cikti_dsimgi">
		<SimpleData name="OBJECTID">55</SimpleData>
		<SimpleData name="HAVZA_NO">03</SimpleData>
		<SimpleData name="IST_NO">03-005</SimpleData>
		<SimpleData name="IST_AD">Bagliköy (Sogukpinar)</SimpleData>
		<SimpleData name="IST_TIP">MGI</SimpleData>
		<SimpleData name="BOLGE_NO">01</SimpleData>
		<SimpleData name="RASAT_TIP">YB</SimpleData>
		<SimpleData name="ILI">Bursa</SimpleData>
		<SimpleData name="ILCESI">Osmangaz</SimpleData>
		<SimpleData name="IST_KOT">960</SimpleData>
		<SimpleData name="DURUMU">A</SimpleData>
		<SimpleData name="IST_AC">1982/01/14 00:00:00</SimpleData>
		<SimpleData name="CKS_BOYLAM">29:05:32</SimpleData>
		<SimpleData name="CKS_ENLEM">40:04:09</SimpleData>
		<SimpleData name="UTM_ZONE">35</SimpleData>
		<SimpleData name="UTMY">4437619</SimpleData>
		<SimpleData name="UTMX">678419</SimpleData>
		<SimpleData name="COORH_X">581410.5625</SimpleData>
	</SchemaData></ExtendedData>
      <Point><coordinates>29.0917088873203,40.0682781268908</coordinates></Point>
  </Placemark>
  <Placemark id="cikti_dsimgi.56">
	<ExtendedData><SchemaData schemaUrl="#cikti_dsimgi">
		<SimpleData name="OBJECTID">56</SimpleData>
		<SimpleData name="HAVZA_NO">03</SimpleData>
		<SimpleData name="IST_NO">03-008</SimpleData>
		<SimpleData name="IST_AD">Çavdarhisar</SimpleData>
		<SimpleData name="IST_TIP">MGI</SimpleData>
		<SimpleData name="BOLGE_NO">03</SimpleData>
		<SimpleData name="RASAT_TIP">YB</SimpleData>
		<SimpleData name="ILI">Kütahya</SimpleData>
		<SimpleData name="ILCESI">Emet</SimpleData>
		<SimpleData name="IST_KOT">1030</SimpleData>
		<SimpleData name="DURUMU">A</SimpleData>
		<SimpleData name="IST_AC">1961/10/10 00:00:00</SimpleData>
		<SimpleData name="P25_PNO">J23-d1</SimpleData>
		<SimpleData name="P100_PNO">J23</SimpleData>
		<SimpleData name="UTM_ZONE">35</SimpleData>
		<SimpleData name="UTMY">4341829</SimpleData>
		<SimpleData name="UTMX">725622</SimpleData>
		<SimpleData name="COORH_X">620779.75</SimpleData>
	</SchemaData></ExtendedData>
      <Point><coordinates>29.6120837579323,39.1947781549655</coordinates></Point>
  </Placemark>
  <Placemark id="cikti_dsimgi.57">
	<ExtendedData><SchemaData schemaUrl="#cikti_dsimgi">
		<SimpleData name="OBJECTID">57</SimpleData>
		<SimpleData name="HAVZA_NO">03</SimpleData>
		<SimpleData name="IST_NO">03-009</SimpleData>
		<SimpleData name="IST_AD">Kocagöl</SimpleData>
		<SimpleData name="IST_TIP">MGI</SimpleData>
		<SimpleData name="BOLGE_NO">25</SimpleData>
		<SimpleData name="RASAT_TIP">YB</SimpleData>
		<SimpleData name="ILI">Balikesir</SimpleData>
		<SimpleData name="ILCESI">Manyas</SimpleData>
		<SimpleData name="IST_KOT">20</SimpleData>
		<SimpleData name="DURUMU">A</SimpleData>
		<SimpleData name="IST_AC">1964/12/28 00:00:00</SimpleData>
		<SimpleData name="P25_PNO">H19-c1</SimpleData>
		<SimpleData name="P100_PNO">H19</SimpleData>
		<SimpleData name="UTM_ZONE">35</SimpleData>
		<SimpleData name="UTMY">4445750</SimpleData>
		<SimpleData name="UTMX">571675</SimpleData>
		<SimpleData name="COORH_X">475627.53125</SimpleData>
	</SchemaData></ExtendedData>
      <Point><coordinates>27.8411206251363,40.1573666261656</coordinates></Point>
  </Placemark>
  <Placemark id="cikti_dsimgi.58">
	<ExtendedData><SchemaData schemaUrl="#cikti_dsimgi">
		<SimpleData name="OBJECTID">58</SimpleData>
		<SimpleData name="HAVZA_NO">03</SimpleData>
		<SimpleData name="IST_NO">03-010</SimpleData>
		<SimpleData name="IST_AD">Doganci Brj.</SimpleData>
		<SimpleData name="IST_TIP">MGI</SimpleData>
		<SimpleData name="BOLGE_NO">01</SimpleData>
		<SimpleData name="RASAT_TIP">YB</SimpleData>
		<SimpleData name="ILI">Bursa</SimpleData>
		<SimpleData name="ILCESI">Osmangaz</SimpleData>
		<SimpleData name="IST_KOT">350</SimpleData>
		<SimpleData name="DURUMU">A</SimpleData>
		<SimpleData name="IST_AC">1982/02/12 00:00:00</SimpleData>
		<SimpleData name="CKS_BOYLAM">28:58:05</SimpleData>
		<SimpleData name="CKS_ENLEM">40:06:25</SimpleData>
		<SimpleData name="UTM_ZONE">35</SimpleData>
		<SimpleData name="UTMY">4441544</SimpleData>
		<SimpleData name="UTMX">667752</SimpleData>
		<SimpleData name="COORH_X">571092.25</SimpleData>
	</SchemaData></ExtendedData>
      <Point><coordinates>28.9677139681918,40.1058104531372</coordinates></Point>
  </Placemark>
  <Placemark id="cikti_dsimgi.59">
	<ExtendedData><SchemaData schemaUrl="#cikti_dsimgi">
		<SimpleData name="OBJECTID">59</SimpleData>
		<SimpleData name="HAVZA_NO">03</SimpleData>
		<SimpleData name="IST_NO">03-011</SimpleData>
		<SimpleData name="IST_AD">Karacabey</SimpleData>
		<SimpleData name="IST_TIP">MGI</SimpleData>
		<SimpleData name="BOLGE_NO">01</SimpleData>
		<SimpleData name="RASAT_TIP">YB</SimpleData>
		<SimpleData name="ILI">Bursa</SimpleData>
		<SimpleData name="ILCESI">Karacabey</SimpleData>
		<SimpleData name="IST_KOT">10</SimpleData>
		<SimpleData name="DURUMU">K</SimpleData>
		<SimpleData name="IST_AC">1961/09/23 00:00:00</SimpleData>
		<SimpleData name="IST_KAP">1986/01/01 00:00:00</SimpleData>
		<SimpleData name="IST_TAC">1993/01/01 00:00:00</SimpleData>
		<SimpleData name="CKS_BOYLAM">28:21:19</SimpleData>
		<SimpleData name="CKS_ENLEM">40:12:02</SimpleData>
		<SimpleData name="UTM_ZONE">35</SimpleData>
		<SimpleData name="UTMY">4450968</SimpleData>
		<SimpleData name="UTMX">615359</SimpleData>
		<SimpleData name="COORH_X">519613.90625</SimpleData>
	</SchemaData></ExtendedData>
      <Point><coordinates>28.3548825055376,40.1995040121484</coordinates></Point>
  </Placemark>
  <Placemark id="cikti_dsimgi.60">
	<ExtendedData><SchemaData schemaUrl="#cikti_dsimgi">
		<SimpleData name="OBJECTID">60</SimpleData>
		<SimpleData name="HAVZA_NO">03</SimpleData>
		<SimpleData name="IST_NO">03-013</SimpleData>
		<SimpleData name="IST_AD">Büyükorhon</SimpleData>
		<SimpleData name="IST_TIP">MGI</SimpleData>
		<SimpleData name="BOLGE_NO">01</SimpleData>
		<SimpleData name="RASAT_TIP">YB</SimpleData>
		<SimpleData name="ILI">Bursa</SimpleData>
		<SimpleData name="ILCESI">Orhaneli</SimpleData>
		<SimpleData name="IST_KOT">770</SimpleData>
		<SimpleData name="DURUMU">A</SimpleData>
		<SimpleData name="IST_AC">1961/11/20 00:00:00</SimpleData>
		<SimpleData name="CKS_BOYLAM">28:53:13</SimpleData>
		<SimpleData name="CKS_ENLEM">39:46:00</SimpleData>
		<SimpleData name="UTM_ZONE">35</SimpleData>
		<SimpleData name="UTMY">4403637</SimpleData>
		<SimpleData name="UTMX">661629</SimpleData>
		<SimpleData name="COORH_X">561923.9375</SimpleData>
	</SchemaData></ExtendedData>
      <Point><coordinates>28.8865131066263,39.7656584716425</coordinates></Point>
  </Placemark>
  <Placemark id="cikti_dsimgi.61">
	<ExtendedData><SchemaData schemaUrl="#cikti_dsimgi">
		<SimpleData name="OBJECTID">61</SimpleData>
		<SimpleData name="HAVZA_NO">03</SimpleData>
		<SimpleData name="IST_NO">03-014</SimpleData>
		<SimpleData name="IST_AD">Sindirgi-1</SimpleData>
		<SimpleData name="IST_TIP">MGI</SimpleData>
		<SimpleData name="BOLGE_NO">25</SimpleData>
		<SimpleData name="RASAT_TIP">YB</SimpleData>
		<SimpleData name="ILI">Balikesir</SimpleData>
		<SimpleData name="ILCESI">Sindirgi</SimpleData>
		<SimpleData name="IST_KOT">300</SimpleData>
		<SimpleData name="DURUMU">K</SimpleData>
		<SimpleData name="IST_AC">1962/04/21 00:00:00</SimpleData>
		<SimpleData name="IST_KAP">1971/10/03 00:00:00</SimpleData>
		<SimpleData name="P25_PNO">I20-d2</SimpleData>
		<SimpleData name="P100_PNO">I20</SimpleData>
		<SimpleData name="UTM_ZONE">35</SimpleData>
		<SimpleData name="UTMY">4343925</SimpleData>
		<SimpleData name="UTMX">601500</SimpleData>
		<SimpleData name="COORH_X">497111.71875</SimpleData>
	</SchemaData></ExtendedData>
      <Point><coordinates>28.1755989152775,39.2370239184444</coordinates></Point>
  </Placemark>
  <Placemark id="cikti_dsimgi.62">
	<ExtendedData><SchemaData schemaUrl="#cikti_dsimgi">
		<SimpleData name="OBJECTID">62</SimpleData>
		<SimpleData name="HAVZA_NO">03</SimpleData>
		<SimpleData name="IST_NO">03-015</SimpleData>
		<SimpleData name="IST_AD">Bereketli</SimpleData>
		<SimpleData name="IST_TIP">MGI</SimpleData>
		<SimpleData name="BOLGE_NO">25</SimpleData>
		<SimpleData name="RASAT_TIP">YB</SimpleData>
		<SimpleData name="ILI">Balikesir</SimpleData>
		<SimpleData name="ILCESI">Bandirma</SimpleData>
		<SimpleData name="IST_KOT">15</SimpleData>
		<SimpleData name="DURUMU">A</SimpleData>
		<SimpleData name="IST_AC">1983/10/01 00:00:00</SimpleData>
		<SimpleData name="P25_PNO">H19-c2</SimpleData>
		<SimpleData name="P100_PNO">H19</SimpleData>
		<SimpleData name="UTM_ZONE">35</SimpleData>
		<SimpleData name="UTMY">4455500</SimpleData>
		<SimpleData name="UTMX">581450</SimpleData>
		<SimpleData name="COORH_X">486168.5625</SimpleData>
	</SchemaData></ExtendedData>
      <Point><coordinates>27.9571186206853,40.2443059024639</coordinates></Point>
  </Placemark>
  <Placemark id="cikti_dsimgi.63">
	<ExtendedData><SchemaData schemaUrl="#cikti_dsimgi">
		<SimpleData name="OBJECTID">63</SimpleData>
		<SimpleData name="HAVZA_NO">03</SimpleData>
		<SimpleData name="IST_NO">03-016</SimpleData>
		<SimpleData name="IST_AD">Kozbudaklar</SimpleData>
		<SimpleData name="IST_TIP">MGI</SimpleData>
		<SimpleData name="BOLGE_NO">01</SimpleData>
		<SimpleData name="RASAT_TIP">Y</SimpleData>
		<SimpleData name="ILI">Bursa</SimpleData>
		<SimpleData name="ILCESI">Keles</SimpleData>
		<SimpleData name="IST_KOT">910</SimpleData>
		<SimpleData name="DURUMU">A</SimpleData>
		<SimpleData name="IST_AC">1982/10/26 00:00:00</SimpleData>
		<SimpleData name="CKS_BOYLAM">29:07:16</SimpleData>
		<SimpleData name="CKS_ENLEM">39:59:26</SimpleData>
		<SimpleData name="UTM_ZONE">35</SimpleData>
		<SimpleData name="UTMY">4428953</SimpleData>
		<SimpleData name="UTMX">681091</SimpleData>
		<SimpleData name="COORH_X">583374.9375</SimpleData>
	</SchemaData></ExtendedData>
      <Point><coordinates>29.1206028995492,39.9896838853254</coordinates></Point>
  </Placemark>
  <Placemark id="cikti_dsimgi.64">
	<ExtendedData><SchemaData schemaUrl="#cikti_dsimgi">
		<SimpleData name="OBJECTID">64</SimpleData>
		<SimpleData name="HAVZA_NO">03</SimpleData>
		<SimpleData name="IST_NO">03-017</SimpleData>
		<SimpleData name="IST_AD">Bahadir</SimpleData>
		<SimpleData name="IST_TIP">MGI</SimpleData>
		<SimpleData name="BOLGE_NO">25</SimpleData>
		<SimpleData name="RASAT_TIP">YB</SimpleData>
		<SimpleData name="ILI">Balikesir</SimpleData>
		<SimpleData name="ILCESI">Merkez</SimpleData>
		<SimpleData name="IST_KOT">675</SimpleData>
		<SimpleData name="DURUMU">A</SimpleData>
		<SimpleData name="IST_AC">1981/10/01 00:00:00</SimpleData>
		<SimpleData name="P25_PNO">J19-b1</SimpleData>
		<SimpleData name="P100_PNO">J19</SimpleData>
		<SimpleData name="UTM_ZONE">35</SimpleData>
		<SimpleData name="UTMY">4365375</SimpleData>
		<SimpleData name="UTMX">566175</SimpleData>
		<SimpleData name="COORH_X">463604.75</SimpleData>
	</SchemaData></ExtendedData>
      <Point><coordinates>27.7684453697447,39.4336994115261</coordinates></Point>
  </Placemark>
  <Placemark id="cikti_dsimgi.65">
	<ExtendedData><SchemaData schemaUrl="#cikti_dsimgi">
		<SimpleData name="OBJECTID">65</SimpleData>
		<SimpleData name="HAVZA_NO">03</SimpleData>
		<SimpleData name="IST_NO">03-018</SimpleData>
		<SimpleData name="IST_AD">Ergili</SimpleData>
		<SimpleData name="IST_TIP">MGI</SimpleData>
		<SimpleData name="BOLGE_NO">25</SimpleData>
		<SimpleData name="RASAT_TIP">YB</SimpleData>
		<SimpleData name="ILI">Balikesir</SimpleData>
		<SimpleData name="ILCESI">Bandirma</SimpleData>
		<SimpleData name="IST_KOT">38</SimpleData>
		<SimpleData name="DURUMU">A</SimpleData>
		<SimpleData name="IST_AC">1983/01/01 00:00:00</SimpleData>
		<SimpleData name="P25_PNO">H20-d1</SimpleData>
		<SimpleData name="P100_PNO">H20</SimpleData>
		<SimpleData name="UTM_ZONE">35</SimpleData>
		<SimpleData name="UTMY">4443250</SimpleData>
		<SimpleData name="UTMX">589575</SimpleData>
		<SimpleData name="COORH_X">493275.21875</SimpleData>
	</SchemaData></ExtendedData>
      <Point><coordinates>28.0509250837192,40.1331294063687</coordinates></Point>
  </Placemark>
  <Placemark id="cikti_dsimgi.66">
	<ExtendedData><SchemaData schemaUrl="#cikti_dsimgi">
		<SimpleData name="OBJECTID">66</SimpleData>
		<SimpleData name="HAVZA_NO">03</SimpleData>
		<SimpleData name="IST_NO">03-019</SimpleData>
		<SimpleData name="IST_AD">Büyükdeliler</SimpleData>
		<SimpleData name="IST_TIP">MGI</SimpleData>
		<SimpleData name="BOLGE_NO">01</SimpleData>
		<SimpleData name="RASAT_TIP">YB</SimpleData>
		<SimpleData name="ILI">Bursa</SimpleData>
		<SimpleData name="ILCESI">Orhangazi</SimpleData>
		<SimpleData name="IST_KOT">1100</SimpleData>
		<SimpleData name="DURUMU">A</SimpleData>
		<SimpleData name="IST_AC">1983/01/01 00:00:00</SimpleData>
		<SimpleData name="CKS_BOYLAM">29:12:14</SimpleData>
		<SimpleData name="CKS_ENLEM">40:00:54</SimpleData>
		<SimpleData name="UTM_ZONE">35</SimpleData>
		<SimpleData name="UTMY">4431830</SimpleData>
		<SimpleData name="UTMX">688100</SimpleData>
		<SimpleData name="COORH_X">590595.5</SimpleData>
	</SchemaData></ExtendedData>
      <Point><coordinates>29.2034747722784,40.014055074651</coordinates></Point>
  </Placemark>
  <Placemark id="cikti_dsimgi.67">
	<ExtendedData><SchemaData schemaUrl="#cikti_dsimgi">
		<SimpleData name="OBJECTID">67</SimpleData>
		<SimpleData name="HAVZA_NO">03</SimpleData>
		<SimpleData name="IST_NO">03-020</SimpleData>
		<SimpleData name="IST_AD">Düvertepe-1</SimpleData>
		<SimpleData name="IST_TIP">MGI</SimpleData>
		<SimpleData name="BOLGE_NO">25</SimpleData>
		<SimpleData name="RASAT_TIP">YB</SimpleData>
		<SimpleData name="ILI">Balikesir</SimpleData>
		<SimpleData name="ILCESI">Sindirgi</SimpleData>
		<SimpleData name="IST_KOT">700</SimpleData>
		<SimpleData name="DURUMU">K</SimpleData>
		<SimpleData name="IST_AC">1962/04/23 00:00:00</SimpleData>
		<SimpleData name="IST_KAP">1980/05/10 00:00:00</SimpleData>
		<SimpleData name="P25_PNO">J20-d2</SimpleData>
		<SimpleData name="P100_PNO">J20</SimpleData>
		<SimpleData name="UTM_ZONE">35</SimpleData>
		<SimpleData name="UTMY">4344175</SimpleData>
		<SimpleData name="UTMX">623825</SimpleData>
		<SimpleData name="COORH_X">519408.8125</SimpleData>
	</SchemaData></ExtendedData>
      <Point><coordinates>28.434254909269,39.2363785143186</coordinates></Point>
  </Placemark>
  <Placemark id="cikti_dsimgi.68">
	<ExtendedData><SchemaData schemaUrl="#cikti_dsimgi">
		<SimpleData name="OBJECTID">68</SimpleData>
		<SimpleData name="HAVZA_NO">03</SimpleData>
		<SimpleData name="IST_NO">03-021</SimpleData>
		<SimpleData name="IST_AD">Orhanlar</SimpleData>
		<SimpleData name="IST_TIP">MGI</SimpleData>
		<SimpleData name="BOLGE_NO">25</SimpleData>
		<SimpleData name="RASAT_TIP">Y</SimpleData>
		<SimpleData name="ILI">Balikesir</SimpleData>
		<SimpleData name="ILCESI">Balya</SimpleData>
		<SimpleData name="IST_KOT">145</SimpleData>
		<SimpleData name="DURUMU">A</SimpleData>
		<SimpleData name="IST_AC">1962/05/02 00:00:00</SimpleData>
		<SimpleData name="P25_PNO">I19-a1</SimpleData>
		<SimpleData name="P100_PNO">I19</SimpleData>
		<SimpleData name="UTM_ZONE">35</SimpleData>
		<SimpleData name="UTMY">4418300</SimpleData>
		<SimpleData name="UTMX">552600</SimpleData>
		<SimpleData name="COORH_X">454368.84375</SimpleData>
	</SchemaData></ExtendedData>
      <Point><coordinates>27.6149318739497,39.9114749698597</coordinates></Point>
  </Placemark>
  <Placemark id="cikti_dsimgi.69">
	<ExtendedData><SchemaData schemaUrl="#cikti_dsimgi">
		<SimpleData name="OBJECTID">69</SimpleData>
		<SimpleData name="HAVZA_NO">03</SimpleData>
		<SimpleData name="IST_NO">03-022</SimpleData>
		<SimpleData name="IST_AD">Çarmik (Dörtyol)</SimpleData>
		<SimpleData name="IST_TIP">MGI</SimpleData>
		<SimpleData name="BOLGE_NO">25</SimpleData>
		<SimpleData name="RASAT_TIP">YB</SimpleData>
		<SimpleData name="ILI">Balikesir</SimpleData>
		<SimpleData name="ILCESI">Balya</SimpleData>
		<SimpleData name="IST_KOT">450</SimpleData>
		<SimpleData name="DURUMU">K</SimpleData>
		<SimpleData name="IST_AC">1962/04/27 00:00:00</SimpleData>
		<SimpleData name="IST_KAP">1972/12/31 00:00:00</SimpleData>
		<SimpleData name="P25_PNO">I18-c2</SimpleData>
		<SimpleData name="P100_PNO">I18</SimpleData>
		<SimpleData name="UTM_ZONE">35</SimpleData>
		<SimpleData name="UTMY">4496750</SimpleData>
		<SimpleData name="UTMX">534550</SimpleData>
		<SimpleData name="COORH_X">442762.75</SimpleData>
	</SchemaData></ExtendedData>
      <Point><coordinates>27.4079773744065,40.6191669739252</coordinates></Point>
  </Placemark>
  <Placemark id="cikti_dsimgi.70">
	<ExtendedData><SchemaData schemaUrl="#cikti_dsimgi">
		<SimpleData name="OBJECTID">70</SimpleData>
		<SimpleData name="HAVZA_NO">03</SimpleData>
		<SimpleData name="IST_NO">03-023</SimpleData>
		<SimpleData name="IST_AD">Hisaralan</SimpleData>
		<SimpleData name="IST_TIP">MGI</SimpleData>
		<SimpleData name="BOLGE_NO">25</SimpleData>
		<SimpleData name="RASAT_TIP">Y</SimpleData>
		<SimpleData name="ILI">Balikesir</SimpleData>
		<SimpleData name="ILCESI">Merkez</SimpleData>
		<SimpleData name="IST_KOT">300</SimpleData>
		<SimpleData name="DURUMU">A</SimpleData>
		<SimpleData name="IST_AC">1962/05/04 00:00:00</SimpleData>
		<SimpleData name="P25_PNO">I19-b1</SimpleData>
		<SimpleData name="P100_PNO">I19</SimpleData>
		<SimpleData name="UTM_ZONE">35</SimpleData>
		<SimpleData name="UTMY">4416725</SimpleData>
		<SimpleData name="UTMX">572300</SimpleData>
		<SimpleData name="COORH_X">473890.03125</SimpleData>
	</SchemaData></ExtendedData>
      <Point><coordinates>27.8452256556353,39.8958349191138</coordinates></Point>
  </Placemark>
  <Placemark id="cikti_dsimgi.71">
	<ExtendedData><SchemaData schemaUrl="#cikti_dsimgi">
		<SimpleData name="OBJECTID">71</SimpleData>
		<SimpleData name="HAVZA_NO">03</SimpleData>
		<SimpleData name="IST_NO">03-024</SimpleData>
		<SimpleData name="IST_AD">Kinik</SimpleData>
		<SimpleData name="IST_TIP">MGI</SimpleData>
		<SimpleData name="BOLGE_NO">25</SimpleData>
		<SimpleData name="RASAT_TIP">Y</SimpleData>
		<SimpleData name="ILI">Balikesir</SimpleData>
		<SimpleData name="ILCESI">Sindirgi</SimpleData>
		<SimpleData name="IST_KOT">850</SimpleData>
		<SimpleData name="DURUMU">K</SimpleData>
		<SimpleData name="IST_AC">1962/05/07 00:00:00</SimpleData>
		<SimpleData name="IST_KAP">1994/08/15 00:00:00</SimpleData>
		<SimpleData name="P25_PNO">I20-d3</SimpleData>
		<SimpleData name="P100_PNO">I20</SimpleData>
		<SimpleData name="UTM_ZONE">35</SimpleData>
		<SimpleData name="UTMY">4329725</SimpleData>
		<SimpleData name="UTMX">603625</SimpleData>
		<SimpleData name="COORH_X">498082.25</SimpleData>
	</SchemaData></ExtendedData>
      <Point><coordinates>28.1980433806501,39.1088442259651</coordinates></Point>
  </Placemark>
  <Placemark id="cikti_dsimgi.72">
	<ExtendedData><SchemaData schemaUrl="#cikti_dsimgi">
		<SimpleData name="OBJECTID">72</SimpleData>
		<SimpleData name="HAVZA_NO">12</SimpleData>
		<SimpleData name="IST_NO">03-025</SimpleData>
		<SimpleData name="IST_AD">Ömerfaki</SimpleData>
		<SimpleData name="IST_TIP">MGI</SimpleData>
		<SimpleData name="BOLGE_NO">03</SimpleData>
		<SimpleData name="RASAT_TIP">Y</SimpleData>
		<SimpleData name="ILI">Kütahya</SimpleData>
		<SimpleData name="ILCESI">Emet</SimpleData>
		<SimpleData name="IST_KOT">1310</SimpleData>
		<SimpleData name="DURUMU">K</SimpleData>
		<SimpleData name="IST_AC">1961/10/01 00:00:00</SimpleData>
		<SimpleData name="IST_KAP">1973/01/31 00:00:00</SimpleData>
		<SimpleData name="P25_PNO">J22-b3</SimpleData>
		<SimpleData name="P100_PNO">J22</SimpleData>
		<SimpleData name="UTM_ZONE">35</SimpleData>
		<SimpleData name="UTMY">4349340</SimpleData>
		<SimpleData name="UTMX">712812</SimpleData>
		<SimpleData name="COORH_X">608603.75</SimpleData>
	</SchemaData></ExtendedData>
      <Point><coordinates>29.4662511582927,39.2656268359474</coordinates></Point>
  </Placemark>
  <Placemark id="cikti_dsimgi.73">
	<ExtendedData><SchemaData schemaUrl="#cikti_dsimgi">
		<SimpleData name="OBJECTID">73</SimpleData>
		<SimpleData name="HAVZA_NO">12</SimpleData>
		<SimpleData name="IST_NO">03-026</SimpleData>
		<SimpleData name="IST_AD">Cebrail</SimpleData>
		<SimpleData name="IST_TIP">MGI</SimpleData>
		<SimpleData name="BOLGE_NO">03</SimpleData>
		<SimpleData name="RASAT_TIP">Y</SimpleData>
		<SimpleData name="ILI">Kütahya</SimpleData>
		<SimpleData name="ILCESI">Gediz</SimpleData>
		<SimpleData name="IST_KOT">1230</SimpleData>
		<SimpleData name="DURUMU">K</SimpleData>
		<SimpleData name="IST_AC">1961/10/06 00:00:00</SimpleData>
		<SimpleData name="IST_KAP">1972/11/30 00:00:00</SimpleData>
		<SimpleData name="P25_PNO">J23-d4</SimpleData>
		<SimpleData name="P100_PNO">J23</SimpleData>
		<SimpleData name="UTM_ZONE">35</SimpleData>
		<SimpleData name="UTMY">4325611</SimpleData>
		<SimpleData name="UTMX">725006</SimpleData>
		<SimpleData name="COORH_X">618867.6875</SimpleData>
	</SchemaData></ExtendedData>
      <Point><coordinates>29.5995831670359,39.0489466292123</coordinates></Point>
  </Placemark>
  <Placemark id="cikti_dsimgi.74">
	<ExtendedData><SchemaData schemaUrl="#cikti_dsimgi">
		<SimpleData name="OBJECTID">74</SimpleData>
		<SimpleData name="HAVZA_NO">03</SimpleData>
		<SimpleData name="IST_NO">03-027</SimpleData>
		<SimpleData name="IST_AD">Gölbasi</SimpleData>
		<SimpleData name="IST_TIP">MGI</SimpleData>
		<SimpleData name="BOLGE_NO">01</SimpleData>
		<SimpleData name="RASAT_TIP">YB</SimpleData>
		<SimpleData name="ILI">Bursa</SimpleData>
		<SimpleData name="ILCESI">Merkez</SimpleData>
		<SimpleData name="IST_KOT">240</SimpleData>
		<SimpleData name="DURUMU">A</SimpleData>
		<SimpleData name="IST_AC">1963/06/22 00:00:00</SimpleData>
		<SimpleData name="CKS_BOYLAM">29:19:09</SimpleData>
		<SimpleData name="CKS_ENLEM">40:13:21</SimpleData>
		<SimpleData name="UTM_ZONE">35</SimpleData>
		<SimpleData name="UTMY">4455124</SimpleData>
		<SimpleData name="UTMX">697346</SimpleData>
		<SimpleData name="COORH_X">601693.4375</SimpleData>
	</SchemaData></ExtendedData>
      <Point><coordinates>29.318843949829,40.2216424320455</coordinates></Point>
  </Placemark>
  <Placemark id="cikti_dsimgi.75">
	<ExtendedData><SchemaData schemaUrl="#cikti_dsimgi">
		<SimpleData name="OBJECTID">75</SimpleData>
		<SimpleData name="HAVZA_NO">03</SimpleData>
		<SimpleData name="IST_NO">03-029</SimpleData>
		<SimpleData name="IST_AD">Resuller</SimpleData>
		<SimpleData name="IST_TIP">MGI</SimpleData>
		<SimpleData name="BOLGE_NO">25</SimpleData>
		<SimpleData name="RASAT_TIP">YB</SimpleData>
		<SimpleData name="ILI">Balikesir</SimpleData>
		<SimpleData name="ILCESI">Dursunbey</SimpleData>
		<SimpleData name="IST_KOT">940</SimpleData>
		<SimpleData name="DURUMU">K</SimpleData>
		<SimpleData name="IST_AC">1964/12/28 00:00:00</SimpleData>
		<SimpleData name="IST_KAP">1972/12/31 00:00:00</SimpleData>
		<SimpleData name="P25_PNO">I21-b1</SimpleData>
		<SimpleData name="P100_PNO">I21</SimpleData>
		<SimpleData name="UTM_ZONE">35</SimpleData>
		<SimpleData name="UTMY">4370075</SimpleData>
		<SimpleData name="UTMX">661275</SimpleData>
		<SimpleData name="COORH_X">558862.6875</SimpleData>
	</SchemaData></ExtendedData>
      <Point><coordinates>28.8742113279508,39.4634830498406</coordinates></Point>
  </Placemark>
  <Placemark id="cikti_dsimgi.76">
	<ExtendedData><SchemaData schemaUrl="#cikti_dsimgi">
		<SimpleData name="OBJECTID">76</SimpleData>
		<SimpleData name="HAVZA_NO">03</SimpleData>
		<SimpleData name="IST_NO">03-030</SimpleData>
		<SimpleData name="IST_AD">Büyükkatranci</SimpleData>
		<SimpleData name="IST_TIP">MGI</SimpleData>
		<SimpleData name="BOLGE_NO">25</SimpleData>
		<SimpleData name="RASAT_TIP">YB</SimpleData>
		<SimpleData name="ILI">Balikesir</SimpleData>
		<SimpleData name="ILCESI">Dursunbey</SimpleData>
		<SimpleData name="IST_KOT">850</SimpleData>
		<SimpleData name="DURUMU">K</SimpleData>
		<SimpleData name="IST_AC">1965/04/01 00:00:00</SimpleData>
		<SimpleData name="IST_KAP">1972/12/31 00:00:00</SimpleData>
		<SimpleData name="P25_PNO">I20-b3</SimpleData>
		<SimpleData name="P100_PNO">I20</SimpleData>
		<SimpleData name="UTM_ZONE">35</SimpleData>
		<SimpleData name="UTMY">4401350</SimpleData>
		<SimpleData name="UTMX">624350</SimpleData>
		<SimpleData name="COORH_X">524558.4375</SimpleData>
	</SchemaData></ExtendedData>
      <Point><coordinates>28.4510045905027,39.7513165508445</coordinates></Point>
  </Placemark>
  <Placemark id="cikti_dsimgi.77">
	<ExtendedData><SchemaData schemaUrl="#cikti_dsimgi">
		<SimpleData name="OBJECTID">77</SimpleData>
		<SimpleData name="HAVZA_NO">03</SimpleData>
		<SimpleData name="IST_NO">03-031</SimpleData>
		<SimpleData name="IST_AD">Çaygören</SimpleData>
		<SimpleData name="IST_TIP">MGI</SimpleData>
		<SimpleData name="BOLGE_NO">25</SimpleData>
		<SimpleData name="RASAT_TIP">Y</SimpleData>
		<SimpleData name="ILI">Balikesir</SimpleData>
		<SimpleData name="ILCESI">Sindirgi</SimpleData>
		<SimpleData name="IST_KOT">245</SimpleData>
		<SimpleData name="DURUMU">K</SimpleData>
		<SimpleData name="IST_AC">1971/10/04 00:00:00</SimpleData>
		<SimpleData name="IST_KAP">1994/09/06 00:00:00</SimpleData>
		<SimpleData name="P25_PNO">J20-a3</SimpleData>
		<SimpleData name="P100_PNO">J20</SimpleData>
		<SimpleData name="UTM_ZONE">35</SimpleData>
		<SimpleData name="UTMY">4348375</SimpleData>
		<SimpleData name="UTMX">505250</SimpleData>
		<SimpleData name="COORH_X">401425.9375</SimpleData>
	</SchemaData></ExtendedData>
      <Point><coordinates>27.0603934741515,39.2830387086108</coordinates></Point>
  </Placemark>
  <Placemark id="cikti_dsimgi.78">
	<ExtendedData><SchemaData schemaUrl="#cikti_dsimgi">
		<SimpleData name="OBJECTID">78</SimpleData>
		<SimpleData name="HAVZA_NO">03</SimpleData>
		<SimpleData name="IST_NO">03-032</SimpleData>
		<SimpleData name="IST_AD">Gökçedag</SimpleData>
		<SimpleData name="IST_TIP">MGI</SimpleData>
		<SimpleData name="BOLGE_NO">01</SimpleData>
		<SimpleData name="RASAT_TIP">YB</SimpleData>
		<SimpleData name="ILI">Bursa</SimpleData>
		<SimpleData name="ILCESI">Orhaneli</SimpleData>
		<SimpleData name="IST_KOT">650</SimpleData>
		<SimpleData name="DURUMU">A</SimpleData>
		<SimpleData name="IST_AC">1984/07/10 00:00:00</SimpleData>
		<SimpleData name="CKS_BOYLAM">28:58:34</SimpleData>
		<SimpleData name="CKS_ENLEM">39:36:54</SimpleData>
		<SimpleData name="UTM_ZONE">35</SimpleData>
		<SimpleData name="UTMY">4386964</SimpleData>
		<SimpleData name="UTMX">669630</SimpleData>
		<SimpleData name="COORH_X">568558.25</SimpleData>
	</SchemaData></ExtendedData>
      <Point><coordinates>28.9755871362856,39.6139650648646</coordinates></Point>
  </Placemark>
  <Placemark id="cikti_dsimgi.79">
	<ExtendedData><SchemaData schemaUrl="#cikti_dsimgi">
		<SimpleData name="OBJECTID">79</SimpleData>
		<SimpleData name="HAVZA_NO">03</SimpleData>
		<SimpleData name="IST_NO">03-033</SimpleData>
		<SimpleData name="IST_AD">Haciahmet</SimpleData>
		<SimpleData name="IST_TIP">MGI</SimpleData>
		<SimpleData name="BOLGE_NO">01</SimpleData>
		<SimpleData name="RASAT_TIP">YB</SimpleData>
		<SimpleData name="ILI">Bursa</SimpleData>
		<SimpleData name="ILCESI">M.K.Pasa</SimpleData>
		<SimpleData name="IST_KOT">460</SimpleData>
		<SimpleData name="DURUMU">A</SimpleData>
		<SimpleData name="IST_AC">1985/12/01 00:00:00</SimpleData>
		<SimpleData name="CKS_BOYLAM">28:42:25</SimpleData>
		<SimpleData name="CKS_ENLEM">39:46:39</SimpleData>
		<SimpleData name="UTM_ZONE">35</SimpleData>
		<SimpleData name="UTMY">4404531</SimpleData>
		<SimpleData name="UTMX">646181</SimpleData>
		<SimpleData name="COORH_X">546589.625</SimpleData>
	</SchemaData></ExtendedData>
      <Point><coordinates>28.7064379020181,39.7765007985036</coordinates></Point>
  </Placemark>
  <Placemark id="cikti_dsimgi.80">
	<ExtendedData><SchemaData schemaUrl="#cikti_dsimgi">
		<SimpleData name="OBJECTID">80</SimpleData>
		<SimpleData name="HAVZA_NO">03</SimpleData>
		<SimpleData name="IST_NO">03-034</SimpleData>
		<SimpleData name="IST_AD">Alaçam</SimpleData>
		<SimpleData name="IST_TIP">MGI</SimpleData>
		<SimpleData name="BOLGE_NO">01</SimpleData>
		<SimpleData name="RASAT_TIP">YB</SimpleData>
		<SimpleData name="ILI">Bursa</SimpleData>
		<SimpleData name="ILCESI">Merkez</SimpleData>
		<SimpleData name="IST_KOT">900</SimpleData>
		<SimpleData name="DURUMU">A</SimpleData>
		<SimpleData name="IST_AC">1984/12/14 00:00:00</SimpleData>
		<SimpleData name="CKS_BOYLAM">29:17:47</SimpleData>
		<SimpleData name="CKS_ENLEM">40:07:59</SimpleData>
		<SimpleData name="UTM_ZONE">35</SimpleData>
		<SimpleData name="UTMY">4445126</SimpleData>
		<SimpleData name="UTMX">695662</SimpleData>
		<SimpleData name="COORH_X">599207.625</SimpleData>
	</SchemaData></ExtendedData>
      <Point><coordinates>29.296030592933,40.1320329484948</coordinates></Point>
  </Placemark>
  <Placemark id="cikti_dsimgi.81">
	<ExtendedData><SchemaData schemaUrl="#cikti_dsimgi">
		<SimpleData name="OBJECTID">81</SimpleData>
		<SimpleData name="HAVZA_NO">03</SimpleData>
		<SimpleData name="IST_NO">03-035</SimpleData>
		<SimpleData name="IST_AD">Sahmelek</SimpleData>
		<SimpleData name="IST_TIP">MGI</SimpleData>
		<SimpleData name="BOLGE_NO">01</SimpleData>
		<SimpleData name="RASAT_TIP">YB</SimpleData>
		<SimpleData name="ILI">Bursa</SimpleData>
		<SimpleData name="ILCESI">Karacabey</SimpleData>
		<SimpleData name="IST_KOT">500</SimpleData>
		<SimpleData name="DURUMU">A</SimpleData>
		<SimpleData name="IST_AC">1986/01/01 00:00:00</SimpleData>
		<SimpleData name="CKS_BOYLAM">28:14:41</SimpleData>
		<SimpleData name="CKS_ENLEM">40:19:50</SimpleData>
		<SimpleData name="UTM_ZONE">35</SimpleData>
		<SimpleData name="UTMY">4465266</SimpleData>
		<SimpleData name="UTMX">605736</SimpleData>
		<SimpleData name="COORH_X">511179.28125</SimpleData>
	</SchemaData></ExtendedData>
      <Point><coordinates>28.2442042109305,40.3295570339269</coordinates></Point>
  </Placemark>
  <Placemark id="cikti_dsimgi.82">
	<ExtendedData><SchemaData schemaUrl="#cikti_dsimgi">
		<SimpleData name="OBJECTID">82</SimpleData>
		<SimpleData name="HAVZA_NO">03</SimpleData>
		<SimpleData name="IST_NO">03-036</SimpleData>
		<SimpleData name="IST_AD">Kadriye</SimpleData>
		<SimpleData name="IST_TIP">MGI</SimpleData>
		<SimpleData name="BOLGE_NO">01</SimpleData>
		<SimpleData name="RASAT_TIP">YB</SimpleData>
		<SimpleData name="ILI">Bursa</SimpleData>
		<SimpleData name="ILCESI">Merkez</SimpleData>
		<SimpleData name="IST_KOT">750</SimpleData>
		<SimpleData name="DURUMU">A</SimpleData>
		<SimpleData name="IST_AC">1988/01/09 00:00:00</SimpleData>
		<SimpleData name="CKS_BOYLAM">28:52:19</SimpleData>
		<SimpleData name="CKS_ENLEM">40:05:27</SimpleData>
		<SimpleData name="UTM_ZONE">35</SimpleData>
		<SimpleData name="UTMY">4439592</SimpleData>
		<SimpleData name="UTMX">659581</SimpleData>
		<SimpleData name="COORH_X">562787.375</SimpleData>
	</SchemaData></ExtendedData>
      <Point><coordinates>28.8714131319701,40.0898218146439</coordinates></Point>
  </Placemark>
  <Placemark id="cikti_dsimgi.83">
	<ExtendedData><SchemaData schemaUrl="#cikti_dsimgi">
		<SimpleData name="OBJECTID">83</SimpleData>
		<SimpleData name="HAVZA_NO">03</SimpleData>
		<SimpleData name="IST_NO">03-038</SimpleData>
		<SimpleData name="IST_AD">Umurlar</SimpleData>
		<SimpleData name="IST_TIP">MGI</SimpleData>
		<SimpleData name="BOLGE_NO">25</SimpleData>
		<SimpleData name="RASAT_TIP">Y</SimpleData>
		<SimpleData name="ILI">Balikesir</SimpleData>
		<SimpleData name="ILCESI">Sindirgi</SimpleData>
		<SimpleData name="IST_KOT">670</SimpleData>
		<SimpleData name="DURUMU">A</SimpleData>
		<SimpleData name="IST_AC">1990/11/15 00:00:00</SimpleData>
		<SimpleData name="P25_PNO">J20-b4</SimpleData>
		<SimpleData name="P100_PNO">J20</SimpleData>
		<SimpleData name="UTM_ZONE">35</SimpleData>
		<SimpleData name="UTMY">4352750</SimpleData>
		<SimpleData name="UTMX">611050</SimpleData>
		<SimpleData name="COORH_X">507355.59375</SimpleData>
	</SchemaData></ExtendedData>
      <Point><coordinates>28.2876840907839,39.3153555891425</coordinates></Point>
  </Placemark>
  <Placemark id="cikti_dsimgi.84">
	<ExtendedData><SchemaData schemaUrl="#cikti_dsimgi">
		<SimpleData name="OBJECTID">84</SimpleData>
		<SimpleData name="HAVZA_NO">03</SimpleData>
		<SimpleData name="IST_NO">03-040</SimpleData>
		<SimpleData name="IST_AD">Düvertepe-2</SimpleData>
		<SimpleData name="IST_TIP">MGI</SimpleData>
		<SimpleData name="BOLGE_NO">25</SimpleData>
		<SimpleData name="RASAT_TIP">Y</SimpleData>
		<SimpleData name="ILI">Balikesir</SimpleData>
		<SimpleData name="ILCESI">Sindirgi</SimpleData>
		<SimpleData name="IST_KOT">370</SimpleData>
		<SimpleData name="DURUMU">K</SimpleData>
		<SimpleData name="IST_AC">1962/04/23 00:00:00</SimpleData>
		<SimpleData name="IST_KAP">1994/08/31 00:00:00</SimpleData>
		<SimpleData name="P25_PNO">J20-c2</SimpleData>
		<SimpleData name="P100_PNO">J20</SimpleData>
		<SimpleData name="UTM_ZONE">35</SimpleData>
		<SimpleData name="UTMY">4341050</SimpleData>
		<SimpleData name="UTMX">624425</SimpleData>
		<SimpleData name="COORH_X">519754.875</SimpleData>
	</SchemaData></ExtendedData>
      <Point><coordinates>28.4406293249384,39.2081423902807</coordinates></Point>
  </Placemark>
  <Placemark id="cikti_dsimgi.85">
	<ExtendedData><SchemaData schemaUrl="#cikti_dsimgi">
		<SimpleData name="OBJECTID">85</SimpleData>
		<SimpleData name="HAVZA_NO">04</SimpleData>
		<SimpleData name="IST_NO">04-001</SimpleData>
		<SimpleData name="IST_AD">Babakaleköy</SimpleData>
		<SimpleData name="IST_TIP">MGI</SimpleData>
		<SimpleData name="BOLGE_NO">25</SimpleData>
		<SimpleData name="RASAT_TIP">YB</SimpleData>
		<SimpleData name="ILI">Çanakkale</SimpleData>
		<SimpleData name="ILCESI">Ayvacik</SimpleData>
		<SimpleData name="IST_KOT">20</SimpleData>
		<SimpleData name="DURUMU">K</SimpleData>
		<SimpleData name="IST_AC">1962/08/06 00:00:00</SimpleData>
		<SimpleData name="IST_KAP">1972/12/31 00:00:00</SimpleData>
		<SimpleData name="P25_PNO">J16-a1</SimpleData>
		<SimpleData name="UTM_ZONE">35</SimpleData>
		<SimpleData name="UTMY">4370625</SimpleData>
		<SimpleData name="UTMX">419725</SimpleData>
		<SimpleData name="COORH_X">317916.53125</SimpleData>
	</SchemaData></ExtendedData>
      <Point><coordinates>26.0661452841112,39.4797914548323</coordinates></Point>
  </Placemark>
  <Placemark id="cikti_dsimgi.86">
	<ExtendedData><SchemaData schemaUrl="#cikti_dsimgi">
		<SimpleData name="OBJECTID">86</SimpleData>
		<SimpleData name="HAVZA_NO">04</SimpleData>
		<SimpleData name="IST_NO">04-002</SimpleData>
		<SimpleData name="IST_AD">Evciler-1</SimpleData>
		<SimpleData name="IST_TIP">MGI</SimpleData>
		<SimpleData name="BOLGE_NO">25</SimpleData>
		<SimpleData name="RASAT_TIP">YB</SimpleData>
		<SimpleData name="ILI">Çanakkale</SimpleData>
		<SimpleData name="ILCESI">Bayramiç</SimpleData>
		<SimpleData name="IST_KOT">250</SimpleData>
		<SimpleData name="DURUMU">K</SimpleData>
		<SimpleData name="IST_AC">1961/06/16 00:00:00</SimpleData>
		<SimpleData name="IST_KAP">1972/08/15 00:00:00</SimpleData>
		<SimpleData name="P25_PNO">I17-b4</SimpleData>
		<SimpleData name="UTM_ZONE">35</SimpleData>
		<SimpleData name="UTMY">4403125</SimpleData>
		<SimpleData name="UTMX">480425</SimpleData>
		<SimpleData name="COORH_X">381136.34375</SimpleData>
	</SchemaData></ExtendedData>
      <Point><coordinates>26.7709393390618,39.7761518445764</coordinates></Point>
  </Placemark>
  <Placemark id="cikti_dsimgi.87">
	<ExtendedData><SchemaData schemaUrl="#cikti_dsimgi">
		<SimpleData name="OBJECTID">87</SimpleData>
		<SimpleData name="HAVZA_NO">04</SimpleData>
		<SimpleData name="IST_NO">04-003</SimpleData>
		<SimpleData name="IST_AD">Karaköy (Mudanya)</SimpleData>
		<SimpleData name="IST_TIP">MGI</SimpleData>
		<SimpleData name="BOLGE_NO">25</SimpleData>
		<SimpleData name="RASAT_TIP">Y</SimpleData>
		<SimpleData name="ILI">Çanakkale</SimpleData>
		<SimpleData name="ILCESI">Bayramiç</SimpleData>
		<SimpleData name="IST_KOT">320</SimpleData>
		<SimpleData name="DURUMU">A</SimpleData>
		<SimpleData name="IST_AC">1962/11/24 00:00:00</SimpleData>
		<SimpleData name="P25_PNO">I17-b3</SimpleData>
		<SimpleData name="UTM_ZONE">35</SimpleData>
		<SimpleData name="UTMY">4410075</SimpleData>
		<SimpleData name="UTMX">491350</SimpleData>
		<SimpleData name="COORH_X">392602.71875</SimpleData>
	</SchemaData></ExtendedData>
      <Point><coordinates>26.8984181952193,39.8389534055587</coordinates></Point>
  </Placemark>
  <Placemark id="cikti_dsimgi.88">
	<ExtendedData><SchemaData schemaUrl="#cikti_dsimgi">
		<SimpleData name="OBJECTID">88</SimpleData>
		<SimpleData name="HAVZA_NO">04</SimpleData>
		<SimpleData name="IST_NO">04-004</SimpleData>
		<SimpleData name="IST_AD">Bezirganlar</SimpleData>
		<SimpleData name="IST_TIP">MGI</SimpleData>
		<SimpleData name="BOLGE_NO">25</SimpleData>
		<SimpleData name="RASAT_TIP">YB</SimpleData>
		<SimpleData name="ILI">Çanakkale</SimpleData>
		<SimpleData name="ILCESI">Bayramiç</SimpleData>
		<SimpleData name="IST_KOT">185</SimpleData>
		<SimpleData name="DURUMU">A</SimpleData>
		<SimpleData name="IST_AC">1962/11/24 00:00:00</SimpleData>
		<SimpleData name="P25_PNO">I17-a2</SimpleData>
		<SimpleData name="UTM_ZONE">35</SimpleData>
		<SimpleData name="UTMY">4417900</SimpleData>
		<SimpleData name="UTMX">476275</SimpleData>
		<SimpleData name="COORH_X">378206.3125</SimpleData>
	</SchemaData></ExtendedData>
      <Point><coordinates>26.7219435198478,39.9091671306792</coordinates></Point>
  </Placemark>
  <Placemark id="cikti_dsimgi.89">
	<ExtendedData><SchemaData schemaUrl="#cikti_dsimgi">
		<SimpleData name="OBJECTID">89</SimpleData>
		<SimpleData name="HAVZA_NO">04</SimpleData>
		<SimpleData name="IST_NO">04-005</SimpleData>
		<SimpleData name="IST_AD">Kaleardi (Caber)</SimpleData>
		<SimpleData name="IST_TIP">MGI</SimpleData>
		<SimpleData name="BOLGE_NO">02</SimpleData>
		<SimpleData name="RASAT_TIP">YB</SimpleData>
		<SimpleData name="ILI">Izmir</SimpleData>
		<SimpleData name="ILCESI">Bergama</SimpleData>
		<SimpleData name="IST_KOT">185</SimpleData>
		<SimpleData name="DURUMU">K</SimpleData>
		<SimpleData name="IST_AC">1962/12/01 00:00:00</SimpleData>
		<SimpleData name="IST_KAP">1993/01/01 00:00:00</SimpleData>
		<SimpleData name="P25_PNO">J18-d2</SimpleData>
		<SimpleData name="UTM_ZONE">35</SimpleData>
		<SimpleData name="UTMY">4335750</SimpleData>
		<SimpleData name="UTMX">516750</SimpleData>
		<SimpleData name="COORH_X">411871</SimpleData>
	</SchemaData></ExtendedData>
      <Point><coordinates>27.1934198456621,39.1691307171636</coordinates></Point>
  </Placemark>
  <Placemark id="cikti_dsimgi.90">
	<ExtendedData><SchemaData schemaUrl="#cikti_dsimgi">
		<SimpleData name="OBJECTID">90</SimpleData>
		<SimpleData name="HAVZA_NO">04</SimpleData>
		<SimpleData name="IST_NO">04-006</SimpleData>
		<SimpleData name="IST_AD">Çitak</SimpleData>
		<SimpleData name="IST_TIP">MGI</SimpleData>
		<SimpleData name="BOLGE_NO">02</SimpleData>
		<SimpleData name="RASAT_TIP">YB</SimpleData>
		<SimpleData name="ILI">Izmir</SimpleData>
		<SimpleData name="ILCESI">Aliaga</SimpleData>
		<SimpleData name="IST_KOT">150</SimpleData>
		<SimpleData name="DURUMU">K</SimpleData>
		<SimpleData name="IST_AC">1962/12/13 00:00:00</SimpleData>
		<SimpleData name="IST_KAP">1994/01/01 00:00:00</SimpleData>
		<SimpleData name="P25_PNO">K18-a4</SimpleData>
		<SimpleData name="UTM_ZONE">35</SimpleData>
		<SimpleData name="UTMY">4290130</SimpleData>
		<SimpleData name="UTMX">505250</SimpleData>
		<SimpleData name="COORH_X">396664.78125</SimpleData>
	</SchemaData></ExtendedData>
      <Point><coordinates>27.0599495317898,38.7581776042623</coordinates></Point>
  </Placemark>
  <Placemark id="cikti_dsimgi.91">
	<ExtendedData><SchemaData schemaUrl="#cikti_dsimgi">
		<SimpleData name="OBJECTID">91</SimpleData>
		<SimpleData name="HAVZA_NO">04</SimpleData>
		<SimpleData name="IST_NO">04-007</SimpleData>
		<SimpleData name="IST_AD">Mahmudiye (Çamtepe)</SimpleData>
		<SimpleData name="IST_TIP">MGI</SimpleData>
		<SimpleData name="BOLGE_NO">02</SimpleData>
		<SimpleData name="RASAT_TIP">Y</SimpleData>
		<SimpleData name="ILI">Izmir</SimpleData>
		<SimpleData name="ILCESI">Bergama</SimpleData>
		<SimpleData name="IST_KOT">350</SimpleData>
		<SimpleData name="DURUMU">A</SimpleData>
		<SimpleData name="IST_AC">1962/12/01 00:00:00</SimpleData>
		<SimpleData name="P25_PNO">J18-d2</SimpleData>
		<SimpleData name="UTM_ZONE">35</SimpleData>
		<SimpleData name="UTMY">4341800</SimpleData>
		<SimpleData name="UTMX">519100</SimpleData>
		<SimpleData name="COORH_X">414710.15625</SimpleData>
	</SchemaData></ExtendedData>
      <Point><coordinates>27.2207937125529,39.223598559826</coordinates></Point>
  </Placemark>
  <Placemark id="cikti_dsimgi.92">
	<ExtendedData><SchemaData schemaUrl="#cikti_dsimgi">
		<SimpleData name="OBJECTID">92</SimpleData>
		<SimpleData name="HAVZA_NO">04</SimpleData>
		<SimpleData name="IST_NO">04-008</SimpleData>
		<SimpleData name="IST_AD">Kozak</SimpleData>
		<SimpleData name="IST_TIP">MGI</SimpleData>
		<SimpleData name="BOLGE_NO">02</SimpleData>
		<SimpleData name="RASAT_TIP">YB</SimpleData>
		<SimpleData name="ILI">Izmir</SimpleData>
		<SimpleData name="ILCESI">Bergama</SimpleData>
		<SimpleData name="IST_KOT">500</SimpleData>
		<SimpleData name="DURUMU">A</SimpleData>
		<SimpleData name="IST_AC">1962/12/01 00:00:00</SimpleData>
		<SimpleData name="P25_PNO">J18-d1</SimpleData>
		<SimpleData name="UTM_ZONE">35</SimpleData>
		<SimpleData name="UTMY">4344900</SimpleData>
		<SimpleData name="UTMX">508200</SimpleData>
		<SimpleData name="COORH_X">404085.8125</SimpleData>
	</SchemaData></ExtendedData>
      <Point><coordinates>27.0945557776975,39.2517032028802</coordinates></Point>
  </Placemark>
  <Placemark id="cikti_dsimgi.93">
	<ExtendedData><SchemaData schemaUrl="#cikti_dsimgi">
		<SimpleData name="OBJECTID">93</SimpleData>
		<SimpleData name="HAVZA_NO">04</SimpleData>
		<SimpleData name="IST_NO">04-009</SimpleData>
		<SimpleData name="IST_AD">Sarniçköy</SimpleData>
		<SimpleData name="IST_TIP">MGI</SimpleData>
		<SimpleData name="BOLGE_NO">25</SimpleData>
		<SimpleData name="RASAT_TIP">Y</SimpleData>
		<SimpleData name="ILI">Balikesir</SimpleData>
		<SimpleData name="ILCESI">Havran</SimpleData>
		<SimpleData name="IST_KOT">240</SimpleData>
		<SimpleData name="DURUMU">K</SimpleData>
		<SimpleData name="IST_AC">1965/09/20 00:00:00</SimpleData>
		<SimpleData name="IST_KAP">1972/12/31 00:00:00</SimpleData>
		<SimpleData name="P25_PNO">I18-d3</SimpleData>
		<SimpleData name="UTM_ZONE">35</SimpleData>
		<SimpleData name="UTMY">4382500</SimpleData>
		<SimpleData name="UTMX">516850</SimpleData>
		<SimpleData name="COORH_X">415787.59375</SimpleData>
	</SchemaData></ExtendedData>
      <Point><coordinates>27.1957497521462,39.5903772407605</coordinates></Point>
  </Placemark>
  <Placemark id="cikti_dsimgi.94">
	<ExtendedData><SchemaData schemaUrl="#cikti_dsimgi">
		<SimpleData name="OBJECTID">94</SimpleData>
		<SimpleData name="HAVZA_NO">04</SimpleData>
		<SimpleData name="IST_NO">04-011</SimpleData>
		<SimpleData name="IST_AD">Karahidirli</SimpleData>
		<SimpleData name="IST_TIP">MGI</SimpleData>
		<SimpleData name="BOLGE_NO">02</SimpleData>
		<SimpleData name="RASAT_TIP">YB</SimpleData>
		<SimpleData name="ILI">Izmir</SimpleData>
		<SimpleData name="ILCESI">Bergama</SimpleData>
		<SimpleData name="IST_KOT">130</SimpleData>
		<SimpleData name="DURUMU">A</SimpleData>
		<SimpleData name="IST_AC">1967/07/23 00:00:00</SimpleData>
		<SimpleData name="P25_PNO">J18-d3</SimpleData>
		<SimpleData name="UTM_ZONE">35</SimpleData>
		<SimpleData name="UTMY">4322900</SimpleData>
		<SimpleData name="UTMX">513300</SimpleData>
		<SimpleData name="COORH_X">407378.375</SimpleData>
	</SchemaData></ExtendedData>
      <Point><coordinates>27.1532321281139,39.0533975299457</coordinates></Point>
  </Placemark>
  <Placemark id="cikti_dsimgi.95">
	<ExtendedData><SchemaData schemaUrl="#cikti_dsimgi">
		<SimpleData name="OBJECTID">95</SimpleData>
		<SimpleData name="HAVZA_NO">04</SimpleData>
		<SimpleData name="IST_NO">04-012</SimpleData>
		<SimpleData name="IST_AD">Maldan</SimpleData>
		<SimpleData name="IST_TIP">MGI</SimpleData>
		<SimpleData name="BOLGE_NO">02</SimpleData>
		<SimpleData name="RASAT_TIP">Y</SimpleData>
		<SimpleData name="ILI">Manisa</SimpleData>
		<SimpleData name="ILCESI">Merkez</SimpleData>
		<SimpleData name="IST_KOT">450</SimpleData>
		<SimpleData name="DURUMU">A</SimpleData>
		<SimpleData name="IST_AC">1969/08/16 00:00:00</SimpleData>
		<SimpleData name="P25_PNO">K18-b4</SimpleData>
		<SimpleData name="UTM_ZONE">35</SimpleData>
		<SimpleData name="UTMY">4300200</SimpleData>
		<SimpleData name="UTMX">524200</SimpleData>
		<SimpleData name="COORH_X">416405.46875</SimpleData>
	</SchemaData></ExtendedData>
      <Point><coordinates>27.2784020242174,38.8486082820222</coordinates></Point>
  </Placemark>
  <Placemark id="cikti_dsimgi.96">
	<ExtendedData><SchemaData schemaUrl="#cikti_dsimgi">
		<SimpleData name="OBJECTID">96</SimpleData>
		<SimpleData name="HAVZA_NO">04</SimpleData>
		<SimpleData name="IST_NO">04-013</SimpleData>
		<SimpleData name="IST_AD">Yersilhisar</SimpleData>
		<SimpleData name="IST_TIP">MGI</SimpleData>
		<SimpleData name="BOLGE_NO">02</SimpleData>
		<SimpleData name="RASAT_TIP">YB</SimpleData>
		<SimpleData name="ILI">Balikesir</SimpleData>
		<SimpleData name="ILCESI">Savastepe</SimpleData>
		<SimpleData name="IST_KOT">255</SimpleData>
		<SimpleData name="DURUMU">A</SimpleData>
		<SimpleData name="IST_AC">1973/07/01 00:00:00</SimpleData>
		<SimpleData name="P25_PNO">J19-a4</SimpleData>
		<SimpleData name="UTM_ZONE">35</SimpleData>
		<SimpleData name="UTMY">4356300</SimpleData>
		<SimpleData name="UTMX">549500</SimpleData>
		<SimpleData name="COORH_X">446228.15625</SimpleData>
	</SchemaData></ExtendedData>
      <Point><coordinates>27.5740292487543,39.3530499438677</coordinates></Point>
  </Placemark>
  <Placemark id="cikti_dsimgi.97">
	<ExtendedData><SchemaData schemaUrl="#cikti_dsimgi">
		<SimpleData name="OBJECTID">97</SimpleData>
		<SimpleData name="HAVZA_NO">04</SimpleData>
		<SimpleData name="IST_NO">04-014</SimpleData>
		<SimpleData name="IST_AD">Kircalar</SimpleData>
		<SimpleData name="IST_TIP">MGI</SimpleData>
		<SimpleData name="BOLGE_NO">02</SimpleData>
		<SimpleData name="RASAT_TIP">Y</SimpleData>
		<SimpleData name="ILI">Izmir</SimpleData>
		<SimpleData name="ILCESI">Bergama</SimpleData>
		<SimpleData name="IST_KOT">310</SimpleData>
		<SimpleData name="DURUMU">A</SimpleData>
		<SimpleData name="IST_AC">1975/04/24 00:00:00</SimpleData>
		<SimpleData name="P25_PNO">J18-b4</SimpleData>
		<SimpleData name="UTM_ZONE">35</SimpleData>
		<SimpleData name="UTMY">4352800</SimpleData>
		<SimpleData name="UTMX">529100</SimpleData>
		<SimpleData name="COORH_X">425586.75</SimpleData>
	</SchemaData></ExtendedData>
      <Point><coordinates>27.3371157778602,39.3224394481263</coordinates></Point>
  </Placemark>
  <Placemark id="cikti_dsimgi.98">
	<ExtendedData><SchemaData schemaUrl="#cikti_dsimgi">
		<SimpleData name="OBJECTID">98</SimpleData>
		<SimpleData name="HAVZA_NO">04</SimpleData>
		<SimpleData name="IST_NO">04-015</SimpleData>
		<SimpleData name="IST_AD">Günesli (Tekkeköy)</SimpleData>
		<SimpleData name="IST_TIP">MGI</SimpleData>
		<SimpleData name="BOLGE_NO">25</SimpleData>
		<SimpleData name="RASAT_TIP">Y</SimpleData>
		<SimpleData name="ILI">Izmir</SimpleData>
		<SimpleData name="ILCESI">Bergama</SimpleData>
		<SimpleData name="IST_KOT">700</SimpleData>
		<SimpleData name="DURUMU">K</SimpleData>
		<SimpleData name="IST_AC">1979/08/08 00:00:00</SimpleData>
		<SimpleData name="IST_KAP">1995/05/08 00:00:00</SimpleData>
		<SimpleData name="P25_PNO">I18-a3</SimpleData>
		<SimpleData name="UTM_ZONE">35</SimpleData>
		<SimpleData name="UTMY">4355050</SimpleData>
		<SimpleData name="UTMX">510900</SimpleData>
		<SimpleData name="COORH_X">407609.34375</SimpleData>
	</SchemaData></ExtendedData>
      <Point><coordinates>27.1260111733166,39.3431334311809</coordinates></Point>
  </Placemark>
  <Placemark id="cikti_dsimgi.99">
	<ExtendedData><SchemaData schemaUrl="#cikti_dsimgi">
		<SimpleData name="OBJECTID">99</SimpleData>
		<SimpleData name="HAVZA_NO">04</SimpleData>
		<SimpleData name="IST_NO">04-016</SimpleData>
		<SimpleData name="IST_AD">Haciaslanlar</SimpleData>
		<SimpleData name="IST_TIP">MGI</SimpleData>
		<SimpleData name="BOLGE_NO">25</SimpleData>
		<SimpleData name="RASAT_TIP">YB</SimpleData>
		<SimpleData name="ILI">Balikesir</SimpleData>
		<SimpleData name="ILCESI">Edremit</SimpleData>
		<SimpleData name="IST_KOT">200</SimpleData>
		<SimpleData name="DURUMU">K</SimpleData>
		<SimpleData name="IST_AC">1981/09/01 00:00:00</SimpleData>
		<SimpleData name="IST_KAP">1995/05/08 00:00:00</SimpleData>
		<SimpleData name="P25_PNO">I18-d1</SimpleData>
		<SimpleData name="UTM_ZONE">35</SimpleData>
		<SimpleData name="UTMY">4389975</SimpleData>
		<SimpleData name="UTMX">506275</SimpleData>
		<SimpleData name="COORH_X">405848.0625</SimpleData>
	</SchemaData></ExtendedData>
      <Point><coordinates>27.0726662340329,39.6578714987796</coordinates></Point>
  </Placemark>
  <Placemark id="cikti_dsimgi.100">
	<ExtendedData><SchemaData schemaUrl="#cikti_dsimgi">
		<SimpleData name="OBJECTID">100</SimpleData>
		<SimpleData name="HAVZA_NO">04</SimpleData>
		<SimpleData name="IST_NO">04-017</SimpleData>
		<SimpleData name="IST_AD">Tuztasi</SimpleData>
		<SimpleData name="IST_TIP">MGI</SimpleData>
		<SimpleData name="BOLGE_NO">25</SimpleData>
		<SimpleData name="RASAT_TIP">YB</SimpleData>
		<SimpleData name="ILI">Çanakkale</SimpleData>
		<SimpleData name="ILCESI">Ayvacik</SimpleData>
		<SimpleData name="IST_KOT">550</SimpleData>
		<SimpleData name="DURUMU">A</SimpleData>
		<SimpleData name="IST_AC">1982/01/03 00:00:00</SimpleData>
		<SimpleData name="P25_PNO">I17-d1</SimpleData>
		<SimpleData name="UTM_ZONE">35</SimpleData>
		<SimpleData name="UTMY">4390775</SimpleData>
		<SimpleData name="UTMX">466325</SimpleData>
		<SimpleData name="COORH_X">366059.4375</SimpleData>
	</SchemaData></ExtendedData>
      <Point><coordinates>26.6069287641392,39.6644367547345</coordinates></Point>
  </Placemark>
  <Placemark id="cikti_dsimgi.101">
	<ExtendedData><SchemaData schemaUrl="#cikti_dsimgi">
		<SimpleData name="OBJECTID">101</SimpleData>
		<SimpleData name="HAVZA_NO">04</SimpleData>
		<SimpleData name="IST_NO">04-018</SimpleData>
		<SimpleData name="IST_AD">Güzelhisar Baraji</SimpleData>
		<SimpleData name="IST_TIP">MGI</SimpleData>
		<SimpleData name="BOLGE_NO">02</SimpleData>
		<SimpleData name="RASAT_TIP">YB</SimpleData>
		<SimpleData name="ILI">Izmir</SimpleData>
		<SimpleData name="ILCESI">Aliaga</SimpleData>
		<SimpleData name="IST_KOT">65</SimpleData>
		<SimpleData name="DURUMU">A</SimpleData>
		<SimpleData name="IST_AC">1982/01/01 00:00:00</SimpleData>
		<SimpleData name="P25_PNO">K18-a4</SimpleData>
		<SimpleData name="UTM_ZONE">35</SimpleData>
		<SimpleData name="UTMY">4293700</SimpleData>
		<SimpleData name="UTMX">506300</SimpleData>
		<SimpleData name="COORH_X">398004.90625</SimpleData>
	</SchemaData></ExtendedData>
      <Point><coordinates>27.0720665755644,38.7903423437454</coordinates></Point>
  </Placemark>
  <Placemark id="cikti_dsimgi.102">
	<ExtendedData><SchemaData schemaUrl="#cikti_dsimgi">
		<SimpleData name="OBJECTID">102</SimpleData>
		<SimpleData name="HAVZA_NO">04</SimpleData>
		<SimpleData name="IST_NO">04-019</SimpleData>
		<SimpleData name="IST_AD">Sevisler Baraji</SimpleData>
		<SimpleData name="IST_TIP">MGI</SimpleData>
		<SimpleData name="BOLGE_NO">02</SimpleData>
		<SimpleData name="RASAT_TIP">YB</SimpleData>
		<SimpleData name="ILI">Manisa</SimpleData>
		<SimpleData name="ILCESI">Soma</SimpleData>
		<SimpleData name="IST_KOT">130</SimpleData>
		<SimpleData name="DURUMU">A</SimpleData>
		<SimpleData name="IST_AC">1983/01/01 00:00:00</SimpleData>
		<SimpleData name="P25_PNO">J19-a4</SimpleData>
		<SimpleData name="UTM_ZONE">35</SimpleData>
		<SimpleData name="UTMY">4345500</SimpleData>
		<SimpleData name="UTMX">547900</SimpleData>
		<SimpleData name="COORH_X">443752.3125</SimpleData>
	</SchemaData></ExtendedData>
      <Point><coordinates>27.5546916174528,39.255827652443</coordinates></Point>
  </Placemark>
  <Placemark id="cikti_dsimgi.103">
	<ExtendedData><SchemaData schemaUrl="#cikti_dsimgi">
		<SimpleData name="OBJECTID">103</SimpleData>
		<SimpleData name="HAVZA_NO">05</SimpleData>
		<SimpleData name="IST_NO">05-001</SimpleData>
		<SimpleData name="IST_AD">Esmetasköyü</SimpleData>
		<SimpleData name="IST_TIP">MGI</SimpleData>
		<SimpleData name="BOLGE_NO">02</SimpleData>
		<SimpleData name="RASAT_TIP">Y</SimpleData>
		<SimpleData name="ILI">Usak</SimpleData>
		<SimpleData name="ILCESI">Esme</SimpleData>
		<SimpleData name="IST_KOT">930</SimpleData>
		<SimpleData name="DURUMU">A</SimpleData>
		<SimpleData name="IST_AC">1962/04/18 00:00:00</SimpleData>
		<SimpleData name="P25_PNO">L21-b4</SimpleData>
		<SimpleData name="UTM_ZONE">35</SimpleData>
		<SimpleData name="UTMY">4243900</SimpleData>
		<SimpleData name="UTMX">660600</SimpleData>
		<SimpleData name="COORH_X">548039.4375</SimpleData>
	</SchemaData></ExtendedData>
      <Point><coordinates>28.8368505465786,38.3271828715048</coordinates></Point>
  </Placemark>
  <Placemark id="cikti_dsimgi.104">
	<ExtendedData><SchemaData schemaUrl="#cikti_dsimgi">
		<SimpleData name="OBJECTID">104</SimpleData>
		<SimpleData name="HAVZA_NO">05</SimpleData>
		<SimpleData name="IST_NO">05-002</SimpleData>
		<SimpleData name="IST_AD">Hacirahmanli</SimpleData>
		<SimpleData name="IST_TIP">MGI</SimpleData>
		<SimpleData name="BOLGE_NO">02</SimpleData>
		<SimpleData name="RASAT_TIP">YB</SimpleData>
		<SimpleData name="ILI">Manisa</SimpleData>
		<SimpleData name="ILCESI">Saruhanli</SimpleData>
		<SimpleData name="IST_KOT">45</SimpleData>
		<SimpleData name="DURUMU">K</SimpleData>
		<SimpleData name="IST_AC">1961/10/03 00:00:00</SimpleData>
		<SimpleData name="IST_KAP">1997/10/08 00:00:00</SimpleData>
		<SimpleData name="P25_PNO">K19-a4</SimpleData>
		<SimpleData name="UTM_ZONE">35</SimpleData>
		<SimpleData name="UTMY">4289100</SimpleData>
		<SimpleData name="UTMX">552800</SimpleData>
		<SimpleData name="COORH_X">444053.3125</SimpleData>
	</SchemaData></ExtendedData>
      <Point><coordinates>27.6071223528253,38.7473348649455</coordinates></Point>
  </Placemark>
  <Placemark id="cikti_dsimgi.105">
	<ExtendedData><SchemaData schemaUrl="#cikti_dsimgi">
		<SimpleData name="OBJECTID">105</SimpleData>
		<SimpleData name="HAVZA_NO">05</SimpleData>
		<SimpleData name="IST_NO">05-003</SimpleData>
		<SimpleData name="IST_AD">Demirköprü Baraji</SimpleData>
		<SimpleData name="IST_TIP">MGI</SimpleData>
		<SimpleData name="BOLGE_NO">02</SimpleData>
		<SimpleData name="RASAT_TIP">YB</SimpleData>
		<SimpleData name="ILI">Manisa</SimpleData>
		<SimpleData name="ILCESI">Salihli</SimpleData>
		<SimpleData name="IST_KOT">290</SimpleData>
		<SimpleData name="DURUMU">A</SimpleData>
		<SimpleData name="IST_AC">1961/10/17 00:00:00</SimpleData>
		<SimpleData name="P25_PNO">K20-c4</SimpleData>
		<SimpleData name="UTM_ZONE">35</SimpleData>
		<SimpleData name="UTMY">4274900</SimpleData>
		<SimpleData name="UTMX">614400</SimpleData>
		<SimpleData name="COORH_X">504403.9375</SimpleData>
	</SchemaData></ExtendedData>
      <Point><coordinates>28.3135175403311,38.6135718070599</coordinates></Point>
  </Placemark>
  <Placemark id="cikti_dsimgi.106">
	<ExtendedData><SchemaData schemaUrl="#cikti_dsimgi">
		<SimpleData name="OBJECTID">106</SimpleData>
		<SimpleData name="HAVZA_NO">05</SimpleData>
		<SimpleData name="IST_NO">05-004</SimpleData>
		<SimpleData name="IST_AD">Göynükören</SimpleData>
		<SimpleData name="IST_TIP">MGI</SimpleData>
		<SimpleData name="BOLGE_NO">03</SimpleData>
		<SimpleData name="RASAT_TIP">Y</SimpleData>
		<SimpleData name="ILI">Kütahya</SimpleData>
		<SimpleData name="ILCESI">Gediz</SimpleData>
		<SimpleData name="IST_KOT">1020</SimpleData>
		<SimpleData name="DURUMU">A</SimpleData>
		<SimpleData name="IST_AC">1966/06/28 00:00:00</SimpleData>
		<SimpleData name="P25_PNO">K22-b4</SimpleData>
		<SimpleData name="UTM_ZONE">35</SimpleData>
		<SimpleData name="UTMY">4304626</SimpleData>
		<SimpleData name="UTMX">702085</SimpleData>
		<SimpleData name="COORH_X">594319</SimpleData>
	</SchemaData></ExtendedData>
      <Point><coordinates>29.3287398205362,38.8656018256776</coordinates></Point>
  </Placemark>
  <Placemark id="cikti_dsimgi.107">
	<ExtendedData><SchemaData schemaUrl="#cikti_dsimgi">
		<SimpleData name="OBJECTID">107</SimpleData>
		<SimpleData name="HAVZA_NO">12</SimpleData>
		<SimpleData name="IST_NO">05-005</SimpleData>
		<SimpleData name="IST_AD">Yagmurlar</SimpleData>
		<SimpleData name="IST_TIP">MGI</SimpleData>
		<SimpleData name="BOLGE_NO">03</SimpleData>
		<SimpleData name="RASAT_TIP">Y</SimpleData>
		<SimpleData name="ILI">Kütahya</SimpleData>
		<SimpleData name="ILCESI">Simav</SimpleData>
		<SimpleData name="IST_KOT">1020</SimpleData>
		<SimpleData name="DURUMU">K</SimpleData>
		<SimpleData name="IST_AC">1966/06/26 00:00:00</SimpleData>
		<SimpleData name="IST_KAP">1972/12/31 00:00:00</SimpleData>
		<SimpleData name="P25_PNO">J22-d3</SimpleData>
		<SimpleData name="UTM_ZONE">35</SimpleData>
		<SimpleData name="UTMY">4328328</SimpleData>
		<SimpleData name="UTMX">687413</SimpleData>
		<SimpleData name="COORH_X">581579.5</SimpleData>
	</SchemaData></ExtendedData>
      <Point><coordinates>29.1662432676827,39.082284948413</coordinates></Point>
  </Placemark>
  <Placemark id="cikti_dsimgi.108">
	<ExtendedData><SchemaData schemaUrl="#cikti_dsimgi">
		<SimpleData name="OBJECTID">108</SimpleData>
		<SimpleData name="HAVZA_NO">05</SimpleData>
		<SimpleData name="IST_NO">05-006</SimpleData>
		<SimpleData name="IST_AD">Dindarli</SimpleData>
		<SimpleData name="IST_TIP">MGI</SimpleData>
		<SimpleData name="BOLGE_NO">02</SimpleData>
		<SimpleData name="RASAT_TIP">Y</SimpleData>
		<SimpleData name="ILI">Manisa</SimpleData>
		<SimpleData name="ILCESI">Alasehir</SimpleData>
		<SimpleData name="IST_KOT">685</SimpleData>
		<SimpleData name="DURUMU">A</SimpleData>
		<SimpleData name="IST_AC">1962/04/16 00:00:00</SimpleData>
		<SimpleData name="P25_PNO">L21-d2</SimpleData>
		<SimpleData name="UTM_ZONE">35</SimpleData>
		<SimpleData name="UTMY">4225800</SimpleData>
		<SimpleData name="UTMX">649700</SimpleData>
		<SimpleData name="COORH_X">535700.375</SimpleData>
	</SchemaData></ExtendedData>
      <Point><coordinates>28.7083823330884,38.1660166160618</coordinates></Point>
  </Placemark>
  <Placemark id="cikti_dsimgi.109">
	<ExtendedData><SchemaData schemaUrl="#cikti_dsimgi">
		<SimpleData name="OBJECTID">109</SimpleData>
		<SimpleData name="HAVZA_NO">05</SimpleData>
		<SimpleData name="IST_NO">05-007</SimpleData>
		<SimpleData name="IST_AD">Üçpinar</SimpleData>
		<SimpleData name="IST_TIP">MGI</SimpleData>
		<SimpleData name="BOLGE_NO">02</SimpleData>
		<SimpleData name="RASAT_TIP">Y</SimpleData>
		<SimpleData name="ILI">Manisa</SimpleData>
		<SimpleData name="ILCESI">Merkez</SimpleData>
		<SimpleData name="IST_KOT">100</SimpleData>
		<SimpleData name="DURUMU">A</SimpleData>
		<SimpleData name="IST_AC">1961/10/03 00:00:00</SimpleData>
		<SimpleData name="P25_PNO">K18-c1</SimpleData>
		<SimpleData name="UTM_ZONE">35</SimpleData>
		<SimpleData name="UTMY">4287600</SimpleData>
		<SimpleData name="UTMX">531600</SimpleData>
		<SimpleData name="COORH_X">422765.46875</SimpleData>
	</SchemaData></ExtendedData>
      <Point><coordinates>27.3631007989794,38.734829829989</coordinates></Point>
  </Placemark>
  <Placemark id="cikti_dsimgi.110">
	<ExtendedData><SchemaData schemaUrl="#cikti_dsimgi">
		<SimpleData name="OBJECTID">110</SimpleData>
		<SimpleData name="HAVZA_NO">05</SimpleData>
		<SimpleData name="IST_NO">05-008</SimpleData>
		<SimpleData name="IST_AD">Sarilar</SimpleData>
		<SimpleData name="IST_TIP">MGI</SimpleData>
		<SimpleData name="BOLGE_NO">02</SimpleData>
		<SimpleData name="RASAT_TIP">YB</SimpleData>
		<SimpleData name="ILI">Manisa</SimpleData>
		<SimpleData name="ILCESI">Akhisar</SimpleData>
		<SimpleData name="IST_KOT">340</SimpleData>
		<SimpleData name="DURUMU">A</SimpleData>
		<SimpleData name="IST_AC">1962/04/12 00:00:00</SimpleData>
		<SimpleData name="P25_PNO">J20-d4</SimpleData>
		<SimpleData name="UTM_ZONE">35</SimpleData>
		<SimpleData name="UTMY">4329500</SimpleData>
		<SimpleData name="UTMX">586500</SimpleData>
		<SimpleData name="COORH_X">480973.46875</SimpleData>
	</SchemaData></ExtendedData>
      <Point><coordinates>27.9999789470684,39.1086839513819</coordinates></Point>
  </Placemark>
  <Placemark id="cikti_dsimgi.111">
	<ExtendedData><SchemaData schemaUrl="#cikti_dsimgi">
		<SimpleData name="OBJECTID">111</SimpleData>
		<SimpleData name="HAVZA_NO">05</SimpleData>
		<SimpleData name="IST_NO">05-009</SimpleData>
		<SimpleData name="IST_AD">Süleymanköy</SimpleData>
		<SimpleData name="IST_TIP">MGI</SimpleData>
		<SimpleData name="BOLGE_NO">02</SimpleData>
		<SimpleData name="RASAT_TIP">Y</SimpleData>
		<SimpleData name="ILI">Manisa</SimpleData>
		<SimpleData name="ILCESI">Akhisar</SimpleData>
		<SimpleData name="IST_KOT">240</SimpleData>
		<SimpleData name="DURUMU">K</SimpleData>
		<SimpleData name="IST_AC">1962/10/14 00:00:00</SimpleData>
		<SimpleData name="IST_KAP">1997/10/08 00:00:00</SimpleData>
		<SimpleData name="P25_PNO">K19-a1</SimpleData>
		<SimpleData name="UTM_ZONE">35</SimpleData>
		<SimpleData name="UTMY">4315600</SimpleData>
		<SimpleData name="UTMX">551800</SimpleData>
		<SimpleData name="COORH_X">445211.03125</SimpleData>
	</SchemaData></ExtendedData>
      <Point><coordinates>27.5976109697359,38.9861860362739</coordinates></Point>
  </Placemark>
  <Placemark id="cikti_dsimgi.112">
	<ExtendedData><SchemaData schemaUrl="#cikti_dsimgi">
		<SimpleData name="OBJECTID">112</SimpleData>
		<SimpleData name="HAVZA_NO">05</SimpleData>
		<SimpleData name="IST_NO">05-010</SimpleData>
		<SimpleData name="IST_AD">Hanya (Günesli)</SimpleData>
		<SimpleData name="IST_TIP">MGI</SimpleData>
		<SimpleData name="BOLGE_NO">02</SimpleData>
		<SimpleData name="RASAT_TIP">YB</SimpleData>
		<SimpleData name="ILI">Manisa</SimpleData>
		<SimpleData name="ILCESI">Gördes</SimpleData>
		<SimpleData name="IST_KOT">640</SimpleData>
		<SimpleData name="DURUMU">A</SimpleData>
		<SimpleData name="IST_AC">1961/10/15 00:00:00</SimpleData>
		<SimpleData name="P25_PNO">J20-c3</SimpleData>
		<SimpleData name="UTM_ZONE">35</SimpleData>
		<SimpleData name="UTMY">4322000</SimpleData>
		<SimpleData name="UTMX">623600</SimpleData>
		<SimpleData name="COORH_X">517392.15625</SimpleData>
	</SchemaData></ExtendedData>
      <Point><coordinates>28.4276085305367,39.0366519821715</coordinates></Point>
  </Placemark>
  <Placemark id="cikti_dsimgi.113">
	<ExtendedData><SchemaData schemaUrl="#cikti_dsimgi">
		<SimpleData name="OBJECTID">113</SimpleData>
		<SimpleData name="HAVZA_NO">05</SimpleData>
		<SimpleData name="IST_NO">05-011</SimpleData>
		<SimpleData name="IST_AD">Kavakalan</SimpleData>
		<SimpleData name="IST_TIP">MGI</SimpleData>
		<SimpleData name="BOLGE_NO">02</SimpleData>
		<SimpleData name="RASAT_TIP">YB</SimpleData>
		<SimpleData name="ILI">Manisa</SimpleData>
		<SimpleData name="ILCESI">Akhisar</SimpleData>
		<SimpleData name="IST_KOT">460</SimpleData>
		<SimpleData name="DURUMU">A</SimpleData>
		<SimpleData name="IST_AC">1962/04/21 00:00:00</SimpleData>
		<SimpleData name="P25_PNO">J20-c3</SimpleData>
		<SimpleData name="UTM_ZONE">35</SimpleData>
		<SimpleData name="UTMY">4322000</SimpleData>
		<SimpleData name="UTMX">623600</SimpleData>
		<SimpleData name="COORH_X">517392.15625</SimpleData>
	</SchemaData></ExtendedData>
      <Point><coordinates>28.4276085305367,39.0366519821715</coordinates></Point>
  </Placemark>
  <Placemark id="cikti_dsimgi.114">
	<ExtendedData><SchemaData schemaUrl="#cikti_dsimgi">
		<SimpleData name="OBJECTID">114</SimpleData>
		<SimpleData name="HAVZA_NO">05</SimpleData>
		<SimpleData name="IST_NO">05-012</SimpleData>
		<SimpleData name="IST_AD">Fakili</SimpleData>
		<SimpleData name="IST_TIP">MGI</SimpleData>
		<SimpleData name="BOLGE_NO">02</SimpleData>
		<SimpleData name="RASAT_TIP">Y</SimpleData>
		<SimpleData name="ILI">Usak</SimpleData>
		<SimpleData name="ILCESI">Esme</SimpleData>
		<SimpleData name="IST_KOT">715</SimpleData>
		<SimpleData name="DURUMU">A</SimpleData>
		<SimpleData name="IST_AC">1962/05/04 00:00:00</SimpleData>
		<SimpleData name="P25_PNO">K22-d4</SimpleData>
		<SimpleData name="UTM_ZONE">35</SimpleData>
		<SimpleData name="UTMY">4275300</SimpleData>
		<SimpleData name="UTMX">679300</SimpleData>
		<SimpleData name="COORH_X">569228.5</SimpleData>
	</SchemaData></ExtendedData>
      <Point><coordinates>29.058691879076,38.606436623316</coordinates></Point>
  </Placemark>
  <Placemark id="cikti_dsimgi.115">
	<ExtendedData><SchemaData schemaUrl="#cikti_dsimgi">
		<SimpleData name="OBJECTID">115</SimpleData>
		<SimpleData name="HAVZA_NO">05</SimpleData>
		<SimpleData name="IST_NO">05-013</SimpleData>
		<SimpleData name="IST_AD">Yukari Poyraz</SimpleData>
		<SimpleData name="IST_TIP">MGI</SimpleData>
		<SimpleData name="BOLGE_NO">02</SimpleData>
		<SimpleData name="RASAT_TIP">Y</SimpleData>
		<SimpleData name="ILI">Manisa</SimpleData>
		<SimpleData name="ILCESI">Salihli</SimpleData>
		<SimpleData name="IST_KOT">630</SimpleData>
		<SimpleData name="DURUMU">A</SimpleData>
		<SimpleData name="IST_AC">1961/10/09 00:00:00</SimpleData>
		<SimpleData name="P25_PNO">K20-d2</SimpleData>
		<SimpleData name="UTM_ZONE">35</SimpleData>
		<SimpleData name="UTMY">4282800</SimpleData>
		<SimpleData name="UTMX">603900</SimpleData>
		<SimpleData name="COORH_X">494559.3125</SimpleData>
	</SchemaData></ExtendedData>
      <Point><coordinates>28.1941217303915,38.6860413410817</coordinates></Point>
  </Placemark>
  <Placemark id="cikti_dsimgi.116">
	<ExtendedData><SchemaData schemaUrl="#cikti_dsimgi">
		<SimpleData name="OBJECTID">116</SimpleData>
		<SimpleData name="HAVZA_NO">05</SimpleData>
		<SimpleData name="IST_NO">05-014</SimpleData>
		<SimpleData name="IST_AD">Doganlar</SimpleData>
		<SimpleData name="IST_TIP">MGI</SimpleData>
		<SimpleData name="BOLGE_NO">02</SimpleData>
		<SimpleData name="RASAT_TIP">Y</SimpleData>
		<SimpleData name="ILI">Manisa</SimpleData>
		<SimpleData name="ILCESI">Salihli</SimpleData>
		<SimpleData name="IST_KOT">650</SimpleData>
		<SimpleData name="DURUMU">A</SimpleData>
		<SimpleData name="IST_AC">1970/09/14 00:00:00</SimpleData>
		<SimpleData name="P25_PNO">L20-a2</SimpleData>
		<SimpleData name="UTM_ZONE">35</SimpleData>
		<SimpleData name="UTMY">4252600</SimpleData>
		<SimpleData name="UTMX">608800</SimpleData>
		<SimpleData name="COORH_X">497010.8125</SimpleData>
	</SchemaData></ExtendedData>
      <Point><coordinates>28.2457435090668,38.4133550158618</coordinates></Point>
  </Placemark>
  <Placemark id="cikti_dsimgi.117">
	<ExtendedData><SchemaData schemaUrl="#cikti_dsimgi">
		<SimpleData name="OBJECTID">117</SimpleData>
		<SimpleData name="HAVZA_NO">05</SimpleData>
		<SimpleData name="IST_NO">05-015</SimpleData>
		<SimpleData name="IST_AD">Çinardibi</SimpleData>
		<SimpleData name="IST_TIP">MGI</SimpleData>
		<SimpleData name="BOLGE_NO">02</SimpleData>
		<SimpleData name="RASAT_TIP">Y</SimpleData>
		<SimpleData name="ILI">Izmir</SimpleData>
		<SimpleData name="ILCESI">Bayindir</SimpleData>
		<SimpleData name="IST_KOT">705</SimpleData>
		<SimpleData name="DURUMU">A</SimpleData>
		<SimpleData name="IST_AC">1961/09/09 00:00:00</SimpleData>
		<SimpleData name="P25_PNO">L19-a4</SimpleData>
		<SimpleData name="UTM_ZONE">35</SimpleData>
		<SimpleData name="UTMY">4238400</SimpleData>
		<SimpleData name="UTMX">545500</SimpleData>
		<SimpleData name="COORH_X">432638.15625</SimpleData>
	</SchemaData></ExtendedData>
      <Point><coordinates>27.5198253096759,38.290849242594</coordinates></Point>
  </Placemark>
  <Placemark id="cikti_dsimgi.118">
	<ExtendedData><SchemaData schemaUrl="#cikti_dsimgi">
		<SimpleData name="OBJECTID">118</SimpleData>
		<SimpleData name="HAVZA_NO">05</SimpleData>
		<SimpleData name="IST_NO">05-016</SimpleData>
		<SimpleData name="IST_AD">Kiransih</SimpleData>
		<SimpleData name="IST_TIP">MGI</SimpleData>
		<SimpleData name="BOLGE_NO">02</SimpleData>
		<SimpleData name="RASAT_TIP">Y</SimpleData>
		<SimpleData name="ILI">Manisa</SimpleData>
		<SimpleData name="ILCESI">Gördes</SimpleData>
		<SimpleData name="IST_KOT">670</SimpleData>
		<SimpleData name="DURUMU">A</SimpleData>
		<SimpleData name="IST_AC">1961/10/09 00:00:00</SimpleData>
		<SimpleData name="P25_PNO">K20-b4</SimpleData>
		<SimpleData name="UTM_ZONE">35</SimpleData>
		<SimpleData name="UTMY">4296900</SimpleData>
		<SimpleData name="UTMX">616400</SimpleData>
		<SimpleData name="COORH_X">508177.84375</SimpleData>
	</SchemaData></ExtendedData>
      <Point><coordinates>28.3401796637777,38.8115159249845</coordinates></Point>
  </Placemark>
  <Placemark id="cikti_dsimgi.119">
	<ExtendedData><SchemaData schemaUrl="#cikti_dsimgi">
		<SimpleData name="OBJECTID">119</SimpleData>
		<SimpleData name="HAVZA_NO">05</SimpleData>
		<SimpleData name="IST_NO">05-018</SimpleData>
		<SimpleData name="IST_AD">Icikler</SimpleData>
		<SimpleData name="IST_TIP">MGI</SimpleData>
		<SimpleData name="BOLGE_NO">02</SimpleData>
		<SimpleData name="RASAT_TIP">Y</SimpleData>
		<SimpleData name="ILI">Manisa</SimpleData>
		<SimpleData name="ILCESI">Demirci</SimpleData>
		<SimpleData name="IST_KOT">710</SimpleData>
		<SimpleData name="DURUMU">A</SimpleData>
		<SimpleData name="IST_AC">1961/10/14 00:00:00</SimpleData>
		<SimpleData name="P25_PNO">K21-a4</SimpleData>
		<SimpleData name="UTM_ZONE">35</SimpleData>
		<SimpleData name="UTMY">4295200</SimpleData>
		<SimpleData name="UTMX">638700</SimpleData>
		<SimpleData name="COORH_X">530300.625</SimpleData>
	</SchemaData></ExtendedData>
      <Point><coordinates>28.5965961062613,38.79297453143</coordinates></Point>
  </Placemark>
  <Placemark id="cikti_dsimgi.120">
	<ExtendedData><SchemaData schemaUrl="#cikti_dsimgi">
		<SimpleData name="OBJECTID">120</SimpleData>
		<SimpleData name="HAVZA_NO">05</SimpleData>
		<SimpleData name="IST_NO">05-020</SimpleData>
		<SimpleData name="IST_AD">Ören</SimpleData>
		<SimpleData name="IST_TIP">MGI</SimpleData>
		<SimpleData name="BOLGE_NO">02</SimpleData>
		<SimpleData name="RASAT_TIP">Y</SimpleData>
		<SimpleData name="ILI">Izmir</SimpleData>
		<SimpleData name="ILCESI">Kiraz</SimpleData>
		<SimpleData name="IST_KOT">940</SimpleData>
		<SimpleData name="DURUMU">A</SimpleData>
		<SimpleData name="IST_AC">1961/08/10 00:00:00</SimpleData>
		<SimpleData name="P25_PNO">L20-c2</SimpleData>
		<SimpleData name="UTM_ZONE">35</SimpleData>
		<SimpleData name="UTMY">4232500</SimpleData>
		<SimpleData name="UTMX">624300</SimpleData>
		<SimpleData name="COORH_X">510869.3125</SimpleData>
	</SchemaData></ExtendedData>
      <Point><coordinates>28.4196991275737,38.2302415513234</coordinates></Point>
  </Placemark>
  <Placemark id="cikti_dsimgi.121">
	<ExtendedData><SchemaData schemaUrl="#cikti_dsimgi">
		<SimpleData name="OBJECTID">121</SimpleData>
		<SimpleData name="HAVZA_NO">05</SimpleData>
		<SimpleData name="IST_NO">05-021</SimpleData>
		<SimpleData name="IST_AD">Bozdag</SimpleData>
		<SimpleData name="IST_TIP">MGI</SimpleData>
		<SimpleData name="BOLGE_NO">02</SimpleData>
		<SimpleData name="RASAT_TIP">Y</SimpleData>
		<SimpleData name="ILI">Izmir</SimpleData>
		<SimpleData name="ILCESI">Ödemis</SimpleData>
		<SimpleData name="IST_KOT">1150</SimpleData>
		<SimpleData name="DURUMU">A</SimpleData>
		<SimpleData name="IST_AC">1961/08/16 00:00:00</SimpleData>
		<SimpleData name="P25_PNO">L20-a4</SimpleData>
		<SimpleData name="UTM_ZONE">35</SimpleData>
		<SimpleData name="UTMY">4344300</SimpleData>
		<SimpleData name="UTMX">594200</SimpleData>
		<SimpleData name="COORH_X">489857.625</SimpleData>
	</SchemaData></ExtendedData>
      <Point><coordinates>28.0910812560562,39.2412252881565</coordinates></Point>
  </Placemark>
  <Placemark id="cikti_dsimgi.122">
	<ExtendedData><SchemaData schemaUrl="#cikti_dsimgi">
		<SimpleData name="OBJECTID">122</SimpleData>
		<SimpleData name="HAVZA_NO">05</SimpleData>
		<SimpleData name="IST_NO">05-022</SimpleData>
		<SimpleData name="IST_AD">Besyol</SimpleData>
		<SimpleData name="IST_TIP">MGI</SimpleData>
		<SimpleData name="BOLGE_NO">02</SimpleData>
		<SimpleData name="RASAT_TIP">YB</SimpleData>
		<SimpleData name="ILI">Izmir</SimpleData>
		<SimpleData name="ILCESI">Bornova</SimpleData>
		<SimpleData name="IST_KOT">530</SimpleData>
		<SimpleData name="DURUMU">A</SimpleData>
		<SimpleData name="IST_AC">1970/09/08 00:00:00</SimpleData>
		<SimpleData name="P25_PNO">K18-c4</SimpleData>
		<SimpleData name="UTM_ZONE">35</SimpleData>
		<SimpleData name="UTMY">4265300</SimpleData>
		<SimpleData name="UTMX">525600</SimpleData>
		<SimpleData name="COORH_X">414955.78125</SimpleData>
	</SchemaData></ExtendedData>
      <Point><coordinates>27.2932489699995,38.534061820833</coordinates></Point>
  </Placemark>
  <Placemark id="cikti_dsimgi.123">
	<ExtendedData><SchemaData schemaUrl="#cikti_dsimgi">
		<SimpleData name="OBJECTID">123</SimpleData>
		<SimpleData name="HAVZA_NO">05</SimpleData>
		<SimpleData name="IST_NO">05-023</SimpleData>
		<SimpleData name="IST_AD">Marmara Regülatörü</SimpleData>
		<SimpleData name="IST_TIP">MGI</SimpleData>
		<SimpleData name="BOLGE_NO">02</SimpleData>
		<SimpleData name="RASAT_TIP">YB</SimpleData>
		<SimpleData name="ILI">Manisa</SimpleData>
		<SimpleData name="ILCESI">Salihli</SimpleData>
		<SimpleData name="IST_KOT">75</SimpleData>
		<SimpleData name="DURUMU">A</SimpleData>
		<SimpleData name="IST_AC">1961/10/07 00:00:00</SimpleData>
		<SimpleData name="P25_PNO">K20-d4</SimpleData>
		<SimpleData name="UTM_ZONE">35</SimpleData>
		<SimpleData name="UTMY">4272300</SimpleData>
		<SimpleData name="UTMX">591500</SimpleData>
		<SimpleData name="COORH_X">481329.03125</SimpleData>
	</SchemaData></ExtendedData>
      <Point><coordinates>28.0501943631483,38.5928014088007</coordinates></Point>
  </Placemark>
  <Placemark id="cikti_dsimgi.124">
	<ExtendedData><SchemaData schemaUrl="#cikti_dsimgi">
		<SimpleData name="OBJECTID">124</SimpleData>
		<SimpleData name="HAVZA_NO">05</SimpleData>
		<SimpleData name="IST_NO">05-026</SimpleData>
		<SimpleData name="IST_AD">Avsar Baraji</SimpleData>
		<SimpleData name="IST_TIP">MGI</SimpleData>
		<SimpleData name="BOLGE_NO">02</SimpleData>
		<SimpleData name="RASAT_TIP">YB</SimpleData>
		<SimpleData name="ILI">Manisa</SimpleData>
		<SimpleData name="ILCESI">Alasehir</SimpleData>
		<SimpleData name="IST_KOT">275</SimpleData>
		<SimpleData name="DURUMU">A</SimpleData>
		<SimpleData name="IST_AC">1980/05/01 00:00:00</SimpleData>
		<SimpleData name="P25_PNO">L21-d1</SimpleData>
		<SimpleData name="UTM_ZONE">35</SimpleData>
		<SimpleData name="UTMY">4234500</SimpleData>
		<SimpleData name="UTMX">639900</SimpleData>
		<SimpleData name="COORH_X">526611.4375</SimpleData>
	</SchemaData></ExtendedData>
      <Point><coordinates>28.5982683405383,38.2459688390121</coordinates></Point>
  </Placemark>
  <Placemark id="cikti_dsimgi.125">
	<ExtendedData><SchemaData schemaUrl="#cikti_dsimgi">
		<SimpleData name="OBJECTID">125</SimpleData>
		<SimpleData name="HAVZA_NO">05</SimpleData>
		<SimpleData name="IST_NO">05-027</SimpleData>
		<SimpleData name="IST_AD">Buldan Baraji</SimpleData>
		<SimpleData name="IST_TIP">MGI</SimpleData>
		<SimpleData name="BOLGE_NO">02</SimpleData>
		<SimpleData name="RASAT_TIP">YB</SimpleData>
		<SimpleData name="ILI">Denizli</SimpleData>
		<SimpleData name="ILCESI">Buldan</SimpleData>
		<SimpleData name="IST_KOT">470</SimpleData>
		<SimpleData name="DURUMU">A</SimpleData>
		<SimpleData name="IST_AC">1967/11/24 00:00:00</SimpleData>
		<SimpleData name="P25_PNO">L21-c1</SimpleData>
		<SimpleData name="UTM_ZONE">35</SimpleData>
		<SimpleData name="UTMY">4225200</SimpleData>
		<SimpleData name="UTMX">661600</SimpleData>
		<SimpleData name="COORH_X">547538.0625</SimpleData>
	</SchemaData></ExtendedData>
      <Point><coordinates>28.8440242170272,38.1585577026995</coordinates></Point>
  </Placemark>
  <Placemark id="cikti_dsimgi.126">
	<ExtendedData><SchemaData schemaUrl="#cikti_dsimgi">
		<SimpleData name="OBJECTID">126</SimpleData>
		<SimpleData name="HAVZA_NO">05</SimpleData>
		<SimpleData name="IST_NO">05-028</SimpleData>
		<SimpleData name="IST_AD">Heybeli</SimpleData>
		<SimpleData name="IST_TIP">MGI</SimpleData>
		<SimpleData name="BOLGE_NO">02</SimpleData>
		<SimpleData name="RASAT_TIP">YB</SimpleData>
		<SimpleData name="ILI">Manisa</SimpleData>
		<SimpleData name="ILCESI">Saruhanli</SimpleData>
		<SimpleData name="IST_KOT">230</SimpleData>
		<SimpleData name="DURUMU">K</SimpleData>
		<SimpleData name="IST_AC">1971/07/14 00:00:00</SimpleData>
		<SimpleData name="IST_KAP">1995/01/01 00:00:00</SimpleData>
		<SimpleData name="P25_PNO">K19-c1</SimpleData>
		<SimpleData name="UTM_ZONE">35</SimpleData>
		<SimpleData name="UTMY">4279800</SimpleData>
		<SimpleData name="UTMX">567600</SimpleData>
		<SimpleData name="COORH_X">458073.90625</SimpleData>
	</SchemaData></ExtendedData>
      <Point><coordinates>27.7765137524375,38.6625248563904</coordinates></Point>
  </Placemark>
  <Placemark id="cikti_dsimgi.127">
	<ExtendedData><SchemaData schemaUrl="#cikti_dsimgi">
		<SimpleData name="OBJECTID">127</SimpleData>
		<SimpleData name="HAVZA_NO">06</SimpleData>
		<SimpleData name="IST_NO">06-002</SimpleData>
		<SimpleData name="IST_AD">Reisdere</SimpleData>
		<SimpleData name="IST_TIP">MGI</SimpleData>
		<SimpleData name="BOLGE_NO">02</SimpleData>
		<SimpleData name="RASAT_TIP">YB</SimpleData>
		<SimpleData name="ILI">Izmir</SimpleData>
		<SimpleData name="ILCESI">Çesme</SimpleData>
		<SimpleData name="IST_KOT">40</SimpleData>
		<SimpleData name="DURUMU">A</SimpleData>
		<SimpleData name="IST_AC">1970/12/01 00:00:00</SimpleData>
		<SimpleData name="P25_PNO">L16-b3</SimpleData>
		<SimpleData name="UTM_ZONE">35</SimpleData>
		<SimpleData name="UTMY">4246500</SimpleData>
		<SimpleData name="UTMX">449100</SimpleData>
		<SimpleData name="COORH_X">337018.25</SimpleData>
	</SchemaData></ExtendedData>
      <Point><coordinates>26.4169027219598,38.3635496743695</coordinates></Point>
  </Placemark>
  <Placemark id="cikti_dsimgi.128">
	<ExtendedData><SchemaData schemaUrl="#cikti_dsimgi">
		<SimpleData name="OBJECTID">128</SimpleData>
		<SimpleData name="HAVZA_NO">06</SimpleData>
		<SimpleData name="IST_NO">06-003</SimpleData>
		<SimpleData name="IST_AD">Arapdere</SimpleData>
		<SimpleData name="IST_TIP">MGI</SimpleData>
		<SimpleData name="BOLGE_NO">02</SimpleData>
		<SimpleData name="RASAT_TIP">Y</SimpleData>
		<SimpleData name="ILI">Izmir</SimpleData>
		<SimpleData name="ILCESI">Bornova</SimpleData>
		<SimpleData name="IST_KOT">220</SimpleData>
		<SimpleData name="DURUMU">K</SimpleData>
		<SimpleData name="IST_AC">1974/06/01 00:00:00</SimpleData>
		<SimpleData name="IST_KAP">1997/10/08 00:00:00</SimpleData>
		<SimpleData name="P25_PNO">L18-a2</SimpleData>
		<SimpleData name="UTM_ZONE">35</SimpleData>
		<SimpleData name="UTMY">4248100</SimpleData>
		<SimpleData name="UTMX">520900</SimpleData>
		<SimpleData name="COORH_X">408858.3125</SimpleData>
	</SchemaData></ExtendedData>
      <Point><coordinates>27.2388127715892,38.3791769500145</coordinates></Point>
  </Placemark>
  <Placemark id="cikti_dsimgi.129">
	<ExtendedData><SchemaData schemaUrl="#cikti_dsimgi">
		<SimpleData name="OBJECTID">129</SimpleData>
		<SimpleData name="HAVZA_NO">06</SimpleData>
		<SimpleData name="IST_NO">06-004</SimpleData>
		<SimpleData name="IST_AD">Beyler</SimpleData>
		<SimpleData name="IST_TIP">MGI</SimpleData>
		<SimpleData name="BOLGE_NO">02</SimpleData>
		<SimpleData name="RASAT_TIP">YB</SimpleData>
		<SimpleData name="ILI">Izmir</SimpleData>
		<SimpleData name="ILCESI">Seferihisar</SimpleData>
		<SimpleData name="IST_KOT">340</SimpleData>
		<SimpleData name="DURUMU">K</SimpleData>
		<SimpleData name="IST_AC">1975/09/25 00:00:00</SimpleData>
		<SimpleData name="IST_KAP">1997/10/08 00:00:00</SimpleData>
		<SimpleData name="P25_PNO">L17-c2</SimpleData>
		<SimpleData name="UTM_ZONE">35</SimpleData>
		<SimpleData name="UTMY">4231300</SimpleData>
		<SimpleData name="UTMX">493600</SimpleData>
		<SimpleData name="COORH_X">380216.46875</SimpleData>
	</SchemaData></ExtendedData>
      <Point><coordinates>26.92640847122,38.2279888441233</coordinates></Point>
  </Placemark>
  <Placemark id="cikti_dsimgi.130">
	<ExtendedData><SchemaData schemaUrl="#cikti_dsimgi">
		<SimpleData name="OBJECTID">130</SimpleData>
		<SimpleData name="HAVZA_NO">06</SimpleData>
		<SimpleData name="IST_NO">06-005</SimpleData>
		<SimpleData name="IST_AD">Beydag</SimpleData>
		<SimpleData name="IST_TIP">MGI</SimpleData>
		<SimpleData name="BOLGE_NO">02</SimpleData>
		<SimpleData name="RASAT_TIP">YB</SimpleData>
		<SimpleData name="ILI">Izmir</SimpleData>
		<SimpleData name="ILCESI">Beydag</SimpleData>
		<SimpleData name="IST_KOT">380</SimpleData>
		<SimpleData name="DURUMU">A</SimpleData>
		<SimpleData name="IST_AC">1962/06/14 00:00:00</SimpleData>
		<SimpleData name="P25_PNO">L20-d3</SimpleData>
		<SimpleData name="UTM_ZONE">35</SimpleData>
		<SimpleData name="UTMY">4214700</SimpleData>
		<SimpleData name="UTMX">606200</SimpleData>
		<SimpleData name="COORH_X">491352.875</SimpleData>
	</SchemaData></ExtendedData>
      <Point><coordinates>28.2102934823777,38.0721719236334</coordinates></Point>
  </Placemark>
  <Placemark id="cikti_dsimgi.131">
	<ExtendedData><SchemaData schemaUrl="#cikti_dsimgi">
		<SimpleData name="OBJECTID">131</SimpleData>
		<SimpleData name="HAVZA_NO">06</SimpleData>
		<SimpleData name="IST_NO">06-006</SimpleData>
		<SimpleData name="IST_AD">Balçova Baraji</SimpleData>
		<SimpleData name="IST_TIP">MGI</SimpleData>
		<SimpleData name="BOLGE_NO">02</SimpleData>
		<SimpleData name="RASAT_TIP">YB</SimpleData>
		<SimpleData name="ILI">Izmir</SimpleData>
		<SimpleData name="ILCESI">Konak</SimpleData>
		<SimpleData name="IST_KOT">40</SimpleData>
		<SimpleData name="DURUMU">A</SimpleData>
		<SimpleData name="IST_AC">1985/10/15 00:00:00</SimpleData>
		<SimpleData name="P25_PNO">L18-a1</SimpleData>
		<SimpleData name="UTM_ZONE">35</SimpleData>
		<SimpleData name="UTMY">4248800</SimpleData>
		<SimpleData name="UTMX">502900</SimpleData>
		<SimpleData name="COORH_X">390938.0625</SimpleData>
	</SchemaData></ExtendedData>
      <Point><coordinates>27.0327339210498,38.3857239674724</coordinates></Point>
  </Placemark>
  <Placemark id="cikti_dsimgi.132">
	<ExtendedData><SchemaData schemaUrl="#cikti_dsimgi">
		<SimpleData name="OBJECTID">132</SimpleData>
		<SimpleData name="HAVZA_NO">06</SimpleData>
		<SimpleData name="IST_NO">06-001</SimpleData>
		<SimpleData name="IST_AD">Gümüsçü (Gümüldür)</SimpleData>
		<SimpleData name="IST_TIP">MGI</SimpleData>
		<SimpleData name="BOLGE_NO">02</SimpleData>
		<SimpleData name="RASAT_TIP">YB</SimpleData>
		<SimpleData name="ILI">Izmir</SimpleData>
		<SimpleData name="ILCESI">Seferihisar</SimpleData>
		<SimpleData name="IST_KOT">2</SimpleData>
		<SimpleData name="DURUMU">K</SimpleData>
		<SimpleData name="IST_AC">1963/11/25 00:00:00</SimpleData>
		<SimpleData name="IST_KAP">1990/03/01 00:00:00</SimpleData>
		<SimpleData name="P25_PNO">L17-c3</SimpleData>
		<SimpleData name="UTM_ZONE">35</SimpleData>
		<SimpleData name="UTMY">4213750</SimpleData>
		<SimpleData name="UTMX">490625</SimpleData>
		<SimpleData name="COORH_X">375806.46875</SimpleData>
	</SchemaData></ExtendedData>
      <Point><coordinates>26.8926507337871,38.0697914888449</coordinates></Point>
  </Placemark>
  <Placemark id="cikti_dsimgi.133">
	<ExtendedData><SchemaData schemaUrl="#cikti_dsimgi">
		<SimpleData name="OBJECTID">133</SimpleData>
		<SimpleData name="HAVZA_NO">07</SimpleData>
		<SimpleData name="IST_NO">07-001</SimpleData>
		<SimpleData name="IST_AD">Kozlar</SimpleData>
		<SimpleData name="IST_TIP">MGI</SimpleData>
		<SimpleData name="BOLGE_NO">21</SimpleData>
		<SimpleData name="RASAT_TIP">YB</SimpleData>
		<SimpleData name="ILI">Denizli</SimpleData>
		<SimpleData name="ILCESI">Tavas</SimpleData>
		<SimpleData name="IST_KOT">1000</SimpleData>
		<SimpleData name="DURUMU">K</SimpleData>
		<SimpleData name="IST_AC">1969/09/09 00:00:00</SimpleData>
		<SimpleData name="IST_KAP">1996/10/01 00:00:00</SimpleData>
		<SimpleData name="P25_PNO">N22-a4</SimpleData>
		<SimpleData name="UTM_ZONE">35</SimpleData>
		<SimpleData name="UTMY">4124710</SimpleData>
		<SimpleData name="UTMX">678080</SimpleData>
		<SimpleData name="COORH_X">555974.0625</SimpleData>
	</SchemaData></ExtendedData>
      <Point><coordinates>29.0074514004522,37.2502724691069</coordinates></Point>
  </Placemark>
  <Placemark id="cikti_dsimgi.134">
	<ExtendedData><SchemaData schemaUrl="#cikti_dsimgi">
		<SimpleData name="OBJECTID">134</SimpleData>
		<SimpleData name="HAVZA_NO">07</SimpleData>
		<SimpleData name="IST_NO">07-002</SimpleData>
		<SimpleData name="IST_AD">Somak</SimpleData>
		<SimpleData name="IST_TIP">MGI</SimpleData>
		<SimpleData name="BOLGE_NO">02</SimpleData>
		<SimpleData name="RASAT_TIP">Y</SimpleData>
		<SimpleData name="ILI">Izmir</SimpleData>
		<SimpleData name="ILCESI">Tire</SimpleData>
		<SimpleData name="IST_KOT">650</SimpleData>
		<SimpleData name="DURUMU">A</SimpleData>
		<SimpleData name="IST_AC">1969/09/01 00:00:00</SimpleData>
		<SimpleData name="P25_PNO">M19-b1</SimpleData>
		<SimpleData name="UTM_ZONE">35</SimpleData>
		<SimpleData name="UTMY">4205900</SimpleData>
		<SimpleData name="UTMX">567600</SimpleData>
		<SimpleData name="COORH_X">452074.90625</SimpleData>
	</SchemaData></ExtendedData>
      <Point><coordinates>27.7694406740591,37.996573994759</coordinates></Point>
  </Placemark>
  <Placemark id="cikti_dsimgi.135">
	<ExtendedData><SchemaData schemaUrl="#cikti_dsimgi">
		<SimpleData name="OBJECTID">135</SimpleData>
		<SimpleData name="HAVZA_NO">07</SimpleData>
		<SimpleData name="IST_NO">07-004</SimpleData>
		<SimpleData name="IST_AD">Erentepe (Sarabat)</SimpleData>
		<SimpleData name="IST_TIP">MGI</SimpleData>
		<SimpleData name="BOLGE_NO">21</SimpleData>
		<SimpleData name="RASAT_TIP">Y</SimpleData>
		<SimpleData name="ILI">Aydin</SimpleData>
		<SimpleData name="ILCESI">Kuyucak</SimpleData>
		<SimpleData name="IST_KOT">1220</SimpleData>
		<SimpleData name="DURUMU">K</SimpleData>
		<SimpleData name="IST_AC">1965/08/23 00:00:00</SimpleData>
		<SimpleData name="IST_KAP">1970/07/15 00:00:00</SimpleData>
		<SimpleData name="P25_PNO">M20-b2</SimpleData>
		<SimpleData name="UTM_ZONE">35</SimpleData>
		<SimpleData name="UTMY">4103900</SimpleData>
		<SimpleData name="UTMX">631170</SimpleData>
		<SimpleData name="COORH_X">507394.21875</SimpleData>
	</SchemaData></ExtendedData>
      <Point><coordinates>28.4750653145351,37.0705368665643</coordinates></Point>
  </Placemark>
  <Placemark id="cikti_dsimgi.136">
	<ExtendedData><SchemaData schemaUrl="#cikti_dsimgi">
		<SimpleData name="OBJECTID">136</SimpleData>
		<SimpleData name="HAVZA_NO">07</SimpleData>
		<SimpleData name="IST_NO">07-005</SimpleData>
		<SimpleData name="IST_AD">Dokuzçam (Genzile)</SimpleData>
		<SimpleData name="IST_TIP">MGI</SimpleData>
		<SimpleData name="BOLGE_NO">21</SimpleData>
		<SimpleData name="RASAT_TIP">Y</SimpleData>
		<SimpleData name="ILI">Mugla</SimpleData>
		<SimpleData name="ILCESI">Merkez</SimpleData>
		<SimpleData name="IST_KOT">650</SimpleData>
		<SimpleData name="DURUMU">K</SimpleData>
		<SimpleData name="IST_AC">1966/08/18 00:00:00</SimpleData>
		<SimpleData name="IST_KAP">1973/05/02 00:00:00</SimpleData>
		<SimpleData name="P25_PNO">N20-b2</SimpleData>
		<SimpleData name="UTM_ZONE">35</SimpleData>
		<SimpleData name="UTMY">4140540</SimpleData>
		<SimpleData name="UTMX">632590</SimpleData>
		<SimpleData name="COORH_X">511755.59375</SimpleData>
	</SchemaData></ExtendedData>
      <Point><coordinates>28.4975514718038,37.4004979144289</coordinates></Point>
  </Placemark>
  <Placemark id="cikti_dsimgi.137">
	<ExtendedData><SchemaData schemaUrl="#cikti_dsimgi">
		<SimpleData name="OBJECTID">137</SimpleData>
		<SimpleData name="HAVZA_NO">07</SimpleData>
		<SimpleData name="IST_NO">07-006</SimpleData>
		<SimpleData name="IST_AD">Bafa (Çamiçi)</SimpleData>
		<SimpleData name="IST_TIP">MGI</SimpleData>
		<SimpleData name="BOLGE_NO">21</SimpleData>
		<SimpleData name="RASAT_TIP">YB</SimpleData>
		<SimpleData name="ILI">Mugla</SimpleData>
		<SimpleData name="ILCESI">Milas</SimpleData>
		<SimpleData name="IST_KOT">110</SimpleData>
		<SimpleData name="DURUMU">A</SimpleData>
		<SimpleData name="IST_AC">1966/08/13 00:00:00</SimpleData>
		<SimpleData name="P25_PNO">N19-a1</SimpleData>
		<SimpleData name="UTM_ZONE">35</SimpleData>
		<SimpleData name="UTMY">4144700</SimpleData>
		<SimpleData name="UTMX">548040</SimpleData>
		<SimpleData name="COORH_X">427552.15625</SimpleData>
	</SchemaData></ExtendedData>
      <Point><coordinates>27.5426414652495,37.4462332447365</coordinates></Point>
  </Placemark>
  <Placemark id="cikti_dsimgi.138">
	<ExtendedData><SchemaData schemaUrl="#cikti_dsimgi">
		<SimpleData name="OBJECTID">138</SimpleData>
		<SimpleData name="HAVZA_NO">07</SimpleData>
		<SimpleData name="IST_NO">07-007</SimpleData>
		<SimpleData name="IST_AD">Kemer Brj</SimpleData>
		<SimpleData name="IST_TIP">MGI</SimpleData>
		<SimpleData name="BOLGE_NO">21</SimpleData>
		<SimpleData name="RASAT_TIP">YB</SimpleData>
		<SimpleData name="ILI">Aydin</SimpleData>
		<SimpleData name="ILCESI">Bozdogan</SimpleData>
		<SimpleData name="IST_KOT">200</SimpleData>
		<SimpleData name="DURUMU">K</SimpleData>
		<SimpleData name="IST_AC">1962/09/18 00:00:00</SimpleData>
		<SimpleData name="IST_KAP">1997/03/01 00:00:00</SimpleData>
		<SimpleData name="P25_PNO">M20-c3</SimpleData>
		<SimpleData name="UTM_ZONE">35</SimpleData>
		<SimpleData name="UTMY">4162310</SimpleData>
		<SimpleData name="UTMX">632210</SimpleData>
		<SimpleData name="COORH_X">513124.46875</SimpleData>
	</SchemaData></ExtendedData>
      <Point><coordinates>28.4971713786272,37.5967114940307</coordinates></Point>
  </Placemark>
  <Placemark id="cikti_dsimgi.139">
	<ExtendedData><SchemaData schemaUrl="#cikti_dsimgi">
		<SimpleData name="OBJECTID">139</SimpleData>
		<SimpleData name="HAVZA_NO">07</SimpleData>
		<SimpleData name="IST_NO">07-008</SimpleData>
		<SimpleData name="IST_AD">Sofular</SimpleData>
		<SimpleData name="IST_TIP">MGI</SimpleData>
		<SimpleData name="BOLGE_NO">21</SimpleData>
		<SimpleData name="RASAT_TIP">Y</SimpleData>
		<SimpleData name="ILI">Denizli</SimpleData>
		<SimpleData name="ILCESI">Tavas</SimpleData>
		<SimpleData name="IST_KOT">935</SimpleData>
		<SimpleData name="DURUMU">K</SimpleData>
		<SimpleData name="IST_AC">1967/07/17 00:00:00</SimpleData>
		<SimpleData name="IST_KAP">1983/01/01 00:00:00</SimpleData>
		<SimpleData name="P25_PNO">M21-c3</SimpleData>
		<SimpleData name="UTM_ZONE">35</SimpleData>
		<SimpleData name="UTMY">4159920</SimpleData>
		<SimpleData name="UTMX">655840</SimpleData>
		<SimpleData name="COORH_X">536552.5</SimpleData>
	</SchemaData></ExtendedData>
      <Point><coordinates>28.7642292382845,37.5714814468373</coordinates></Point>
  </Placemark>
  <Placemark id="cikti_dsimgi.140">
	<ExtendedData><SchemaData schemaUrl="#cikti_dsimgi">
		<SimpleData name="OBJECTID">140</SimpleData>
		<SimpleData name="HAVZA_NO">07</SimpleData>
		<SimpleData name="IST_NO">07-011</SimpleData>
		<SimpleData name="IST_AD">Basçayir</SimpleData>
		<SimpleData name="IST_TIP">MGI</SimpleData>
		<SimpleData name="BOLGE_NO">21</SimpleData>
		<SimpleData name="RASAT_TIP">Y</SimpleData>
		<SimpleData name="ILI">Aydin</SimpleData>
		<SimpleData name="ILCESI">Kösk</SimpleData>
		<SimpleData name="IST_KOT">380</SimpleData>
		<SimpleData name="DURUMU">K</SimpleData>
		<SimpleData name="IST_AC">1970/12/01 00:00:00</SimpleData>
		<SimpleData name="IST_KAP">1999/06/01 00:00:00</SimpleData>
		<SimpleData name="P25_PNO">M18-c4</SimpleData>
		<SimpleData name="UTM_ZONE">35</SimpleData>
		<SimpleData name="UTMY">4158040</SimpleData>
		<SimpleData name="UTMX">532260</SimpleData>
		<SimpleData name="COORH_X">412861.6875</SimpleData>
	</SchemaData></ExtendedData>
      <Point><coordinates>27.364832929841,37.5671564398362</coordinates></Point>
  </Placemark>
  <Placemark id="cikti_dsimgi.141">
	<ExtendedData><SchemaData schemaUrl="#cikti_dsimgi">
		<SimpleData name="OBJECTID">141</SimpleData>
		<SimpleData name="HAVZA_NO">07</SimpleData>
		<SimpleData name="IST_NO">07-012</SimpleData>
		<SimpleData name="IST_AD">Kafaca (Kaplancik)</SimpleData>
		<SimpleData name="IST_TIP">MGI</SimpleData>
		<SimpleData name="BOLGE_NO">21</SimpleData>
		<SimpleData name="RASAT_TIP">YB</SimpleData>
		<SimpleData name="ILI">Mugla</SimpleData>
		<SimpleData name="ILCESI">Yatagan</SimpleData>
		<SimpleData name="IST_KOT">430</SimpleData>
		<SimpleData name="DURUMU">K</SimpleData>
		<SimpleData name="IST_AC">1961/07/19 00:00:00</SimpleData>
		<SimpleData name="IST_KAP">1982/01/05 00:00:00</SimpleData>
		<SimpleData name="P25_PNO">N20-a2</SimpleData>
		<SimpleData name="UTM_ZONE">35</SimpleData>
		<SimpleData name="UTMY">4140660</SimpleData>
		<SimpleData name="UTMX">602840</SimpleData>
		<SimpleData name="COORH_X">482019.125</SimpleData>
	</SchemaData></ExtendedData>
      <Point><coordinates>28.161522056535,37.4053583741542</coordinates></Point>
  </Placemark>
  <Placemark id="cikti_dsimgi.142">
	<ExtendedData><SchemaData schemaUrl="#cikti_dsimgi">
		<SimpleData name="OBJECTID">142</SimpleData>
		<SimpleData name="HAVZA_NO">07</SimpleData>
		<SimpleData name="IST_NO">07-013</SimpleData>
		<SimpleData name="IST_AD">Kozagaç (Mugla)</SimpleData>
		<SimpleData name="IST_TIP">MGI</SimpleData>
		<SimpleData name="BOLGE_NO">21</SimpleData>
		<SimpleData name="RASAT_TIP">Y</SimpleData>
		<SimpleData name="ILI">Mugla</SimpleData>
		<SimpleData name="ILCESI">Merkez</SimpleData>
		<SimpleData name="IST_KOT">885</SimpleData>
		<SimpleData name="DURUMU">A</SimpleData>
		<SimpleData name="IST_AC">1961/07/12 00:00:00</SimpleData>
		<SimpleData name="P25_PNO">N20-b4</SimpleData>
		<SimpleData name="UTM_ZONE">35</SimpleData>
		<SimpleData name="UTMY">4125990</SimpleData>
		<SimpleData name="UTMX">617810</SimpleData>
		<SimpleData name="COORH_X">495806.8125</SimpleData>
	</SchemaData></ExtendedData>
      <Point><coordinates>28.3282982014597,37.2713784719945</coordinates></Point>
  </Placemark>
  <Placemark id="cikti_dsimgi.143">
	<ExtendedData><SchemaData schemaUrl="#cikti_dsimgi">
		<SimpleData name="OBJECTID">143</SimpleData>
		<SimpleData name="HAVZA_NO">07</SimpleData>
		<SimpleData name="IST_NO">07-014</SimpleData>
		<SimpleData name="IST_AD">Kozagaç (Yatagan)</SimpleData>
		<SimpleData name="IST_TIP">MGI</SimpleData>
		<SimpleData name="BOLGE_NO">21</SimpleData>
		<SimpleData name="RASAT_TIP">Y</SimpleData>
		<SimpleData name="ILI">Mugla</SimpleData>
		<SimpleData name="ILCESI">Yatagan</SimpleData>
		<SimpleData name="IST_KOT">630</SimpleData>
		<SimpleData name="DURUMU">A</SimpleData>
		<SimpleData name="IST_AC">1961/07/15 00:00:00</SimpleData>
		<SimpleData name="P25_PNO">N19-b3</SimpleData>
		<SimpleData name="UTM_ZONE">35</SimpleData>
		<SimpleData name="UTMY">4129120</SimpleData>
		<SimpleData name="UTMX">587990</SimpleData>
		<SimpleData name="COORH_X">466237.5625</SimpleData>
	</SchemaData></ExtendedData>
      <Point><coordinates>27.9923873724996,37.3028835221545</coordinates></Point>
  </Placemark>
  <Placemark id="cikti_dsimgi.144">
	<ExtendedData><SchemaData schemaUrl="#cikti_dsimgi">
		<SimpleData name="OBJECTID">144</SimpleData>
		<SimpleData name="HAVZA_NO">07</SimpleData>
		<SimpleData name="IST_NO">07-015</SimpleData>
		<SimpleData name="IST_AD">Kirikköy</SimpleData>
		<SimpleData name="IST_TIP">MGI</SimpleData>
		<SimpleData name="BOLGE_NO">21</SimpleData>
		<SimpleData name="RASAT_TIP">YB</SimpleData>
		<SimpleData name="ILI">Mugla</SimpleData>
		<SimpleData name="ILCESI">Yatagan</SimpleData>
		<SimpleData name="IST_KOT">348</SimpleData>
		<SimpleData name="DURUMU">A</SimpleData>
		<SimpleData name="IST_AC">1967/08/10 00:00:00</SimpleData>
		<SimpleData name="P25_PNO">N20-a1</SimpleData>
		<SimpleData name="UTM_ZONE">35</SimpleData>
		<SimpleData name="UTMY">4140200</SimpleData>
		<SimpleData name="UTMX">588600</SimpleData>
		<SimpleData name="COORH_X">467743.34375</SimpleData>
	</SchemaData></ExtendedData>
      <Point><coordinates>28.0005939568868,37.4026836239866</coordinates></Point>
  </Placemark>
  <Placemark id="cikti_dsimgi.145">
	<ExtendedData><SchemaData schemaUrl="#cikti_dsimgi">
		<SimpleData name="OBJECTID">145</SimpleData>
		<SimpleData name="HAVZA_NO">07</SimpleData>
		<SimpleData name="IST_NO">07-016</SimpleData>
		<SimpleData name="IST_AD">Isikligölü Reg</SimpleData>
		<SimpleData name="IST_TIP">MGI</SimpleData>
		<SimpleData name="BOLGE_NO">21</SimpleData>
		<SimpleData name="RASAT_TIP">YB</SimpleData>
		<SimpleData name="ILI">Denizli</SimpleData>
		<SimpleData name="ILCESI">Çivril</SimpleData>
		<SimpleData name="IST_KOT">825</SimpleData>
		<SimpleData name="DURUMU">A</SimpleData>
		<SimpleData name="IST_AC">1962/06/03 00:00:00</SimpleData>
		<SimpleData name="P25_PNO">L23-c1</SimpleData>
		<SimpleData name="UTM_ZONE">35</SimpleData>
		<SimpleData name="UTMY">4233540</SimpleData>
		<SimpleData name="UTMX">747540</SimpleData>
		<SimpleData name="COORH_X">634022.75</SimpleData>
	</SchemaData></ExtendedData>
      <Point><coordinates>29.8269310695809,38.2141465394201</coordinates></Point>
  </Placemark>
  <Placemark id="cikti_dsimgi.146">
	<ExtendedData><SchemaData schemaUrl="#cikti_dsimgi">
		<SimpleData name="OBJECTID">146</SimpleData>
		<SimpleData name="HAVZA_NO">07</SimpleData>
		<SimpleData name="IST_NO">07-017</SimpleData>
		<SimpleData name="IST_AD">Yesiloba (Medele)</SimpleData>
		<SimpleData name="IST_TIP">MGI</SimpleData>
		<SimpleData name="BOLGE_NO">21</SimpleData>
		<SimpleData name="RASAT_TIP">YB</SimpleData>
		<SimpleData name="ILI">Denizli</SimpleData>
		<SimpleData name="ILCESI">Çal</SimpleData>
		<SimpleData name="IST_KOT">710</SimpleData>
		<SimpleData name="DURUMU">A</SimpleData>
		<SimpleData name="IST_AC">1967/07/12 00:00:00</SimpleData>
		<SimpleData name="P25_PNO">L22-c1</SimpleData>
		<SimpleData name="UTM_ZONE">35</SimpleData>
		<SimpleData name="UTMY">4235860</SimpleData>
		<SimpleData name="UTMX">701410</SimpleData>
		<SimpleData name="COORH_X">588148.1875</SimpleData>
	</SchemaData></ExtendedData>
      <Point><coordinates>29.3011301200474,38.2465436202796</coordinates></Point>
  </Placemark>
  <Placemark id="cikti_dsimgi.147">
	<ExtendedData><SchemaData schemaUrl="#cikti_dsimgi">
		<SimpleData name="OBJECTID">147</SimpleData>
		<SimpleData name="HAVZA_NO">07</SimpleData>
		<SimpleData name="IST_NO">07-018</SimpleData>
		<SimpleData name="IST_AD">Sarikemer</SimpleData>
		<SimpleData name="IST_TIP">MGI</SimpleData>
		<SimpleData name="BOLGE_NO">21</SimpleData>
		<SimpleData name="RASAT_TIP">YB</SimpleData>
		<SimpleData name="ILI">Aydin</SimpleData>
		<SimpleData name="ILCESI">Söke</SimpleData>
		<SimpleData name="IST_KOT">40</SimpleData>
		<SimpleData name="DURUMU">A</SimpleData>
		<SimpleData name="IST_AC">1967/09/23 00:00:00</SimpleData>
		<SimpleData name="P25_PNO">M18-c4</SimpleData>
		<SimpleData name="UTM_ZONE">35</SimpleData>
		<SimpleData name="UTMY">4158040</SimpleData>
		<SimpleData name="UTMX">532260</SimpleData>
		<SimpleData name="COORH_X">412861.6875</SimpleData>
	</SchemaData></ExtendedData>
      <Point><coordinates>27.364832929841,37.5671564398362</coordinates></Point>
  </Placemark>
  <Placemark id="cikti_dsimgi.148">
	<ExtendedData><SchemaData schemaUrl="#cikti_dsimgi">
		<SimpleData name="OBJECTID">148</SimpleData>
		<SimpleData name="HAVZA_NO">07</SimpleData>
		<SimpleData name="IST_NO">07-019</SimpleData>
		<SimpleData name="IST_AD">Kavakalani</SimpleData>
		<SimpleData name="IST_TIP">MGI</SimpleData>
		<SimpleData name="BOLGE_NO">21</SimpleData>
		<SimpleData name="RASAT_TIP">Y</SimpleData>
		<SimpleData name="ILI">Denizli</SimpleData>
		<SimpleData name="ILCESI">Çivril</SimpleData>
		<SimpleData name="IST_KOT">1200</SimpleData>
		<SimpleData name="DURUMU">K</SimpleData>
		<SimpleData name="IST_AC">1968/10/16 00:00:00</SimpleData>
		<SimpleData name="IST_KAP">1993/08/01 00:00:00</SimpleData>
		<SimpleData name="P25_PNO">L23-b2</SimpleData>
		<SimpleData name="UTM_ZONE">35</SimpleData>
		<SimpleData name="UTMY">4253520</SimpleData>
		<SimpleData name="UTMX">756400</SimpleData>
		<SimpleData name="COORH_X">644451.9375</SimpleData>
	</SchemaData></ExtendedData>
      <Point><coordinates>29.9352534179612,38.3914980558434</coordinates></Point>
  </Placemark>
  <Placemark id="cikti_dsimgi.149">
	<ExtendedData><SchemaData schemaUrl="#cikti_dsimgi">
		<SimpleData name="OBJECTID">149</SimpleData>
		<SimpleData name="HAVZA_NO">07</SimpleData>
		<SimpleData name="IST_NO">07-020</SimpleData>
		<SimpleData name="IST_AD">Kayran</SimpleData>
		<SimpleData name="IST_TIP">MGI</SimpleData>
		<SimpleData name="BOLGE_NO">21</SimpleData>
		<SimpleData name="RASAT_TIP">Y</SimpleData>
		<SimpleData name="ILI">Aydin</SimpleData>
		<SimpleData name="ILCESI">Kuyucak</SimpleData>
		<SimpleData name="IST_KOT">600</SimpleData>
		<SimpleData name="DURUMU">A</SimpleData>
		<SimpleData name="IST_AC">1970/07/16 00:00:00</SimpleData>
		<SimpleData name="P25_PNO">M21-a1</SimpleData>
		<SimpleData name="UTM_ZONE">35</SimpleData>
		<SimpleData name="UTMY">4205360</SimpleData>
		<SimpleData name="UTMX">633310</SimpleData>
		<SimpleData name="COORH_X">517684.6875</SimpleData>
	</SchemaData></ExtendedData>
      <Point><coordinates>28.5175414224457,37.9844337430236</coordinates></Point>
  </Placemark>
  <Placemark id="cikti_dsimgi.150">
	<ExtendedData><SchemaData schemaUrl="#cikti_dsimgi">
		<SimpleData name="OBJECTID">150</SimpleData>
		<SimpleData name="HAVZA_NO">07</SimpleData>
		<SimpleData name="IST_NO">07-021</SimpleData>
		<SimpleData name="IST_AD">A.Örencik</SimpleData>
		<SimpleData name="IST_TIP">MGI</SimpleData>
		<SimpleData name="BOLGE_NO">21</SimpleData>
		<SimpleData name="RASAT_TIP">Y</SimpleData>
		<SimpleData name="ILI">Aydin</SimpleData>
		<SimpleData name="ILCESI">Nazilli</SimpleData>
		<SimpleData name="IST_KOT">700</SimpleData>
		<SimpleData name="DURUMU">K</SimpleData>
		<SimpleData name="IST_AC">1970/07/16 00:00:00</SimpleData>
		<SimpleData name="IST_KAP">1994/08/01 00:00:00</SimpleData>
		<SimpleData name="P25_PNO">L20-c4</SimpleData>
		<SimpleData name="UTM_ZONE">35</SimpleData>
		<SimpleData name="UTMY">4208020</SimpleData>
		<SimpleData name="UTMX">616510</SimpleData>
		<SimpleData name="COORH_X">501114.21875</SimpleData>
	</SchemaData></ExtendedData>
      <Point><coordinates>28.3267211193294,38.0107138043658</coordinates></Point>
  </Placemark>
  <Placemark id="cikti_dsimgi.151">
	<ExtendedData><SchemaData schemaUrl="#cikti_dsimgi">
		<SimpleData name="OBJECTID">151</SimpleData>
		<SimpleData name="HAVZA_NO">07</SimpleData>
		<SimpleData name="IST_NO">07-022</SimpleData>
		<SimpleData name="IST_AD">A.Karacahisar</SimpleData>
		<SimpleData name="IST_TIP">MGI</SimpleData>
		<SimpleData name="BOLGE_NO">02</SimpleData>
		<SimpleData name="RASAT_TIP">Y</SimpleData>
		<SimpleData name="ILI">Usak</SimpleData>
		<SimpleData name="ILCESI">Merkez</SimpleData>
		<SimpleData name="IST_KOT">1095</SimpleData>
		<SimpleData name="DURUMU">A</SimpleData>
		<SimpleData name="IST_AC">1962/04/29 00:00:00</SimpleData>
		<SimpleData name="P25_PNO">K23-a1</SimpleData>
		<SimpleData name="UTM_ZONE">35</SimpleData>
		<SimpleData name="UTMY">4293700</SimpleData>
		<SimpleData name="UTMX">722500</SimpleData>
		<SimpleData name="COORH_X">613817.4375</SimpleData>
	</SchemaData></ExtendedData>
      <Point><coordinates>29.5603064654359,38.7623128699631</coordinates></Point>
  </Placemark>
  <Placemark id="cikti_dsimgi.152">
	<ExtendedData><SchemaData schemaUrl="#cikti_dsimgi">
		<SimpleData name="OBJECTID">152</SimpleData>
		<SimpleData name="HAVZA_NO">07</SimpleData>
		<SimpleData name="IST_NO">07-023</SimpleData>
		<SimpleData name="IST_AD">Buharkent</SimpleData>
		<SimpleData name="IST_TIP">MGI</SimpleData>
		<SimpleData name="BOLGE_NO">21</SimpleData>
		<SimpleData name="RASAT_TIP">YB</SimpleData>
		<SimpleData name="ILI">Aydin</SimpleData>
		<SimpleData name="ILCESI">Nazilli</SimpleData>
		<SimpleData name="IST_KOT">115</SimpleData>
		<SimpleData name="DURUMU">A</SimpleData>
		<SimpleData name="IST_AC">1962/08/23 00:00:00</SimpleData>
		<SimpleData name="P25_PNO">M21-a2</SimpleData>
		<SimpleData name="UTM_ZONE">35</SimpleData>
		<SimpleData name="UTMY">4204540</SimpleData>
		<SimpleData name="UTMX">653430</SimpleData>
		<SimpleData name="COORH_X">537720</SimpleData>
	</SchemaData></ExtendedData>
      <Point><coordinates>28.7463823968103,37.9738683118741</coordinates></Point>
  </Placemark>
  <Placemark id="cikti_dsimgi.153">
	<ExtendedData><SchemaData schemaUrl="#cikti_dsimgi">
		<SimpleData name="OBJECTID">153</SimpleData>
		<SimpleData name="HAVZA_NO">07</SimpleData>
		<SimpleData name="IST_NO">07-024</SimpleData>
		<SimpleData name="IST_AD">Eyceli (Mustagna)</SimpleData>
		<SimpleData name="IST_TIP">MGI</SimpleData>
		<SimpleData name="BOLGE_NO">21</SimpleData>
		<SimpleData name="RASAT_TIP">YB</SimpleData>
		<SimpleData name="ILI">Aydin</SimpleData>
		<SimpleData name="ILCESI">Nazilli</SimpleData>
		<SimpleData name="IST_KOT">530</SimpleData>
		<SimpleData name="DURUMU">K</SimpleData>
		<SimpleData name="IST_AC">1962/08/01 00:00:00</SimpleData>
		<SimpleData name="IST_KAP">1970/07/15 00:00:00</SimpleData>
		<SimpleData name="P25_PNO">M20-b1</SimpleData>
		<SimpleData name="UTM_ZONE">35</SimpleData>
		<SimpleData name="UTMY">4204640</SimpleData>
		<SimpleData name="UTMX">617220</SimpleData>
		<SimpleData name="COORH_X">501551.09375</SimpleData>
	</SchemaData></ExtendedData>
      <Point><coordinates>28.3342549559862,37.9801671505195</coordinates></Point>
  </Placemark>
  <Placemark id="cikti_dsimgi.154">
	<ExtendedData><SchemaData schemaUrl="#cikti_dsimgi">
		<SimpleData name="OBJECTID">154</SimpleData>
		<SimpleData name="HAVZA_NO">07</SimpleData>
		<SimpleData name="IST_NO">07-025</SimpleData>
		<SimpleData name="IST_AD">Çobanisa (Sarabat)</SimpleData>
		<SimpleData name="IST_TIP">MGI</SimpleData>
		<SimpleData name="BOLGE_NO">21</SimpleData>
		<SimpleData name="RASAT_TIP">Y</SimpleData>
		<SimpleData name="ILI">Aydin</SimpleData>
		<SimpleData name="ILCESI">Kuyucak</SimpleData>
		<SimpleData name="IST_KOT">500</SimpleData>
		<SimpleData name="DURUMU">K</SimpleData>
		<SimpleData name="IST_AC">1962/08/16 00:00:00</SimpleData>
		<SimpleData name="IST_KAP">1973/05/31 00:00:00</SimpleData>
		<SimpleData name="P25_PNO">M20-b2</SimpleData>
		<SimpleData name="UTM_ZONE">35</SimpleData>
		<SimpleData name="UTMY">4199520</SimpleData>
		<SimpleData name="UTMX">631080</SimpleData>
		<SimpleData name="COORH_X">514986.875</SimpleData>
	</SchemaData></ExtendedData>
      <Point><coordinates>28.4910919123161,37.9321410849554</coordinates></Point>
  </Placemark>
  <Placemark id="cikti_dsimgi.155">
	<ExtendedData><SchemaData schemaUrl="#cikti_dsimgi">
		<SimpleData name="OBJECTID">155</SimpleData>
		<SimpleData name="HAVZA_NO">07</SimpleData>
		<SimpleData name="IST_NO">07-026</SimpleData>
		<SimpleData name="IST_AD">Hasköy (Kurusulu)</SimpleData>
		<SimpleData name="IST_TIP">MGI</SimpleData>
		<SimpleData name="BOLGE_NO">21</SimpleData>
		<SimpleData name="RASAT_TIP">Y</SimpleData>
		<SimpleData name="ILI">Aydin</SimpleData>
		<SimpleData name="ILCESI">Nazilli</SimpleData>
		<SimpleData name="IST_KOT">450</SimpleData>
		<SimpleData name="DURUMU">K</SimpleData>
		<SimpleData name="IST_AC">1962/08/01 00:00:00</SimpleData>
		<SimpleData name="IST_KAP">1995/02/14 00:00:00</SimpleData>
		<SimpleData name="P25_PNO">M20-b1</SimpleData>
		<SimpleData name="UTM_ZONE">35</SimpleData>
		<SimpleData name="UTMY">4202400</SimpleData>
		<SimpleData name="UTMX">613740</SimpleData>
		<SimpleData name="COORH_X">497893.5</SimpleData>
	</SchemaData></ExtendedData>
      <Point><coordinates>28.2942850396157,37.9604261864701</coordinates></Point>
  </Placemark>
  <Placemark id="cikti_dsimgi.156">
	<ExtendedData><SchemaData schemaUrl="#cikti_dsimgi">
		<SimpleData name="OBJECTID">156</SimpleData>
		<SimpleData name="HAVZA_NO">07</SimpleData>
		<SimpleData name="IST_NO">07-028</SimpleData>
		<SimpleData name="IST_AD">Sariabat</SimpleData>
		<SimpleData name="IST_TIP">MGI</SimpleData>
		<SimpleData name="BOLGE_NO">21</SimpleData>
		<SimpleData name="RASAT_TIP">Y</SimpleData>
		<SimpleData name="ILI">Denizli</SimpleData>
		<SimpleData name="ILCESI">Tavas</SimpleData>
		<SimpleData name="IST_KOT">1120</SimpleData>
		<SimpleData name="DURUMU">K</SimpleData>
		<SimpleData name="IST_AC">1973/08/01 00:00:00</SimpleData>
		<SimpleData name="IST_KAP">1979/02/01 00:00:00</SimpleData>
		<SimpleData name="P25_PNO">M22-d3</SimpleData>
		<SimpleData name="UTM_ZONE">35</SimpleData>
		<SimpleData name="UTMY">4164920</SimpleData>
		<SimpleData name="UTMX">693680</SimpleData>
		<SimpleData name="COORH_X">574771.4375</SimpleData>
	</SchemaData></ExtendedData>
      <Point><coordinates>29.1937826246295,37.6093371230207</coordinates></Point>
  </Placemark>
  <Placemark id="cikti_dsimgi.157">
	<ExtendedData><SchemaData schemaUrl="#cikti_dsimgi">
		<SimpleData name="OBJECTID">157</SimpleData>
		<SimpleData name="HAVZA_NO">07</SimpleData>
		<SimpleData name="IST_NO">07-029</SimpleData>
		<SimpleData name="IST_AD">Zeytinköy</SimpleData>
		<SimpleData name="IST_TIP">MGI</SimpleData>
		<SimpleData name="BOLGE_NO">21</SimpleData>
		<SimpleData name="RASAT_TIP">Y</SimpleData>
		<SimpleData name="ILI">Mugla</SimpleData>
		<SimpleData name="ILCESI">Yatagan</SimpleData>
		<SimpleData name="IST_KOT">450</SimpleData>
		<SimpleData name="DURUMU">K</SimpleData>
		<SimpleData name="IST_AC">1961/07/22 00:00:00</SimpleData>
		<SimpleData name="IST_KAP">1967/04/19 00:00:00</SimpleData>
		<SimpleData name="P25_PNO">N19-b2</SimpleData>
		<SimpleData name="UTM_ZONE">35</SimpleData>
		<SimpleData name="UTMY">4138160</SimpleData>
		<SimpleData name="UTMX">588350</SimpleData>
		<SimpleData name="COORH_X">467328.4375</SimpleData>
	</SchemaData></ExtendedData>
      <Point><coordinates>27.997526029868,37.3843221940436</coordinates></Point>
  </Placemark>
  <Placemark id="cikti_dsimgi.158">
	<ExtendedData><SchemaData schemaUrl="#cikti_dsimgi">
		<SimpleData name="OBJECTID">158</SimpleData>
		<SimpleData name="HAVZA_NO">07</SimpleData>
		<SimpleData name="IST_NO">07-030</SimpleData>
		<SimpleData name="IST_AD">Adigüzel Baraji</SimpleData>
		<SimpleData name="IST_TIP">MGI</SimpleData>
		<SimpleData name="BOLGE_NO">21</SimpleData>
		<SimpleData name="RASAT_TIP">YB</SimpleData>
		<SimpleData name="ILI">Denizli</SimpleData>
		<SimpleData name="ILCESI">Güney</SimpleData>
		<SimpleData name="IST_KOT">765</SimpleData>
		<SimpleData name="DURUMU">K</SimpleData>
		<SimpleData name="IST_AC">1974/07/11 00:00:00</SimpleData>
		<SimpleData name="IST_KAP">1977/03/22 00:00:00</SimpleData>
		<SimpleData name="IST_TAC">1992/01/01 00:00:00</SimpleData>
		<SimpleData name="P25_PNO">L22-d2</SimpleData>
		<SimpleData name="UTM_ZONE">35</SimpleData>
		<SimpleData name="UTMY">4224860</SimpleData>
		<SimpleData name="UTMX">691240</SimpleData>
		<SimpleData name="COORH_X">577113.9375</SimpleData>
	</SchemaData></ExtendedData>
      <Point><coordinates>29.1820333989709,38.1496986017398</coordinates></Point>
  </Placemark>
  <Placemark id="cikti_dsimgi.159">
	<ExtendedData><SchemaData schemaUrl="#cikti_dsimgi">
		<SimpleData name="OBJECTID">159</SimpleData>
		<SimpleData name="HAVZA_NO">07</SimpleData>
		<SimpleData name="IST_NO">07-031</SimpleData>
		<SimpleData name="IST_AD">Ibrahimkavagi</SimpleData>
		<SimpleData name="IST_TIP">MGI</SimpleData>
		<SimpleData name="BOLGE_NO">21</SimpleData>
		<SimpleData name="RASAT_TIP">YB</SimpleData>
		<SimpleData name="ILI">Aydin</SimpleData>
		<SimpleData name="ILCESI">Çine</SimpleData>
		<SimpleData name="IST_KOT">700</SimpleData>
		<SimpleData name="DURUMU">A</SimpleData>
		<SimpleData name="IST_AC">1981/11/27 00:00:00</SimpleData>
		<SimpleData name="P25_PNO">M20-d2</SimpleData>
		<SimpleData name="UTM_ZONE">35</SimpleData>
		<SimpleData name="UTMY">4172080</SimpleData>
		<SimpleData name="UTMX">603420</SimpleData>
		<SimpleData name="COORH_X">485134.28125</SimpleData>
	</SchemaData></ExtendedData>
      <Point><coordinates>28.1725009587279,37.6884398575086</coordinates></Point>
  </Placemark>
  <Placemark id="cikti_dsimgi.160">
	<ExtendedData><SchemaData schemaUrl="#cikti_dsimgi">
		<SimpleData name="OBJECTID">160</SimpleData>
		<SimpleData name="HAVZA_NO">07</SimpleData>
		<SimpleData name="IST_NO">07-032</SimpleData>
		<SimpleData name="IST_AD">Beyköy (Incirliova)</SimpleData>
		<SimpleData name="IST_TIP">MGI</SimpleData>
		<SimpleData name="BOLGE_NO">21</SimpleData>
		<SimpleData name="RASAT_TIP">YB</SimpleData>
		<SimpleData name="ILI">Aydin</SimpleData>
		<SimpleData name="ILCESI">Incirliova</SimpleData>
		<SimpleData name="IST_KOT">600</SimpleData>
		<SimpleData name="DURUMU">A</SimpleData>
		<SimpleData name="IST_AC">1981/01/07 00:00:00</SimpleData>
		<SimpleData name="P25_PNO">M19-b1</SimpleData>
		<SimpleData name="UTM_ZONE">35</SimpleData>
		<SimpleData name="UTMY">4201620</SimpleData>
		<SimpleData name="UTMX">568510</SimpleData>
		<SimpleData name="COORH_X">452636.90625</SimpleData>
	</SchemaData></ExtendedData>
      <Point><coordinates>27.7793960080042,37.9579342050882</coordinates></Point>
  </Placemark>
  <Placemark id="cikti_dsimgi.161">
	<ExtendedData><SchemaData schemaUrl="#cikti_dsimgi">
		<SimpleData name="OBJECTID">161</SimpleData>
		<SimpleData name="HAVZA_NO">07</SimpleData>
		<SimpleData name="IST_NO">07-033</SimpleData>
		<SimpleData name="IST_AD">Çaliköy</SimpleData>
		<SimpleData name="IST_TIP">MGI</SimpleData>
		<SimpleData name="BOLGE_NO">21</SimpleData>
		<SimpleData name="RASAT_TIP">YB</SimpleData>
		<SimpleData name="ILI">Denizli</SimpleData>
		<SimpleData name="ILCESI">Tavas</SimpleData>
		<SimpleData name="IST_KOT">895</SimpleData>
		<SimpleData name="DURUMU">A</SimpleData>
		<SimpleData name="IST_AC">1983/01/01 00:00:00</SimpleData>
		<SimpleData name="P25_PNO">M21-c3</SimpleData>
		<SimpleData name="UTM_ZONE">35</SimpleData>
		<SimpleData name="UTMY">4162300</SimpleData>
		<SimpleData name="UTMX">669050</SimpleData>
		<SimpleData name="COORH_X">549946.5</SimpleData>
	</SchemaData></ExtendedData>
      <Point><coordinates>28.9142916057885,37.5905918481164</coordinates></Point>
  </Placemark>
  <Placemark id="cikti_dsimgi.162">
	<ExtendedData><SchemaData schemaUrl="#cikti_dsimgi">
		<SimpleData name="OBJECTID">162</SimpleData>
		<SimpleData name="HAVZA_NO">07</SimpleData>
		<SimpleData name="IST_NO">07-034</SimpleData>
		<SimpleData name="IST_AD">Topçam Baraji</SimpleData>
		<SimpleData name="IST_TIP">MGI</SimpleData>
		<SimpleData name="BOLGE_NO">21</SimpleData>
		<SimpleData name="RASAT_TIP">YB</SimpleData>
		<SimpleData name="ILI">Aydin</SimpleData>
		<SimpleData name="ILCESI">Çine</SimpleData>
		<SimpleData name="IST_KOT">118</SimpleData>
		<SimpleData name="DURUMU">A</SimpleData>
		<SimpleData name="IST_AC">1986/11/06 00:00:00</SimpleData>
		<SimpleData name="P25_PNO">M20-d1</SimpleData>
		<SimpleData name="UTM_ZONE">35</SimpleData>
		<SimpleData name="UTMY">4171940</SimpleData>
		<SimpleData name="UTMX">588860</SimpleData>
		<SimpleData name="COORH_X">470569.875</SimpleData>
	</SchemaData></ExtendedData>
      <Point><coordinates>28.0073729513209,37.6887042566856</coordinates></Point>
  </Placemark>
  <Placemark id="cikti_dsimgi.163">
	<ExtendedData><SchemaData schemaUrl="#cikti_dsimgi">
		<SimpleData name="OBJECTID">163</SimpleData>
		<SimpleData name="HAVZA_NO">07</SimpleData>
		<SimpleData name="IST_NO">07-035</SimpleData>
		<SimpleData name="IST_AD">Söke Reg</SimpleData>
		<SimpleData name="IST_TIP">MGI</SimpleData>
		<SimpleData name="BOLGE_NO">21</SimpleData>
		<SimpleData name="RASAT_TIP">YB</SimpleData>
		<SimpleData name="ILI">Aydin</SimpleData>
		<SimpleData name="ILCESI">Söke</SimpleData>
		<SimpleData name="IST_KOT">14</SimpleData>
		<SimpleData name="DURUMU">A</SimpleData>
		<SimpleData name="IST_AC">1999/04/11 00:00:00</SimpleData>
		<SimpleData name="P25_PNO">M18-b3</SimpleData>
		<SimpleData name="UTM_ZONE">35</SimpleData>
		<SimpleData name="UTMY">4178350</SimpleData>
		<SimpleData name="UTMX">541510</SimpleData>
		<SimpleData name="COORH_X">423762.90625</SimpleData>
	</SchemaData></ExtendedData>
      <Point><coordinates>27.47072691647,37.7498416677792</coordinates></Point>
  </Placemark>
  <Placemark id="cikti_dsimgi.164">
	<ExtendedData><SchemaData schemaUrl="#cikti_dsimgi">
		<SimpleData name="OBJECTID">164</SimpleData>
		<SimpleData name="HAVZA_NO">07</SimpleData>
		<SimpleData name="IST_NO">07-036</SimpleData>
		<SimpleData name="IST_AD">Yenice Reg</SimpleData>
		<SimpleData name="IST_TIP">MGI</SimpleData>
		<SimpleData name="BOLGE_NO">21</SimpleData>
		<SimpleData name="RASAT_TIP">YB</SimpleData>
		<SimpleData name="ILI">Denizli</SimpleData>
		<SimpleData name="ILCESI">Sarayköy</SimpleData>
		<SimpleData name="IST_KOT">161</SimpleData>
		<SimpleData name="DURUMU">A</SimpleData>
		<SimpleData name="IST_AC">1999/04/11 00:00:00</SimpleData>
		<SimpleData name="P25_PNO">L21-c3</SimpleData>
		<SimpleData name="UTM_ZONE">35</SimpleData>
		<SimpleData name="UTMY">4212160</SimpleData>
		<SimpleData name="UTMX">672360</SimpleData>
		<SimpleData name="COORH_X">557241.125</SimpleData>
	</SchemaData></ExtendedData>
      <Point><coordinates>28.9636269531363,38.0391094770456</coordinates></Point>
  </Placemark>
  <Placemark id="cikti_dsimgi.165">
	<ExtendedData><SchemaData schemaUrl="#cikti_dsimgi">
		<SimpleData name="OBJECTID">165</SimpleData>
		<SimpleData name="HAVZA_NO">07</SimpleData>
		<SimpleData name="IST_NO">07-037</SimpleData>
		<SimpleData name="IST_AD">Seki Köyü</SimpleData>
		<SimpleData name="IST_TIP">MGI</SimpleData>
		<SimpleData name="BOLGE_NO">21</SimpleData>
		<SimpleData name="RASAT_TIP">YB</SimpleData>
		<SimpleData name="ILI">Denizli</SimpleData>
		<SimpleData name="ILCESI">Tavas</SimpleData>
		<SimpleData name="IST_KOT">710</SimpleData>
		<SimpleData name="DURUMU">A</SimpleData>
		<SimpleData name="IST_AC">1993/01/01 00:00:00</SimpleData>
		<SimpleData name="P25_PNO">M21-c1</SimpleData>
		<SimpleData name="UTM_ZONE">35</SimpleData>
		<SimpleData name="UTMY">4173880</SimpleData>
		<SimpleData name="UTMX">659350</SimpleData>
		<SimpleData name="COORH_X">541178.25</SimpleData>
	</SchemaData></ExtendedData>
      <Point><coordinates>28.8070014444146,37.6966453594545</coordinates></Point>
  </Placemark>
  <Placemark id="cikti_dsimgi.166">
	<ExtendedData><SchemaData schemaUrl="#cikti_dsimgi">
		<SimpleData name="OBJECTID">166</SimpleData>
		<SimpleData name="HAVZA_NO">07</SimpleData>
		<SimpleData name="IST_NO">0-7038</SimpleData>
		<SimpleData name="IST_AD">Yaylakavak Baraji</SimpleData>
		<SimpleData name="IST_TIP">MGI</SimpleData>
		<SimpleData name="BOLGE_NO">21</SimpleData>
		<SimpleData name="RASAT_TIP">YB</SimpleData>
		<SimpleData name="ILI">Aydin</SimpleData>
		<SimpleData name="ILCESI">Karpuzlu</SimpleData>
		<SimpleData name="IST_KOT">164</SimpleData>
		<SimpleData name="DURUMU">A</SimpleData>
		<SimpleData name="IST_AC">1997/05/10 00:00:00</SimpleData>
		<SimpleData name="P25_PNO">M19-c4</SimpleData>
		<SimpleData name="UTM_ZONE">35</SimpleData>
		<SimpleData name="UTMY">4159300</SimpleData>
		<SimpleData name="UTMX">571190</SimpleData>
		<SimpleData name="COORH_X">451883.0625</SimpleData>
	</SchemaData></ExtendedData>
      <Point><coordinates>27.8057517758628,37.5763276192108</coordinates></Point>
  </Placemark>
  <Placemark id="cikti_dsimgi.167">
	<ExtendedData><SchemaData schemaUrl="#cikti_dsimgi">
		<SimpleData name="OBJECTID">167</SimpleData>
		<SimpleData name="HAVZA_NO">08</SimpleData>
		<SimpleData name="IST_NO">08-001</SimpleData>
		<SimpleData name="IST_AD">Pinarköy</SimpleData>
		<SimpleData name="IST_TIP">MGI</SimpleData>
		<SimpleData name="BOLGE_NO">21</SimpleData>
		<SimpleData name="RASAT_TIP">Y</SimpleData>
		<SimpleData name="ILI">Mugla</SimpleData>
		<SimpleData name="ILCESI">Milas</SimpleData>
		<SimpleData name="IST_KOT">510</SimpleData>
		<SimpleData name="DURUMU">K</SimpleData>
		<SimpleData name="IST_AC">1961/08/06 00:00:00</SimpleData>
		<SimpleData name="IST_KAP">1973/05/04 00:00:00</SimpleData>
		<SimpleData name="P25_PNO">N19-c3</SimpleData>
		<SimpleData name="UTM_ZONE">35</SimpleData>
		<SimpleData name="UTMY">4106070</SimpleData>
		<SimpleData name="UTMX">585850</SimpleData>
		<SimpleData name="COORH_X">462233.65625</SimpleData>
	</SchemaData></ExtendedData>
      <Point><coordinates>27.9655938185863,37.0953389850322</coordinates></Point>
  </Placemark>
  <Placemark id="cikti_dsimgi.168">
	<ExtendedData><SchemaData schemaUrl="#cikti_dsimgi">
		<SimpleData name="OBJECTID">168</SimpleData>
		<SimpleData name="HAVZA_NO">08</SimpleData>
		<SimpleData name="IST_NO">08-002</SimpleData>
		<SimpleData name="IST_AD">Çamköy</SimpleData>
		<SimpleData name="IST_TIP">MGI</SimpleData>
		<SimpleData name="BOLGE_NO">21</SimpleData>
		<SimpleData name="RASAT_TIP">YB</SimpleData>
		<SimpleData name="ILI">Mugla</SimpleData>
		<SimpleData name="ILCESI">Milas</SimpleData>
		<SimpleData name="IST_KOT">240</SimpleData>
		<SimpleData name="DURUMU">A</SimpleData>
		<SimpleData name="IST_AC">1961/08/04 00:00:00</SimpleData>
		<SimpleData name="P25_PNO">N19-c1</SimpleData>
		<SimpleData name="UTM_ZONE">35</SimpleData>
		<SimpleData name="UTMY">4117020</SimpleData>
		<SimpleData name="UTMX">574270</SimpleData>
		<SimpleData name="COORH_X">451536.5</SimpleData>
	</SchemaData></ExtendedData>
      <Point><coordinates>27.8363857577639,37.1950226655952</coordinates></Point>
  </Placemark>
  <Placemark id="cikti_dsimgi.169">
	<ExtendedData><SchemaData schemaUrl="#cikti_dsimgi">
		<SimpleData name="OBJECTID">169</SimpleData>
		<SimpleData name="HAVZA_NO">08</SimpleData>
		<SimpleData name="IST_NO">08-003</SimpleData>
		<SimpleData name="IST_AD">Mumcular (Karaova)</SimpleData>
		<SimpleData name="IST_TIP">MGI</SimpleData>
		<SimpleData name="BOLGE_NO">21</SimpleData>
		<SimpleData name="RASAT_TIP">YB</SimpleData>
		<SimpleData name="ILI">Mugla</SimpleData>
		<SimpleData name="ILCESI">Bodrum</SimpleData>
		<SimpleData name="IST_KOT">120</SimpleData>
		<SimpleData name="DURUMU">A</SimpleData>
		<SimpleData name="IST_AC">1961/08/10 00:00:00</SimpleData>
		<SimpleData name="P25_PNO">N19-d3</SimpleData>
		<SimpleData name="UTM_ZONE">35</SimpleData>
		<SimpleData name="UTMY">4107700</SimpleData>
		<SimpleData name="UTMX">559030</SimpleData>
		<SimpleData name="COORH_X">435536.25</SimpleData>
	</SchemaData></ExtendedData>
      <Point><coordinates>27.6639440094448,37.1121042732262</coordinates></Point>
  </Placemark>
  <Placemark id="cikti_dsimgi.170">
	<ExtendedData><SchemaData schemaUrl="#cikti_dsimgi">
		<SimpleData name="OBJECTID">170</SimpleData>
		<SimpleData name="HAVZA_NO">08</SimpleData>
		<SimpleData name="IST_NO">08-004</SimpleData>
		<SimpleData name="IST_AD">Kozlukuyu (Gökova)</SimpleData>
		<SimpleData name="IST_TIP">MGI</SimpleData>
		<SimpleData name="BOLGE_NO">21</SimpleData>
		<SimpleData name="RASAT_TIP">Y</SimpleData>
		<SimpleData name="ILI">Mugla</SimpleData>
		<SimpleData name="ILCESI">Ula</SimpleData>
		<SimpleData name="IST_KOT">25</SimpleData>
		<SimpleData name="DURUMU">K</SimpleData>
		<SimpleData name="IST_AC">1961/08/18 00:00:00</SimpleData>
		<SimpleData name="IST_KAP">1973/05/15 00:00:00</SimpleData>
		<SimpleData name="P25_PNO">N20-c4</SimpleData>
		<SimpleData name="UTM_ZONE">35</SimpleData>
		<SimpleData name="UTMY">4101900</SimpleData>
		<SimpleData name="UTMX">621630</SimpleData>
		<SimpleData name="COORH_X">497690.375</SimpleData>
	</SchemaData></ExtendedData>
      <Point><coordinates>28.3674555819743,37.0537992805966</coordinates></Point>
  </Placemark>
  <Placemark id="cikti_dsimgi.171">
	<ExtendedData><SchemaData schemaUrl="#cikti_dsimgi">
		<SimpleData name="OBJECTID">171</SimpleData>
		<SimpleData name="HAVZA_NO">08</SimpleData>
		<SimpleData name="IST_NO">08-005</SimpleData>
		<SimpleData name="IST_AD">Nifköy (Arpacik)</SimpleData>
		<SimpleData name="IST_TIP">MGI</SimpleData>
		<SimpleData name="BOLGE_NO">21</SimpleData>
		<SimpleData name="RASAT_TIP">Y</SimpleData>
		<SimpleData name="ILI">Mugla</SimpleData>
		<SimpleData name="ILCESI">Fethiye</SimpleData>
		<SimpleData name="IST_KOT">960</SimpleData>
		<SimpleData name="DURUMU">A</SimpleData>
		<SimpleData name="IST_AC">1961/07/29 00:00:00</SimpleData>
		<SimpleData name="P25_PNO">O22-a3</SimpleData>
		<SimpleData name="UTM_ZONE">35</SimpleData>
		<SimpleData name="UTMY">4079190</SimpleData>
		<SimpleData name="UTMX">693970</SimpleData>
		<SimpleData name="COORH_X">568248.0625</SimpleData>
	</SchemaData></ExtendedData>
      <Point><coordinates>29.1747698365265,36.8370670831486</coordinates></Point>
  </Placemark>
  <Placemark id="cikti_dsimgi.172">
	<ExtendedData><SchemaData schemaUrl="#cikti_dsimgi">
		<SimpleData name="OBJECTID">172</SimpleData>
		<SimpleData name="HAVZA_NO">08</SimpleData>
		<SimpleData name="IST_NO">08-006</SimpleData>
		<SimpleData name="IST_AD">Gölcük (Ula)</SimpleData>
		<SimpleData name="IST_TIP">MGI</SimpleData>
		<SimpleData name="BOLGE_NO">21</SimpleData>
		<SimpleData name="RASAT_TIP">YB</SimpleData>
		<SimpleData name="ILI">Mugla</SimpleData>
		<SimpleData name="ILCESI">Ula</SimpleData>
		<SimpleData name="IST_KOT">730</SimpleData>
		<SimpleData name="DURUMU">A</SimpleData>
		<SimpleData name="IST_AC">1961/08/14 00:00:00</SimpleData>
		<SimpleData name="P25_PNO">N21-d1</SimpleData>
		<SimpleData name="UTM_ZONE">35</SimpleData>
		<SimpleData name="UTMY">4110930</SimpleData>
		<SimpleData name="UTMX">636460</SimpleData>
		<SimpleData name="COORH_X">513249.5625</SimpleData>
	</SchemaData></ExtendedData>
      <Point><coordinates>28.5358317551315,37.1331291705341</coordinates></Point>
  </Placemark>
  <Placemark id="cikti_dsimgi.173">
	<ExtendedData><SchemaData schemaUrl="#cikti_dsimgi">
		<SimpleData name="OBJECTID">173</SimpleData>
		<SimpleData name="HAVZA_NO">08</SimpleData>
		<SimpleData name="IST_NO">08-007</SimpleData>
		<SimpleData name="IST_AD">Gölcük (Acipayam)</SimpleData>
		<SimpleData name="IST_TIP">MGI</SimpleData>
		<SimpleData name="BOLGE_NO">21</SimpleData>
		<SimpleData name="RASAT_TIP">YB</SimpleData>
		<SimpleData name="ILI">Denizli</SimpleData>
		<SimpleData name="ILCESI">Acipayam</SimpleData>
		<SimpleData name="IST_KOT">750</SimpleData>
		<SimpleData name="DURUMU">K</SimpleData>
		<SimpleData name="IST_AC">1961/08/29 00:00:00</SimpleData>
		<SimpleData name="IST_KAP">1991/08/01 00:00:00</SimpleData>
		<SimpleData name="P25_PNO">N22-d2</SimpleData>
		<SimpleData name="UTM_ZONE">35</SimpleData>
		<SimpleData name="UTMY">4115590</SimpleData>
		<SimpleData name="UTMX">697210</SimpleData>
		<SimpleData name="COORH_X">574377.6875</SimpleData>
	</SchemaData></ExtendedData>
      <Point><coordinates>29.2205985589279,37.1642740707315</coordinates></Point>
  </Placemark>
  <Placemark id="cikti_dsimgi.174">
	<ExtendedData><SchemaData schemaUrl="#cikti_dsimgi">
		<SimpleData name="OBJECTID">174</SimpleData>
		<SimpleData name="HAVZA_NO">08</SimpleData>
		<SimpleData name="IST_NO">08-008</SimpleData>
		<SimpleData name="IST_AD">Örenköy</SimpleData>
		<SimpleData name="IST_TIP">MGI</SimpleData>
		<SimpleData name="BOLGE_NO">21</SimpleData>
		<SimpleData name="RASAT_TIP">Y</SimpleData>
		<SimpleData name="ILI">Mugla</SimpleData>
		<SimpleData name="ILCESI">Fethiye</SimpleData>
		<SimpleData name="IST_KOT">240</SimpleData>
		<SimpleData name="DURUMU">A</SimpleData>
		<SimpleData name="IST_AC">1961/07/26 00:00:00</SimpleData>
		<SimpleData name="P25_PNO">O22-b3</SimpleData>
		<SimpleData name="UTM_ZONE">35</SimpleData>
		<SimpleData name="UTMY">4070440</SimpleData>
		<SimpleData name="UTMX">713530</SimpleData>
		<SimpleData name="COORH_X">587125.3125</SimpleData>
	</SchemaData></ExtendedData>
      <Point><coordinates>29.3915024004792,36.7540442230282</coordinates></Point>
  </Placemark>
  <Placemark id="cikti_dsimgi.175">
	<ExtendedData><SchemaData schemaUrl="#cikti_dsimgi">
		<SimpleData name="OBJECTID">175</SimpleData>
		<SimpleData name="HAVZA_NO">08</SimpleData>
		<SimpleData name="IST_NO">08-009</SimpleData>
		<SimpleData name="IST_AD">Yesilyuva</SimpleData>
		<SimpleData name="IST_TIP">MGI</SimpleData>
		<SimpleData name="BOLGE_NO">21</SimpleData>
		<SimpleData name="RASAT_TIP">Y</SimpleData>
		<SimpleData name="ILI">Denizli</SimpleData>
		<SimpleData name="ILCESI">Acipayam</SimpleData>
		<SimpleData name="IST_KOT">1100</SimpleData>
		<SimpleData name="DURUMU">K</SimpleData>
		<SimpleData name="IST_AC">1961/09/02 00:00:00</SimpleData>
		<SimpleData name="IST_KAP">1980/10/20 00:00:00</SimpleData>
		<SimpleData name="P25_PNO">M22-c3</SimpleData>
		<SimpleData name="UTM_ZONE">35</SimpleData>
		<SimpleData name="UTMY">4161700</SimpleData>
		<SimpleData name="UTMX">714630</SimpleData>
		<SimpleData name="COORH_X">595451.875</SimpleData>
	</SchemaData></ExtendedData>
      <Point><coordinates>29.4300004538023,37.5756907253508</coordinates></Point>
  </Placemark>
  <Placemark id="cikti_dsimgi.176">
	<ExtendedData><SchemaData schemaUrl="#cikti_dsimgi">
		<SimpleData name="OBJECTID">176</SimpleData>
		<SimpleData name="HAVZA_NO">08</SimpleData>
		<SimpleData name="IST_NO">08-015</SimpleData>
		<SimpleData name="IST_AD">Kizilkaya</SimpleData>
		<SimpleData name="IST_TIP">MGI</SimpleData>
		<SimpleData name="BOLGE_NO">21</SimpleData>
		<SimpleData name="RASAT_TIP">Y</SimpleData>
		<SimpleData name="ILI">Mugla</SimpleData>
		<SimpleData name="ILCESI">Fethiye</SimpleData>
		<SimpleData name="IST_KOT">280</SimpleData>
		<SimpleData name="DURUMU">A</SimpleData>
		<SimpleData name="IST_AC">1970/09/17 00:00:00</SimpleData>
		<SimpleData name="P25_PNO">O21-b3</SimpleData>
		<SimpleData name="UTM_ZONE">35</SimpleData>
		<SimpleData name="UTMY">4076450</SimpleData>
		<SimpleData name="UTMX">671710</SimpleData>
		<SimpleData name="COORH_X">545758.3125</SimpleData>
	</SchemaData></ExtendedData>
      <Point><coordinates>28.9246581516096,36.8166846706074</coordinates></Point>
  </Placemark>
  <Placemark id="cikti_dsimgi.177">
	<ExtendedData><SchemaData schemaUrl="#cikti_dsimgi">
		<SimpleData name="OBJECTID">177</SimpleData>
		<SimpleData name="HAVZA_NO">08</SimpleData>
		<SimpleData name="IST_NO">08-019</SimpleData>
		<SimpleData name="IST_AD">Dereköy</SimpleData>
		<SimpleData name="IST_TIP">MGI</SimpleData>
		<SimpleData name="BOLGE_NO">21</SimpleData>
		<SimpleData name="RASAT_TIP">Y</SimpleData>
		<SimpleData name="ILI">Mugla</SimpleData>
		<SimpleData name="ILCESI">Bodrum</SimpleData>
		<SimpleData name="IST_KOT">45</SimpleData>
		<SimpleData name="DURUMU">K</SimpleData>
		<SimpleData name="IST_AC">1968/10/04 00:00:00</SimpleData>
		<SimpleData name="IST_KAP">1973/05/03 00:00:00</SimpleData>
		<SimpleData name="P25_PNO">N18-c4</SimpleData>
		<SimpleData name="UTM_ZONE">35</SimpleData>
		<SimpleData name="UTMY">4099760</SimpleData>
		<SimpleData name="UTMX">525240</SimpleData>
		<SimpleData name="COORH_X">401086.1875</SimpleData>
	</SchemaData></ExtendedData>
      <Point><coordinates>27.2833655155996,37.0420513397299</coordinates></Point>
  </Placemark>
  <Placemark id="cikti_dsimgi.178">
	<ExtendedData><SchemaData schemaUrl="#cikti_dsimgi">
		<SimpleData name="OBJECTID">178</SimpleData>
		<SimpleData name="HAVZA_NO">08</SimpleData>
		<SimpleData name="IST_NO">08-024</SimpleData>
		<SimpleData name="IST_AD">Akkaya</SimpleData>
		<SimpleData name="IST_TIP">MGI</SimpleData>
		<SimpleData name="BOLGE_NO">21</SimpleData>
		<SimpleData name="RASAT_TIP">Y</SimpleData>
		<SimpleData name="ILI">Mugla</SimpleData>
		<SimpleData name="ILCESI">Ula</SimpleData>
		<SimpleData name="IST_KOT">20</SimpleData>
		<SimpleData name="DURUMU">K</SimpleData>
		<SimpleData name="IST_AC">1961/08/18 00:00:00</SimpleData>
		<SimpleData name="IST_KAP">1966/09/01 00:00:00</SimpleData>
		<SimpleData name="P25_PNO">N20-c4</SimpleData>
		<SimpleData name="UTM_ZONE">35</SimpleData>
		<SimpleData name="UTMY">4101860</SimpleData>
		<SimpleData name="UTMX">617850</SimpleData>
		<SimpleData name="COORH_X">493905.78125</SimpleData>
	</SchemaData></ExtendedData>
      <Point><coordinates>28.3249479609507,37.0539211622147</coordinates></Point>
  </Placemark>
  <Placemark id="cikti_dsimgi.179">
	<ExtendedData><SchemaData schemaUrl="#cikti_dsimgi">
		<SimpleData name="OBJECTID">179</SimpleData>
		<SimpleData name="HAVZA_NO">08</SimpleData>
		<SimpleData name="IST_NO">08-027</SimpleData>
		<SimpleData name="IST_AD">Narli</SimpleData>
		<SimpleData name="IST_TIP">MGI</SimpleData>
		<SimpleData name="BOLGE_NO">21</SimpleData>
		<SimpleData name="RASAT_TIP">YB</SimpleData>
		<SimpleData name="ILI">Mugla</SimpleData>
		<SimpleData name="ILCESI">Köycegiz</SimpleData>
		<SimpleData name="IST_KOT">430</SimpleData>
		<SimpleData name="DURUMU">A</SimpleData>
		<SimpleData name="IST_AC">1977/06/15 00:00:00</SimpleData>
		<SimpleData name="P25_PNO">O22-a1</SimpleData>
		<SimpleData name="UTM_ZONE">35</SimpleData>
		<SimpleData name="UTMY">4096150</SimpleData>
		<SimpleData name="UTMX">681730</SimpleData>
		<SimpleData name="COORH_X">557350.5625</SimpleData>
	</SchemaData></ExtendedData>
      <Point><coordinates>29.0416589601705,36.9922870326801</coordinates></Point>
  </Placemark>
  <Placemark id="cikti_dsimgi.180">
	<ExtendedData><SchemaData schemaUrl="#cikti_dsimgi">
		<SimpleData name="OBJECTID">180</SimpleData>
		<SimpleData name="HAVZA_NO">08</SimpleData>
		<SimpleData name="IST_NO">08-029</SimpleData>
		<SimpleData name="IST_AD">Kavacik</SimpleData>
		<SimpleData name="IST_TIP">MGI</SimpleData>
		<SimpleData name="BOLGE_NO">21</SimpleData>
		<SimpleData name="RASAT_TIP">YB</SimpleData>
		<SimpleData name="ILI">Mugla</SimpleData>
		<SimpleData name="ILCESI">Kögcegiz</SimpleData>
		<SimpleData name="IST_KOT">700</SimpleData>
		<SimpleData name="DURUMU">A</SimpleData>
		<SimpleData name="IST_AC">1981/11/25 00:00:00</SimpleData>
		<SimpleData name="P25_PNO">O21-b1</SimpleData>
		<SimpleData name="UTM_ZONE">35</SimpleData>
		<SimpleData name="UTMY">4092970</SimpleData>
		<SimpleData name="UTMX">662750</SimpleData>
		<SimpleData name="COORH_X">538110.75</SimpleData>
	</SchemaData></ExtendedData>
      <Point><coordinates>28.8277976410981,36.9671121064168</coordinates></Point>
  </Placemark>
  <Placemark id="cikti_dsimgi.181">
	<ExtendedData><SchemaData schemaUrl="#cikti_dsimgi">
		<SimpleData name="OBJECTID">181</SimpleData>
		<SimpleData name="HAVZA_NO">10</SimpleData>
		<SimpleData name="IST_NO">10-012</SimpleData>
		<SimpleData name="IST_AD">Akpinar</SimpleData>
		<SimpleData name="IST_TIP">MGI</SimpleData>
		<SimpleData name="BOLGE_NO">21</SimpleData>
		<SimpleData name="RASAT_TIP">YB</SimpleData>
		<SimpleData name="ILI">Aydin</SimpleData>
		<SimpleData name="ILCESI">Basmakçi</SimpleData>
		<SimpleData name="IST_KOT">848</SimpleData>
		<SimpleData name="DURUMU">A</SimpleData>
		<SimpleData name="IST_AC">1988/07/01 00:00:00</SimpleData>
		<SimpleData name="P25_PNO">M23-b3</SimpleData>
		<SimpleData name="CKS_BOYLAM">29:54:00</SimpleData>
		<SimpleData name="CKS_ENLEM">37:49:00</SimpleData>
		<SimpleData name="UTM_ZONE">35</SimpleData>
		<SimpleData name="UTMY">4189600</SimpleData>
		<SimpleData name="UTMX">757160</SimpleData>
		<SimpleData name="COORH_X">640151.1875</SimpleData>
	</SchemaData></ExtendedData>
      <Point><coordinates>29.920929000695,37.8159454532579</coordinates></Point>
  </Placemark>
  <Placemark id="cikti_dsimgi.182">
	<ExtendedData><SchemaData schemaUrl="#cikti_dsimgi">
		<SimpleData name="OBJECTID">182</SimpleData>
		<SimpleData name="HAVZA_NO">12</SimpleData>
		<SimpleData name="IST_NO">12-047</SimpleData>
		<SimpleData name="IST_AD">Fevziye</SimpleData>
		<SimpleData name="IST_TIP">MGI</SimpleData>
		<SimpleData name="BOLGE_NO">01</SimpleData>
		<SimpleData name="RASAT_TIP">YB</SimpleData>
		<SimpleData name="ILI">Bursa</SimpleData>
		<SimpleData name="ILCESI">Inegöl</SimpleData>
		<SimpleData name="IST_KOT">950</SimpleData>
		<SimpleData name="DURUMU">A</SimpleData>
		<SimpleData name="IST_AC">1963/09/09 00:00:00</SimpleData>
		<SimpleData name="CKS_BOYLAM">29:22:39</SimpleData>
		<SimpleData name="CKS_ENLEM">40:01:47</SimpleData>
		<SimpleData name="UTM_ZONE">35</SimpleData>
		<SimpleData name="UTMY">4433835</SimpleData>
		<SimpleData name="UTMX">702866</SimpleData>
		<SimpleData name="COORH_X">605478.8125</SimpleData>
	</SchemaData></ExtendedData>
      <Point><coordinates>29.3769785850508,40.0286864018597</coordinates></Point>
  </Placemark>
  <Placemark id="cikti_dsimgi.183">
	<ExtendedData><SchemaData schemaUrl="#cikti_dsimgi">
		<SimpleData name="OBJECTID">183</SimpleData>
		<SimpleData name="HAVZA_NO">12</SimpleData>
		<SimpleData name="IST_NO">12-048</SimpleData>
		<SimpleData name="IST_AD">Mezit</SimpleData>
		<SimpleData name="IST_TIP">MGI</SimpleData>
		<SimpleData name="BOLGE_NO">01</SimpleData>
		<SimpleData name="RASAT_TIP">YB</SimpleData>
		<SimpleData name="ILI">Bursa</SimpleData>
		<SimpleData name="ILCESI">Inegöl</SimpleData>
		<SimpleData name="IST_KOT">860</SimpleData>
		<SimpleData name="DURUMU">A</SimpleData>
		<SimpleData name="IST_AC">1963/09/01 00:00:00</SimpleData>
		<SimpleData name="CKS_BOYLAM">29:42:51</SimpleData>
		<SimpleData name="CKS_ENLEM">39:55:21</SimpleData>
		<SimpleData name="UTM_ZONE">35</SimpleData>
		<SimpleData name="UTMY">4422754</SimpleData>
		<SimpleData name="UTMX">731974</SimpleData>
		<SimpleData name="COORH_X">633605.0625</SimpleData>
	</SchemaData></ExtendedData>
      <Point><coordinates>29.7138172421525,39.9214652066386</coordinates></Point>
  </Placemark>
  <Placemark id="cikti_dsimgi.184">
	<ExtendedData><SchemaData schemaUrl="#cikti_dsimgi">
		<SimpleData name="OBJECTID">184</SimpleData>
		<SimpleData name="HAVZA_NO">12</SimpleData>
		<SimpleData name="IST_NO">12-052</SimpleData>
		<SimpleData name="IST_AD">Dedik</SimpleData>
		<SimpleData name="IST_TIP">MGI</SimpleData>
		<SimpleData name="BOLGE_NO">03</SimpleData>
		<SimpleData name="RASAT_TIP">YB</SimpleData>
		<SimpleData name="ILI">Kütahya</SimpleData>
		<SimpleData name="ILCESI">Merkez</SimpleData>
		<SimpleData name="IST_KOT">1025</SimpleData>
		<SimpleData name="DURUMU">K</SimpleData>
		<SimpleData name="IST_AC">1968/09/27 00:00:00</SimpleData>
		<SimpleData name="IST_KAP">1997/12/31 00:00:00</SimpleData>
		<SimpleData name="P25_PNO">I23-d3</SimpleData>
		<SimpleData name="UTM_ZONE">35</SimpleData>
		<SimpleData name="UTMY">4381005</SimpleData>
		<SimpleData name="UTMX">735360</SimpleData>
		<SimpleData name="COORH_X">633629.4375</SimpleData>
	</SchemaData></ExtendedData>
      <Point><coordinates>29.7384746696242,39.5447989771421</coordinates></Point>
  </Placemark>
  <Placemark id="cikti_dsimgi.185">
	<ExtendedData><SchemaData schemaUrl="#cikti_dsimgi">
		<SimpleData name="OBJECTID">185</SimpleData>
		<SimpleData name="HAVZA_NO">12</SimpleData>
		<SimpleData name="IST_NO">12-058</SimpleData>
		<SimpleData name="IST_AD">Oysu</SimpleData>
		<SimpleData name="IST_TIP">MGI</SimpleData>
		<SimpleData name="BOLGE_NO">03</SimpleData>
		<SimpleData name="RASAT_TIP">Y</SimpleData>
		<SimpleData name="ILI">Kütahya</SimpleData>
		<SimpleData name="ILCESI">Altintas</SimpleData>
		<SimpleData name="IST_KOT">1060</SimpleData>
		<SimpleData name="DURUMU">A</SimpleData>
		<SimpleData name="IST_AC">1971/09/01 00:00:00</SimpleData>
		<SimpleData name="P25_PNO">K23-b2</SimpleData>
		<SimpleData name="UTM_ZONE">35</SimpleData>
		<SimpleData name="UTMY">4317594</SimpleData>
		<SimpleData name="UTMX">750772</SimpleData>
		<SimpleData name="COORH_X">643931.3125</SimpleData>
	</SchemaData></ExtendedData>
      <Point><coordinates>29.8940419738131,38.9697827400239</coordinates></Point>
  </Placemark>
  <Placemark id="cikti_dsimgi.186">
	<ExtendedData><SchemaData schemaUrl="#cikti_dsimgi">
		<SimpleData name="OBJECTID">186</SimpleData>
		<SimpleData name="HAVZA_NO">12</SimpleData>
		<SimpleData name="IST_NO">12-064</SimpleData>
		<SimpleData name="IST_AD">Mahmudiye</SimpleData>
		<SimpleData name="IST_TIP">MGI</SimpleData>
		<SimpleData name="BOLGE_NO">01</SimpleData>
		<SimpleData name="RASAT_TIP">YB</SimpleData>
		<SimpleData name="ILI">Bursa</SimpleData>
		<SimpleData name="ILCESI">Yeni Sehir</SimpleData>
		<SimpleData name="IST_KOT">350</SimpleData>
		<SimpleData name="DURUMU">A</SimpleData>
		<SimpleData name="IST_AC">1982/11/01 00:00:00</SimpleData>
		<SimpleData name="CKS_BOYLAM">29:41:41</SimpleData>
		<SimpleData name="CKS_ENLEM">29:41:42</SimpleData>
		<SimpleData name="UTM_ZONE">35</SimpleData>
		<SimpleData name="UTMY">4455388</SimpleData>
		<SimpleData name="UTMX">729313</SimpleData>
		<SimpleData name="COORH_X">633579.125</SimpleData>
	</SchemaData></ExtendedData>
      <Point><coordinates>29.6942682562771,40.2158858365486</coordinates></Point>
  </Placemark>
  <Placemark id="cikti_dsimgi.187">
	<ExtendedData><SchemaData schemaUrl="#cikti_dsimgi">
		<SimpleData name="OBJECTID">187</SimpleData>
		<SimpleData name="HAVZA_NO">01</SimpleData>
		<SimpleData name="IST_NO">01-001</SimpleData>
		<SimpleData name="IST_AD">Ipsala</SimpleData>
		<SimpleData name="IST_TIP">MGI</SimpleData>
		<SimpleData name="BOLGE_NO">11</SimpleData>
		<SimpleData name="RASAT_TIP">Y</SimpleData>
		<SimpleData name="ILI">Edirne</SimpleData>
		<SimpleData name="ILCESI">Ipsala</SimpleData>
		<SimpleData name="IST_KOT">45</SimpleData>
		<SimpleData name="DURUMU">K</SimpleData>
		<SimpleData name="IST_AC">1963/12/24 00:00:00</SimpleData>
		<SimpleData name="IST_KAP">1967/07/01 00:00:00</SimpleData>
		<SimpleData name="CKS_BOYLAM">26:23:15</SimpleData>
		<SimpleData name="CKS_ENLEM">40:55:15</SimpleData>
		<SimpleData name="UTM_ZONE">35</SimpleData>
		<SimpleData name="UTMY">0</SimpleData>
		<SimpleData name="UTMX">0</SimpleData>
		<SimpleData name="COORH_X">359629.84375</SimpleData>
	</SchemaData></ExtendedData>
      <Point><coordinates>26.3869911517747,40.9198478478549</coordinates></Point>
  </Placemark>
  <Placemark id="cikti_dsimgi.188">
	<ExtendedData><SchemaData schemaUrl="#cikti_dsimgi">
		<SimpleData name="OBJECTID">188</SimpleData>
		<SimpleData name="HAVZA_NO">01</SimpleData>
		<SimpleData name="IST_NO">01-002</SimpleData>
		<SimpleData name="IST_AD">Altinyazi Baraji</SimpleData>
		<SimpleData name="IST_TIP">MGI</SimpleData>
		<SimpleData name="BOLGE_NO">11</SimpleData>
		<SimpleData name="RASAT_TIP">YB</SimpleData>
		<SimpleData name="ILI">Edirne</SimpleData>
		<SimpleData name="ILCESI">Uzunköprü</SimpleData>
		<SimpleData name="IST_KOT">60</SimpleData>
		<SimpleData name="DURUMU">A</SimpleData>
		<SimpleData name="IST_AC">1974/07/01 00:00:00</SimpleData>
		<SimpleData name="CKS_BOYLAM">26:35:25</SimpleData>
		<SimpleData name="CKS_ENLEM">41:04:55</SimpleData>
		<SimpleData name="UTM_ZONE">35</SimpleData>
		<SimpleData name="UTMY">0</SimpleData>
		<SimpleData name="UTMX">0</SimpleData>
		<SimpleData name="COORH_X">378190.875</SimpleData>
	</SchemaData></ExtendedData>
      <Point><coordinates>26.5897724360703,41.0809638888416</coordinates></Point>
  </Placemark>
  <Placemark id="cikti_dsimgi.189">
	<ExtendedData><SchemaData schemaUrl="#cikti_dsimgi">
		<SimpleData name="OBJECTID">189</SimpleData>
		<SimpleData name="HAVZA_NO">01</SimpleData>
		<SimpleData name="IST_NO">01-003</SimpleData>
		<SimpleData name="IST_AD">Kozköy</SimpleData>
		<SimpleData name="IST_TIP">MGI</SimpleData>
		<SimpleData name="BOLGE_NO">11</SimpleData>
		<SimpleData name="RASAT_TIP">YB</SimpleData>
		<SimpleData name="ILI">Edirne</SimpleData>
		<SimpleData name="ILCESI">Kesan</SimpleData>
		<SimpleData name="IST_KOT">50</SimpleData>
		<SimpleData name="DURUMU">K</SimpleData>
		<SimpleData name="IST_AC">1964/12/03 00:00:00</SimpleData>
		<SimpleData name="IST_KAP">1974/06/30 00:00:00</SimpleData>
		<SimpleData name="CKS_BOYLAM">26:36:35</SimpleData>
		<SimpleData name="CKS_ENLEM">41:01:30</SimpleData>
		<SimpleData name="UTM_ZONE">35</SimpleData>
		<SimpleData name="UTMY">0</SimpleData>
		<SimpleData name="UTMX">0</SimpleData>
		<SimpleData name="COORH_X">379273.40625</SimpleData>
	</SchemaData></ExtendedData>
      <Point><coordinates>26.6092178995974,41.0240182123995</coordinates></Point>
  </Placemark>
  <Placemark id="cikti_dsimgi.190">
	<ExtendedData><SchemaData schemaUrl="#cikti_dsimgi">
		<SimpleData name="OBJECTID">190</SimpleData>
		<SimpleData name="HAVZA_NO">01</SimpleData>
		<SimpleData name="IST_NO">01-004</SimpleData>
		<SimpleData name="IST_AD">Anittepe (Beyazköy)</SimpleData>
		<SimpleData name="IST_TIP">MGI</SimpleData>
		<SimpleData name="BOLGE_NO">11</SimpleData>
		<SimpleData name="RASAT_TIP">YB</SimpleData>
		<SimpleData name="ILI">Tekirdag</SimpleData>
		<SimpleData name="ILCESI">Saray</SimpleData>
		<SimpleData name="IST_KOT">90</SimpleData>
		<SimpleData name="DURUMU">A</SimpleData>
		<SimpleData name="IST_AC">1964/11/29 00:00:00</SimpleData>
		<SimpleData name="CKS_BOYLAM">27:41:40</SimpleData>
		<SimpleData name="CKS_ENLEM">41:20:50</SimpleData>
		<SimpleData name="UTM_ZONE">35</SimpleData>
		<SimpleData name="UTMY">0</SimpleData>
		<SimpleData name="UTMX">0</SimpleData>
		<SimpleData name="COORH_X">472835.46875</SimpleData>
	</SchemaData></ExtendedData>
      <Point><coordinates>27.6939644769543,41.3462540348376</coordinates></Point>
  </Placemark>
  <Placemark id="cikti_dsimgi.191">
	<ExtendedData><SchemaData schemaUrl="#cikti_dsimgi">
		<SimpleData name="OBJECTID">191</SimpleData>
		<SimpleData name="HAVZA_NO">01</SimpleData>
		<SimpleData name="IST_NO">01-005</SimpleData>
		<SimpleData name="IST_AD">Armagan</SimpleData>
		<SimpleData name="IST_TIP">MGI</SimpleData>
		<SimpleData name="BOLGE_NO">11</SimpleData>
		<SimpleData name="RASAT_TIP">YB</SimpleData>
		<SimpleData name="ILI">Kirklareli</SimpleData>
		<SimpleData name="ILCESI">Merkez</SimpleData>
		<SimpleData name="IST_KOT">395</SimpleData>
		<SimpleData name="DURUMU">A</SimpleData>
		<SimpleData name="IST_AC">1965/07/15 00:00:00</SimpleData>
		<SimpleData name="CKS_BOYLAM">27:25:30</SimpleData>
		<SimpleData name="CKS_ENLEM">41:51:55</SimpleData>
		<SimpleData name="UTM_ZONE">35</SimpleData>
		<SimpleData name="UTMY">0</SimpleData>
		<SimpleData name="UTMX">0</SimpleData>
		<SimpleData name="COORH_X">454765.71875</SimpleData>
	</SchemaData></ExtendedData>
      <Point><coordinates>27.4245082064482,41.8643208296481</coordinates></Point>
  </Placemark>
  <Placemark id="cikti_dsimgi.192">
	<ExtendedData><SchemaData schemaUrl="#cikti_dsimgi">
		<SimpleData name="OBJECTID">192</SimpleData>
		<SimpleData name="HAVZA_NO">01</SimpleData>
		<SimpleData name="IST_NO">01-006</SimpleData>
		<SimpleData name="IST_AD">Hamzabeyli</SimpleData>
		<SimpleData name="IST_TIP">MGI</SimpleData>
		<SimpleData name="BOLGE_NO">11</SimpleData>
		<SimpleData name="RASAT_TIP">YB</SimpleData>
		<SimpleData name="ILI">Edirne</SimpleData>
		<SimpleData name="ILCESI">Lalapasa</SimpleData>
		<SimpleData name="IST_KOT">359</SimpleData>
		<SimpleData name="DURUMU">K</SimpleData>
		<SimpleData name="IST_AC">1965/07/14 00:00:00</SimpleData>
		<SimpleData name="IST_KAP">1974/05/31 00:00:00</SimpleData>
		<SimpleData name="CKS_BOYLAM">26:38:30</SimpleData>
		<SimpleData name="CKS_ENLEM">41:57:45</SimpleData>
		<SimpleData name="UTM_ZONE">35</SimpleData>
		<SimpleData name="UTMY">0</SimpleData>
		<SimpleData name="UTMX">0</SimpleData>
		<SimpleData name="COORH_X">390885.6875</SimpleData>
	</SchemaData></ExtendedData>
      <Point><coordinates>26.6411539639813,41.9615411372293</coordinates></Point>
  </Placemark>
  <Placemark id="cikti_dsimgi.193">
	<ExtendedData><SchemaData schemaUrl="#cikti_dsimgi">
		<SimpleData name="OBJECTID">193</SimpleData>
		<SimpleData name="HAVZA_NO">01</SimpleData>
		<SimpleData name="IST_NO">01-007</SimpleData>
		<SimpleData name="IST_AD">Bostanli</SimpleData>
		<SimpleData name="IST_TIP">MGI</SimpleData>
		<SimpleData name="BOLGE_NO">11</SimpleData>
		<SimpleData name="RASAT_TIP">YB</SimpleData>
		<SimpleData name="ILI">Edirne</SimpleData>
		<SimpleData name="ILCESI">Havsa</SimpleData>
		<SimpleData name="IST_KOT">100</SimpleData>
		<SimpleData name="DURUMU">K</SimpleData>
		<SimpleData name="IST_AC">1967/07/08 00:00:00</SimpleData>
		<SimpleData name="IST_KAP">1972/10/30 00:00:00</SimpleData>
		<SimpleData name="CKS_BOYLAM">26:58:10</SimpleData>
		<SimpleData name="CKS_ENLEM">41:36:40</SimpleData>
		<SimpleData name="UTM_ZONE">35</SimpleData>
		<SimpleData name="UTMY">0</SimpleData>
		<SimpleData name="UTMX">0</SimpleData>
		<SimpleData name="COORH_X">414755.84375</SimpleData>
	</SchemaData></ExtendedData>
      <Point><coordinates>26.9689435430544,41.6101454373777</coordinates></Point>
  </Placemark>
  <Placemark id="cikti_dsimgi.194">
	<ExtendedData><SchemaData schemaUrl="#cikti_dsimgi">
		<SimpleData name="OBJECTID">194</SimpleData>
		<SimpleData name="HAVZA_NO">01</SimpleData>
		<SimpleData name="IST_NO">01-008</SimpleData>
		<SimpleData name="IST_AD">Yukari Kanara</SimpleData>
		<SimpleData name="IST_TIP">MGI</SimpleData>
		<SimpleData name="BOLGE_NO">11</SimpleData>
		<SimpleData name="RASAT_TIP">YB</SimpleData>
		<SimpleData name="ILI">Kirklareli</SimpleData>
		<SimpleData name="ILCESI">Kofcaz</SimpleData>
		<SimpleData name="IST_KOT">395</SimpleData>
		<SimpleData name="DURUMU">A</SimpleData>
		<SimpleData name="IST_AC">1966/08/27 00:00:00</SimpleData>
		<SimpleData name="CKS_BOYLAM">27:04:40</SimpleData>
		<SimpleData name="CKS_ENLEM">41:01:05</SimpleData>
		<SimpleData name="UTM_ZONE">35</SimpleData>
		<SimpleData name="UTMY">0</SimpleData>
		<SimpleData name="UTMX">0</SimpleData>
		<SimpleData name="COORH_X">418435.625</SimpleData>
	</SchemaData></ExtendedData>
      <Point><coordinates>27.077285302289,41.0170761498575</coordinates></Point>
  </Placemark>
  <Placemark id="cikti_dsimgi.195">
	<ExtendedData><SchemaData schemaUrl="#cikti_dsimgi">
		<SimpleData name="OBJECTID">195</SimpleData>
		<SimpleData name="HAVZA_NO">01</SimpleData>
		<SimpleData name="IST_NO">01-009</SimpleData>
		<SimpleData name="IST_AD">Doganköy</SimpleData>
		<SimpleData name="IST_TIP">MGI</SimpleData>
		<SimpleData name="BOLGE_NO">11</SimpleData>
		<SimpleData name="RASAT_TIP">YB</SimpleData>
		<SimpleData name="ILI">Tekirdag</SimpleData>
		<SimpleData name="ILCESI">Malkara</SimpleData>
		<SimpleData name="IST_KOT">250</SimpleData>
		<SimpleData name="DURUMU">A</SimpleData>
		<SimpleData name="IST_AC">1966/09/03 00:00:00</SimpleData>
		<SimpleData name="CKS_BOYLAM">26:50:30</SimpleData>
		<SimpleData name="CKS_ENLEM">41:04:30</SimpleData>
		<SimpleData name="UTM_ZONE">35</SimpleData>
		<SimpleData name="UTMY">0</SimpleData>
		<SimpleData name="UTMX">0</SimpleData>
		<SimpleData name="COORH_X">399172.46875</SimpleData>
	</SchemaData></ExtendedData>
      <Point><coordinates>26.8411677232833,41.0740206495643</coordinates></Point>
  </Placemark>
  <Placemark id="cikti_dsimgi.196">
	<ExtendedData><SchemaData schemaUrl="#cikti_dsimgi">
		<SimpleData name="OBJECTID">196</SimpleData>
		<SimpleData name="HAVZA_NO">01</SimpleData>
		<SimpleData name="IST_NO">01-010</SimpleData>
		<SimpleData name="IST_AD">Kurtdere</SimpleData>
		<SimpleData name="IST_TIP">MGI</SimpleData>
		<SimpleData name="BOLGE_NO">11</SimpleData>
		<SimpleData name="RASAT_TIP">YB</SimpleData>
		<SimpleData name="ILI">Tekirdag</SimpleData>
		<SimpleData name="ILCESI">Hayrabolu</SimpleData>
		<SimpleData name="IST_KOT">75</SimpleData>
		<SimpleData name="DURUMU">A</SimpleData>
		<SimpleData name="IST_AC">1968/09/13 00:00:00</SimpleData>
		<SimpleData name="CKS_BOYLAM">27:05:25</SimpleData>
		<SimpleData name="CKS_ENLEM">41:02:30</SimpleData>
		<SimpleData name="UTM_ZONE">35</SimpleData>
		<SimpleData name="UTMY">0</SimpleData>
		<SimpleData name="UTMX">0</SimpleData>
		<SimpleData name="COORH_X">419694.875</SimpleData>
	</SchemaData></ExtendedData>
      <Point><coordinates>27.0897853716441,41.0406878814183</coordinates></Point>
  </Placemark>
  <Placemark id="cikti_dsimgi.197">
	<ExtendedData><SchemaData schemaUrl="#cikti_dsimgi">
		<SimpleData name="OBJECTID">197</SimpleData>
		<SimpleData name="HAVZA_NO">01</SimpleData>
		<SimpleData name="IST_NO">01-011</SimpleData>
		<SimpleData name="IST_AD">Koyuntepe</SimpleData>
		<SimpleData name="IST_TIP">MGI</SimpleData>
		<SimpleData name="BOLGE_NO">11</SimpleData>
		<SimpleData name="RASAT_TIP">YB</SimpleData>
		<SimpleData name="ILI">Edirne</SimpleData>
		<SimpleData name="ILCESI">Ipsala</SimpleData>
		<SimpleData name="IST_KOT">50</SimpleData>
		<SimpleData name="DURUMU">A</SimpleData>
		<SimpleData name="IST_AC">1968/08/20 00:00:00</SimpleData>
		<SimpleData name="CKS_BOYLAM">26:20:25</SimpleData>
		<SimpleData name="CKS_ENLEM">40:46:00</SimpleData>
		<SimpleData name="UTM_ZONE">35</SimpleData>
		<SimpleData name="UTMY">0</SimpleData>
		<SimpleData name="UTMX">0</SimpleData>
		<SimpleData name="COORH_X">354138.53125</SimpleData>
	</SchemaData></ExtendedData>
      <Point><coordinates>26.3397692189275,40.7656772705717</coordinates></Point>
  </Placemark>
  <Placemark id="cikti_dsimgi.198">
	<ExtendedData><SchemaData schemaUrl="#cikti_dsimgi">
		<SimpleData name="OBJECTID">198</SimpleData>
		<SimpleData name="HAVZA_NO">01</SimpleData>
		<SimpleData name="IST_NO">01-012</SimpleData>
		<SimpleData name="IST_AD">Ömeroba</SimpleData>
		<SimpleData name="IST_TIP">MGI</SimpleData>
		<SimpleData name="BOLGE_NO">11</SimpleData>
		<SimpleData name="RASAT_TIP">YB</SimpleData>
		<SimpleData name="ILI">Edirne</SimpleData>
		<SimpleData name="ILCESI">Lalapasa</SimpleData>
		<SimpleData name="IST_KOT">355</SimpleData>
		<SimpleData name="DURUMU">A</SimpleData>
		<SimpleData name="IST_AC">1968/08/13 00:00:00</SimpleData>
		<SimpleData name="CKS_BOYLAM">26:55:50</SimpleData>
		<SimpleData name="CKS_ENLEM">41:55:30</SimpleData>
		<SimpleData name="UTM_ZONE">35</SimpleData>
		<SimpleData name="UTMY">0</SimpleData>
		<SimpleData name="UTMX">0</SimpleData>
		<SimpleData name="COORH_X">414400.625</SimpleData>
	</SchemaData></ExtendedData>
      <Point><coordinates>26.9300505895133,41.9240418189175</coordinates></Point>
  </Placemark>
  <Placemark id="cikti_dsimgi.199">
	<ExtendedData><SchemaData schemaUrl="#cikti_dsimgi">
		<SimpleData name="OBJECTID">199</SimpleData>
		<SimpleData name="HAVZA_NO">01</SimpleData>
		<SimpleData name="IST_NO">01-013</SimpleData>
		<SimpleData name="IST_AD">Marmaracik</SimpleData>
		<SimpleData name="IST_TIP">MGI</SimpleData>
		<SimpleData name="BOLGE_NO">11</SimpleData>
		<SimpleData name="RASAT_TIP">YB</SimpleData>
		<SimpleData name="ILI">Tekirdag</SimpleData>
		<SimpleData name="ILCESI">çorlu</SimpleData>
		<SimpleData name="IST_KOT">150</SimpleData>
		<SimpleData name="DURUMU">K</SimpleData>
		<SimpleData name="IST_AC">1969/03/10 00:00:00</SimpleData>
		<SimpleData name="IST_KAP">1972/10/30 00:00:00</SimpleData>
		<SimpleData name="CKS_BOYLAM">27:47:00</SimpleData>
		<SimpleData name="CKS_ENLEM">41:13:00</SimpleData>
		<SimpleData name="UTM_ZONE">35</SimpleData>
		<SimpleData name="UTMY">0</SimpleData>
		<SimpleData name="UTMX">0</SimpleData>
		<SimpleData name="COORH_X">479202.03125</SimpleData>
	</SchemaData></ExtendedData>
      <Point><coordinates>27.7828568055871,41.2156957674364</coordinates></Point>
  </Placemark>
  <Placemark id="cikti_dsimgi.200">
	<ExtendedData><SchemaData schemaUrl="#cikti_dsimgi">
		<SimpleData name="OBJECTID">200</SimpleData>
		<SimpleData name="HAVZA_NO">01</SimpleData>
		<SimpleData name="IST_NO">01-014</SimpleData>
		<SimpleData name="IST_AD">Ayvacik</SimpleData>
		<SimpleData name="IST_TIP">MGI</SimpleData>
		<SimpleData name="BOLGE_NO">11</SimpleData>
		<SimpleData name="RASAT_TIP">YB</SimpleData>
		<SimpleData name="ILI">Tekirdag</SimpleData>
		<SimpleData name="ILCESI">Saray</SimpleData>
		<SimpleData name="IST_KOT">200</SimpleData>
		<SimpleData name="DURUMU">A</SimpleData>
		<SimpleData name="IST_AC">1969/04/09 00:00:00</SimpleData>
		<SimpleData name="CKS_BOYLAM">27:56:40</SimpleData>
		<SimpleData name="CKS_ENLEM">41:30:25</SimpleData>
		<SimpleData name="UTM_ZONE">35</SimpleData>
		<SimpleData name="UTMY">0</SimpleData>
		<SimpleData name="UTMX">0</SimpleData>
		<SimpleData name="COORH_X">494954.03125</SimpleData>
	</SchemaData></ExtendedData>
      <Point><coordinates>27.9439693245452,41.5059814584364</coordinates></Point>
  </Placemark>
  <Placemark id="cikti_dsimgi.201">
	<ExtendedData><SchemaData schemaUrl="#cikti_dsimgi">
		<SimpleData name="OBJECTID">201</SimpleData>
		<SimpleData name="HAVZA_NO">01</SimpleData>
		<SimpleData name="IST_NO">01-015</SimpleData>
		<SimpleData name="IST_AD">Karaidemir Baraji</SimpleData>
		<SimpleData name="IST_TIP">MGI</SimpleData>
		<SimpleData name="BOLGE_NO">11</SimpleData>
		<SimpleData name="RASAT_TIP">YB</SimpleData>
		<SimpleData name="ILI">Tekirdag</SimpleData>
		<SimpleData name="ILCESI">Malkara</SimpleData>
		<SimpleData name="IST_KOT">110</SimpleData>
		<SimpleData name="DURUMU">A</SimpleData>
		<SimpleData name="IST_AC">1984/06/01 00:00:00</SimpleData>
		<SimpleData name="CKS_BOYLAM">27:00:50</SimpleData>
		<SimpleData name="CKS_ENLEM">40:57:35</SimpleData>
		<SimpleData name="UTM_ZONE">35</SimpleData>
		<SimpleData name="UTMY">0</SimpleData>
		<SimpleData name="UTMX">0</SimpleData>
		<SimpleData name="COORH_X">412551.96875</SimpleData>
	</SchemaData></ExtendedData>
      <Point><coordinates>27.0133953538845,40.9587410856685</coordinates></Point>
  </Placemark>
  <Placemark id="cikti_dsimgi.202">
	<ExtendedData><SchemaData schemaUrl="#cikti_dsimgi">
		<SimpleData name="OBJECTID">202</SimpleData>
		<SimpleData name="HAVZA_NO">01</SimpleData>
		<SimpleData name="IST_NO">01-016</SimpleData>
		<SimpleData name="IST_AD">Yenidibek (Pismanköy)</SimpleData>
		<SimpleData name="IST_TIP">MGI</SimpleData>
		<SimpleData name="BOLGE_NO">11</SimpleData>
		<SimpleData name="RASAT_TIP">YB</SimpleData>
		<SimpleData name="ILI">Tekirdag</SimpleData>
		<SimpleData name="ILCESI">Malkara</SimpleData>
		<SimpleData name="IST_KOT">150</SimpleData>
		<SimpleData name="DURUMU">A</SimpleData>
		<SimpleData name="IST_AC">1969/07/17 00:00:00</SimpleData>
		<SimpleData name="CKS_BOYLAM">26:50:00</SimpleData>
		<SimpleData name="CKS_ENLEM">40:46:20</SimpleData>
		<SimpleData name="UTM_ZONE">35</SimpleData>
		<SimpleData name="UTMY">0</SimpleData>
		<SimpleData name="UTMX">0</SimpleData>
		<SimpleData name="COORH_X">395663.65625</SimpleData>
	</SchemaData></ExtendedData>
      <Point><coordinates>26.8328370206143,40.7712356593415</coordinates></Point>
  </Placemark>
  <Placemark id="cikti_dsimgi.203">
	<ExtendedData><SchemaData schemaUrl="#cikti_dsimgi">
		<SimpleData name="OBJECTID">203</SimpleData>
		<SimpleData name="HAVZA_NO">01</SimpleData>
		<SimpleData name="IST_NO">01-017</SimpleData>
		<SimpleData name="IST_AD">Ahmetçe</SimpleData>
		<SimpleData name="IST_TIP">MGI</SimpleData>
		<SimpleData name="BOLGE_NO">11</SimpleData>
		<SimpleData name="RASAT_TIP">YB</SimpleData>
		<SimpleData name="ILI">Tekirdag</SimpleData>
		<SimpleData name="ILCESI">Merkez</SimpleData>
		<SimpleData name="IST_KOT">250</SimpleData>
		<SimpleData name="DURUMU">A</SimpleData>
		<SimpleData name="IST_AC">1968/08/31 00:00:00</SimpleData>
		<SimpleData name="CKS_BOYLAM">27:12:45</SimpleData>
		<SimpleData name="CKS_ENLEM">40:52:35</SimpleData>
		<SimpleData name="UTM_ZONE">35</SimpleData>
		<SimpleData name="UTMY">0</SimpleData>
		<SimpleData name="UTMX">0</SimpleData>
		<SimpleData name="COORH_X">428484.40625</SimpleData>
	</SchemaData></ExtendedData>
      <Point><coordinates>27.2120122137707,40.8754068423814</coordinates></Point>
  </Placemark>
  <Placemark id="cikti_dsimgi.204">
	<ExtendedData><SchemaData schemaUrl="#cikti_dsimgi">
		<SimpleData name="OBJECTID">204</SimpleData>
		<SimpleData name="HAVZA_NO">01</SimpleData>
		<SimpleData name="IST_NO">01-018</SimpleData>
		<SimpleData name="IST_AD">Süloglu Baraji</SimpleData>
		<SimpleData name="IST_TIP">MGI</SimpleData>
		<SimpleData name="BOLGE_NO">11</SimpleData>
		<SimpleData name="RASAT_TIP">YB</SimpleData>
		<SimpleData name="ILI">Edirne</SimpleData>
		<SimpleData name="ILCESI">Süleoglu</SimpleData>
		<SimpleData name="IST_KOT">203</SimpleData>
		<SimpleData name="DURUMU">A</SimpleData>
		<SimpleData name="IST_AC">1983/08/01 00:00:00</SimpleData>
		<SimpleData name="CKS_BOYLAM">26:54:50</SimpleData>
		<SimpleData name="CKS_ENLEM">41:47:25</SimpleData>
		<SimpleData name="UTM_ZONE">35</SimpleData>
		<SimpleData name="UTMY">0</SimpleData>
		<SimpleData name="UTMX">0</SimpleData>
		<SimpleData name="COORH_X">411786.46875</SimpleData>
	</SchemaData></ExtendedData>
      <Point><coordinates>26.913384827219,41.7893161987642</coordinates></Point>
  </Placemark>
  <Placemark id="cikti_dsimgi.205">
	<ExtendedData><SchemaData schemaUrl="#cikti_dsimgi">
		<SimpleData name="OBJECTID">205</SimpleData>
		<SimpleData name="HAVZA_NO">01</SimpleData>
		<SimpleData name="IST_NO">01-019</SimpleData>
		<SimpleData name="IST_AD">Kayaliköy Baraji</SimpleData>
		<SimpleData name="IST_TIP">MGI</SimpleData>
		<SimpleData name="BOLGE_NO">11</SimpleData>
		<SimpleData name="RASAT_TIP">YB</SimpleData>
		<SimpleData name="ILI">Kirklareli</SimpleData>
		<SimpleData name="ILCESI">Merkez</SimpleData>
		<SimpleData name="IST_KOT">247</SimpleData>
		<SimpleData name="DURUMU">A</SimpleData>
		<SimpleData name="IST_AC">1986/05/01 00:00:00</SimpleData>
		<SimpleData name="CKS_BOYLAM">27:07:45</SimpleData>
		<SimpleData name="CKS_ENLEM">41:47:15</SimpleData>
		<SimpleData name="UTM_ZONE">35</SimpleData>
		<SimpleData name="UTMY">0</SimpleData>
		<SimpleData name="UTMX">0</SimpleData>
		<SimpleData name="COORH_X">429592.84375</SimpleData>
	</SchemaData></ExtendedData>
      <Point><coordinates>27.1286681165056,41.7865395400286</coordinates></Point>
  </Placemark>
  <Placemark id="cikti_dsimgi.206">
	<ExtendedData><SchemaData schemaUrl="#cikti_dsimgi">
		<SimpleData name="OBJECTID">206</SimpleData>
		<SimpleData name="HAVZA_NO">02</SimpleData>
		<SimpleData name="IST_NO">02-001</SimpleData>
		<SimpleData name="IST_AD">Esen (Katirli)</SimpleData>
		<SimpleData name="IST_TIP">MGI</SimpleData>
		<SimpleData name="BOLGE_NO">01</SimpleData>
		<SimpleData name="RASAT_TIP">YB</SimpleData>
		<SimpleData name="ILI">Bursa</SimpleData>
		<SimpleData name="ILCESI">Karacabey</SimpleData>
		<SimpleData name="IST_KOT">15</SimpleData>
		<SimpleData name="DURUMU">K</SimpleData>
		<SimpleData name="IST_AC">1963/03/16 00:00:00</SimpleData>
		<SimpleData name="IST_KAP">1972/12/31 00:00:00</SimpleData>
		<SimpleData name="CKS_BOYLAM">28:58:00</SimpleData>
		<SimpleData name="CKS_ENLEM">40:37:00</SimpleData>
		<SimpleData name="UTM_ZONE">35</SimpleData>
		<SimpleData name="UTMY">0</SimpleData>
		<SimpleData name="UTMX">0</SimpleData>
		<SimpleData name="COORH_X">574292.875</SimpleData>
	</SchemaData></ExtendedData>
      <Point><coordinates>28.9662254778285,40.6156874799648</coordinates></Point>
  </Placemark>
  <Placemark id="cikti_dsimgi.207">
	<ExtendedData><SchemaData schemaUrl="#cikti_dsimgi">
		<SimpleData name="OBJECTID">207</SimpleData>
		<SimpleData name="HAVZA_NO">02</SimpleData>
		<SimpleData name="IST_NO">02-005</SimpleData>
		<SimpleData name="IST_AD">Isiklar</SimpleData>
		<SimpleData name="IST_TIP">MGI</SimpleData>
		<SimpleData name="BOLGE_NO">11</SimpleData>
		<SimpleData name="RASAT_TIP">Y</SimpleData>
		<SimpleData name="ILI">Tekirdag</SimpleData>
		<SimpleData name="ILCESI">Merkez</SimpleData>
		<SimpleData name="IST_KOT">325</SimpleData>
		<SimpleData name="DURUMU">A</SimpleData>
		<SimpleData name="IST_AC">1966/11/18 00:00:00</SimpleData>
		<SimpleData name="CKS_BOYLAM">27:20:15</SimpleData>
		<SimpleData name="CKS_ENLEM">40:50:50</SimpleData>
		<SimpleData name="UTM_ZONE">35</SimpleData>
		<SimpleData name="UTMY">0</SimpleData>
		<SimpleData name="UTMX">0</SimpleData>
		<SimpleData name="COORH_X">438736.34375</SimpleData>
	</SchemaData></ExtendedData>
      <Point><coordinates>27.3370156419135,40.8462401519942</coordinates></Point>
  </Placemark>
  <Placemark id="cikti_dsimgi.208">
	<ExtendedData><SchemaData schemaUrl="#cikti_dsimgi">
		<SimpleData name="OBJECTID">208</SimpleData>
		<SimpleData name="HAVZA_NO">02</SimpleData>
		<SimpleData name="IST_NO">02-006</SimpleData>
		<SimpleData name="IST_AD">Kalayci</SimpleData>
		<SimpleData name="IST_TIP">MGI</SimpleData>
		<SimpleData name="BOLGE_NO">11</SimpleData>
		<SimpleData name="RASAT_TIP">YB</SimpleData>
		<SimpleData name="ILI">Tekirdag</SimpleData>
		<SimpleData name="ILCESI">Malkara</SimpleData>
		<SimpleData name="IST_KOT">170</SimpleData>
		<SimpleData name="DURUMU">A</SimpleData>
		<SimpleData name="IST_AC">1966/11/16 00:00:00</SimpleData>
		<SimpleData name="CKS_BOYLAM">27:07:40</SimpleData>
		<SimpleData name="CKS_ENLEM">40:47:50</SimpleData>
		<SimpleData name="UTM_ZONE">35</SimpleData>
		<SimpleData name="UTMY">0</SimpleData>
		<SimpleData name="UTMX">0</SimpleData>
		<SimpleData name="COORH_X">420661.0625</SimpleData>
	</SchemaData></ExtendedData>
      <Point><coordinates>27.1272886070375,40.796237839432</coordinates></Point>
  </Placemark>
  <Placemark id="cikti_dsimgi.209">
	<ExtendedData><SchemaData schemaUrl="#cikti_dsimgi">
		<SimpleData name="OBJECTID">209</SimpleData>
		<SimpleData name="HAVZA_NO">02</SimpleData>
		<SimpleData name="IST_NO">02-009</SimpleData>
		<SimpleData name="IST_AD">Sislioba</SimpleData>
		<SimpleData name="IST_TIP">MGI</SimpleData>
		<SimpleData name="BOLGE_NO">11</SimpleData>
		<SimpleData name="RASAT_TIP">YB</SimpleData>
		<SimpleData name="ILI">Kirklareli</SimpleData>
		<SimpleData name="ILCESI">Demirköy</SimpleData>
		<SimpleData name="IST_KOT">40</SimpleData>
		<SimpleData name="DURUMU">A</SimpleData>
		<SimpleData name="IST_AC">1965/07/20 00:00:00</SimpleData>
		<SimpleData name="CKS_BOYLAM">27:54:45</SimpleData>
		<SimpleData name="CKS_ENLEM">41:58:00</SimpleData>
		<SimpleData name="UTM_ZONE">35</SimpleData>
		<SimpleData name="UTMY">0</SimpleData>
		<SimpleData name="UTMX">0</SimpleData>
		<SimpleData name="COORH_X">495920.78125</SimpleData>
	</SchemaData></ExtendedData>
      <Point><coordinates>27.9120197187971,41.9657148663927</coordinates></Point>
  </Placemark>
  <Placemark id="cikti_dsimgi.210">
	<ExtendedData><SchemaData schemaUrl="#cikti_dsimgi">
		<SimpleData name="OBJECTID">210</SimpleData>
		<SimpleData name="HAVZA_NO">02</SimpleData>
		<SimpleData name="IST_NO">02-010</SimpleData>
		<SimpleData name="IST_AD">Ulupelit</SimpleData>
		<SimpleData name="IST_TIP">MGI</SimpleData>
		<SimpleData name="BOLGE_NO">14</SimpleData>
		<SimpleData name="RASAT_TIP">Y</SimpleData>
		<SimpleData name="ILI">Istanbul</SimpleData>
		<SimpleData name="ILCESI">Merkez</SimpleData>
		<SimpleData name="IST_KOT">200</SimpleData>
		<SimpleData name="DURUMU">K</SimpleData>
		<SimpleData name="IST_AC">1967/11/03 00:00:00</SimpleData>
		<SimpleData name="IST_KAP">1970/07/01 00:00:00</SimpleData>
		<SimpleData name="CKS_BOYLAM">29:32:00</SimpleData>
		<SimpleData name="CKS_ENLEM">41:05:00</SimpleData>
		<SimpleData name="UTM_ZONE">35</SimpleData>
		<SimpleData name="UTMY">0</SimpleData>
		<SimpleData name="UTMX">0</SimpleData>
		<SimpleData name="COORH_X">624876.1875</SimpleData>
	</SchemaData></ExtendedData>
      <Point><coordinates>29.5329025998268,41.0823680955115</coordinates></Point>
  </Placemark>
  <Placemark id="cikti_dsimgi.211">
	<ExtendedData><SchemaData schemaUrl="#cikti_dsimgi">
		<SimpleData name="OBJECTID">211</SimpleData>
		<SimpleData name="HAVZA_NO">02</SimpleData>
		<SimpleData name="IST_NO">02-017</SimpleData>
		<SimpleData name="IST_AD">Abdurrahim</SimpleData>
		<SimpleData name="IST_TIP">MGI</SimpleData>
		<SimpleData name="BOLGE_NO">11</SimpleData>
		<SimpleData name="RASAT_TIP">YB</SimpleData>
		<SimpleData name="ILI">Edirne</SimpleData>
		<SimpleData name="ILCESI">Enez</SimpleData>
		<SimpleData name="IST_KOT">25</SimpleData>
		<SimpleData name="DURUMU">A</SimpleData>
		<SimpleData name="IST_AC">1963/06/01 00:00:00</SimpleData>
		<SimpleData name="CKS_BOYLAM">26:15:40</SimpleData>
		<SimpleData name="CKS_ENLEM">40:38:30</SimpleData>
		<SimpleData name="UTM_ZONE">35</SimpleData>
		<SimpleData name="UTMY">0</SimpleData>
		<SimpleData name="UTMX">0</SimpleData>
		<SimpleData name="COORH_X">346228.375</SimpleData>
	</SchemaData></ExtendedData>
      <Point><coordinates>26.2606017668943,40.6406739140536</coordinates></Point>
  </Placemark>
  <Placemark id="cikti_dsimgi.212">
	<ExtendedData><SchemaData schemaUrl="#cikti_dsimgi">
		<SimpleData name="OBJECTID">212</SimpleData>
		<SimpleData name="HAVZA_NO">02</SimpleData>
		<SimpleData name="IST_NO">02-026</SimpleData>
		<SimpleData name="IST_AD">Istranca (Krm. Der.)</SimpleData>
		<SimpleData name="IST_TIP">MGI</SimpleData>
		<SimpleData name="BOLGE_NO">14</SimpleData>
		<SimpleData name="RASAT_TIP">Y</SimpleData>
		<SimpleData name="ILI">Istanbul</SimpleData>
		<SimpleData name="ILCESI">Çatalca</SimpleData>
		<SimpleData name="IST_KOT">31</SimpleData>
		<SimpleData name="DURUMU">A</SimpleData>
		<SimpleData name="IST_AC">1984/06/19 00:00:00</SimpleData>
		<SimpleData name="CKS_BOYLAM">23:39:00</SimpleData>
		<SimpleData name="CKS_ENLEM">40:59:00</SimpleData>
		<SimpleData name="UTM_ZONE">35</SimpleData>
		<SimpleData name="UTMY">0</SimpleData>
		<SimpleData name="UTMX">0</SimpleData>
		<SimpleData name="COORH_X">550086.4375</SimpleData>
	</SchemaData></ExtendedData>
      <Point><coordinates>28.6495476007577,40.982361289085</coordinates></Point>
  </Placemark>
  <Placemark id="cikti_dsimgi.213">
	<ExtendedData><SchemaData schemaUrl="#cikti_dsimgi">
		<SimpleData name="OBJECTID">213</SimpleData>
		<SimpleData name="HAVZA_NO">02</SimpleData>
		<SimpleData name="IST_NO">02-028</SimpleData>
		<SimpleData name="IST_AD">Türkmenli</SimpleData>
		<SimpleData name="IST_TIP">MGI</SimpleData>
		<SimpleData name="BOLGE_NO">11</SimpleData>
		<SimpleData name="RASAT_TIP">Y</SimpleData>
		<SimpleData name="ILI">Tekirdag</SimpleData>
		<SimpleData name="ILCESI">Mar.Ergls</SimpleData>
		<SimpleData name="IST_KOT">100</SimpleData>
		<SimpleData name="DURUMU">K</SimpleData>
		<SimpleData name="IST_AC">1988/01/01 00:00:00</SimpleData>
		<SimpleData name="IST_KAP">1989/02/01 00:00:00</SimpleData>
		<SimpleData name="CKS_BOYLAM">27:51:25</SimpleData>
		<SimpleData name="CKS_ENLEM">41:02:40</SimpleData>
		<SimpleData name="UTM_ZONE">35</SimpleData>
		<SimpleData name="UTMY">0</SimpleData>
		<SimpleData name="UTMX">0</SimpleData>
		<SimpleData name="COORH_X">483987.15625</SimpleData>
	</SchemaData></ExtendedData>
      <Point><coordinates>27.8564713753897,41.0434698002098</coordinates></Point>
  </Placemark>
  <Placemark id="cikti_dsimgi.214">
	<ExtendedData><SchemaData schemaUrl="#cikti_dsimgi">
		<SimpleData name="OBJECTID">214</SimpleData>
		<SimpleData name="HAVZA_NO">02</SimpleData>
		<SimpleData name="IST_NO">02-029</SimpleData>
		<SimpleData name="IST_AD">Büyük Kiliçli</SimpleData>
		<SimpleData name="IST_TIP">MGI</SimpleData>
		<SimpleData name="BOLGE_NO">11</SimpleData>
		<SimpleData name="RASAT_TIP">YB</SimpleData>
		<SimpleData name="ILI">Tekirdag</SimpleData>
		<SimpleData name="ILCESI">Mar.Ergls</SimpleData>
		<SimpleData name="IST_KOT">100</SimpleData>
		<SimpleData name="DURUMU">A</SimpleData>
		<SimpleData name="IST_AC">1987/01/03 00:00:00</SimpleData>
		<SimpleData name="CKS_BOYLAM">28:11:30</SimpleData>
		<SimpleData name="CKS_ENLEM">41:09:45</SimpleData>
		<SimpleData name="UTM_ZONE">35</SimpleData>
		<SimpleData name="UTMY">0</SimpleData>
		<SimpleData name="UTMX">0</SimpleData>
		<SimpleData name="COORH_X">512947.875</SimpleData>
	</SchemaData></ExtendedData>
      <Point><coordinates>28.1912010219905,41.1615299480253</coordinates></Point>
  </Placemark>
  <Placemark id="cikti_dsimgi.215">
	<ExtendedData><SchemaData schemaUrl="#cikti_dsimgi">
		<SimpleData name="OBJECTID">215</SimpleData>
		<SimpleData name="HAVZA_NO">03</SimpleData>
		<SimpleData name="IST_NO">03-006</SimpleData>
		<SimpleData name="IST_AD">Gölyazi (Apolyant)</SimpleData>
		<SimpleData name="IST_TIP">MGI</SimpleData>
		<SimpleData name="BOLGE_NO">01</SimpleData>
		<SimpleData name="RASAT_TIP">YB</SimpleData>
		<SimpleData name="ILI">Bursa</SimpleData>
		<SimpleData name="ILCESI">Inegöl</SimpleData>
		<SimpleData name="IST_KOT">10</SimpleData>
		<SimpleData name="DURUMU">K</SimpleData>
		<SimpleData name="IST_AC">1961/09/13 00:00:00</SimpleData>
		<SimpleData name="IST_KAP">1985/05/01 00:00:00</SimpleData>
		<SimpleData name="CKS_BOYLAM">28:42:00</SimpleData>
		<SimpleData name="CKS_ENLEM">40:10:00</SimpleData>
		<SimpleData name="UTM_ZONE">35</SimpleData>
		<SimpleData name="UTMY">0</SimpleData>
		<SimpleData name="UTMX">0</SimpleData>
		<SimpleData name="COORH_X">548675.25</SimpleData>
	</SchemaData></ExtendedData>
      <Point><coordinates>28.6995558760188,40.1656756376609</coordinates></Point>
  </Placemark>
  <Placemark id="cikti_dsimgi.216">
	<ExtendedData><SchemaData schemaUrl="#cikti_dsimgi">
		<SimpleData name="OBJECTID">216</SimpleData>
		<SimpleData name="HAVZA_NO">03</SimpleData>
		<SimpleData name="IST_NO">03-007</SimpleData>
		<SimpleData name="IST_AD">Kestelek</SimpleData>
		<SimpleData name="IST_TIP">MGI</SimpleData>
		<SimpleData name="BOLGE_NO">01</SimpleData>
		<SimpleData name="RASAT_TIP">YB</SimpleData>
		<SimpleData name="ILI">Bursa</SimpleData>
		<SimpleData name="ILCESI">Kestelk</SimpleData>
		<SimpleData name="IST_KOT">30</SimpleData>
		<SimpleData name="DURUMU">K</SimpleData>
		<SimpleData name="IST_AC">1961/09/17 00:00:00</SimpleData>
		<SimpleData name="IST_KAP">1972/12/31 00:00:00</SimpleData>
		<SimpleData name="CKS_BOYLAM">28:36:00</SimpleData>
		<SimpleData name="CKS_ENLEM">39:58:00</SimpleData>
		<SimpleData name="UTM_ZONE">35</SimpleData>
		<SimpleData name="UTMY">0</SimpleData>
		<SimpleData name="UTMX">0</SimpleData>
		<SimpleData name="COORH_X">538770.75</SimpleData>
	</SchemaData></ExtendedData>
      <Point><coordinates>28.5995550370998,39.9656705514746</coordinates></Point>
  </Placemark>
  <Placemark id="cikti_dsimgi.217">
	<ExtendedData><SchemaData schemaUrl="#cikti_dsimgi">
		<SimpleData name="OBJECTID">217</SimpleData>
		<SimpleData name="HAVZA_NO">03</SimpleData>
		<SimpleData name="IST_NO">03-012</SimpleData>
		<SimpleData name="IST_AD">Barakli</SimpleData>
		<SimpleData name="IST_TIP">MGI</SimpleData>
		<SimpleData name="BOLGE_NO">01</SimpleData>
		<SimpleData name="RASAT_TIP">YB</SimpleData>
		<SimpleData name="ILI">Bursa</SimpleData>
		<SimpleData name="ILCESI">Merkez</SimpleData>
		<SimpleData name="IST_KOT">1000</SimpleData>
		<SimpleData name="DURUMU">K</SimpleData>
		<SimpleData name="IST_AC">1961/09/27 00:00:00</SimpleData>
		<SimpleData name="IST_KAP">1972/12/31 00:00:00</SimpleData>
		<SimpleData name="CKS_BOYLAM">29:15:00</SimpleData>
		<SimpleData name="CKS_ENLEM">39:58:00</SimpleData>
		<SimpleData name="UTM_ZONE">35</SimpleData>
		<SimpleData name="UTMY">0</SimpleData>
		<SimpleData name="UTMX">0</SimpleData>
		<SimpleData name="COORH_X">594228.25</SimpleData>
	</SchemaData></ExtendedData>
      <Point><coordinates>29.2495713647947,39.9656737103351</coordinates></Point>
  </Placemark>
  <Placemark id="cikti_dsimgi.218">
	<ExtendedData><SchemaData schemaUrl="#cikti_dsimgi">
		<SimpleData name="OBJECTID">218</SimpleData>
		<SimpleData name="HAVZA_NO">03</SimpleData>
		<SimpleData name="IST_NO">03-028</SimpleData>
		<SimpleData name="IST_AD">Topuk</SimpleData>
		<SimpleData name="IST_TIP">MGI</SimpleData>
		<SimpleData name="BOLGE_NO">01</SimpleData>
		<SimpleData name="RASAT_TIP">YB</SimpleData>
		<SimpleData name="ILI">Bursa</SimpleData>
		<SimpleData name="ILCESI">Merkez</SimpleData>
		<SimpleData name="IST_KOT">750</SimpleData>
		<SimpleData name="DURUMU">K</SimpleData>
		<SimpleData name="IST_AC">1983/03/15 00:00:00</SimpleData>
		<SimpleData name="IST_KAP">1990/04/12 00:00:00</SimpleData>
		<SimpleData name="CKS_BOYLAM">28:59:00</SimpleData>
		<SimpleData name="CKS_ENLEM">39:58:00</SimpleData>
		<SimpleData name="UTM_ZONE">35</SimpleData>
		<SimpleData name="UTMY">0</SimpleData>
		<SimpleData name="UTMX">0</SimpleData>
		<SimpleData name="COORH_X">571473.4375</SimpleData>
	</SchemaData></ExtendedData>
      <Point><coordinates>28.9828980154137,39.9656724318124</coordinates></Point>
  </Placemark>
  <Placemark id="cikti_dsimgi.219">
	<ExtendedData><SchemaData schemaUrl="#cikti_dsimgi">
		<SimpleData name="OBJECTID">219</SimpleData>
		<SimpleData name="HAVZA_NO">03</SimpleData>
		<SimpleData name="IST_NO">03-037</SimpleData>
		<SimpleData name="IST_AD">Göktepe</SimpleData>
		<SimpleData name="IST_TIP">MGI</SimpleData>
		<SimpleData name="BOLGE_NO">01</SimpleData>
		<SimpleData name="RASAT_TIP">YB</SimpleData>
		<SimpleData name="ILI">Bursa</SimpleData>
		<SimpleData name="ILCESI">Merkez</SimpleData>
		<SimpleData name="IST_KOT">860</SimpleData>
		<SimpleData name="DURUMU">K</SimpleData>
		<SimpleData name="IST_AC">1991/01/01 00:00:00</SimpleData>
		<SimpleData name="IST_KAP">1998/09/01 00:00:00</SimpleData>
		<SimpleData name="CKS_BOYLAM">28:56:00</SimpleData>
		<SimpleData name="CKS_ENLEM">40:01:00</SimpleData>
		<SimpleData name="UTM_ZONE">35</SimpleData>
		<SimpleData name="UTMY">0</SimpleData>
		<SimpleData name="UTMX">0</SimpleData>
		<SimpleData name="COORH_X">567535.8125</SimpleData>
	</SchemaData></ExtendedData>
      <Point><coordinates>28.9328963223733,40.0156733232518</coordinates></Point>
  </Placemark>
  <Placemark id="cikti_dsimgi.220">
	<ExtendedData><SchemaData schemaUrl="#cikti_dsimgi">
		<SimpleData name="OBJECTID">220</SimpleData>
		<SimpleData name="HAVZA_NO">03</SimpleData>
		<SimpleData name="IST_NO">03-039</SimpleData>
		<SimpleData name="IST_AD">Demirtas Baraji</SimpleData>
		<SimpleData name="IST_TIP">MGI</SimpleData>
		<SimpleData name="BOLGE_NO">01</SimpleData>
		<SimpleData name="RASAT_TIP">YB</SimpleData>
		<SimpleData name="ILI">Bursa</SimpleData>
		<SimpleData name="ILCESI">Demirtas</SimpleData>
		<SimpleData name="IST_KOT">210</SimpleData>
		<SimpleData name="DURUMU">K</SimpleData>
		<SimpleData name="IST_AC">1991/10/01 00:00:00</SimpleData>
		<SimpleData name="IST_KAP">1996/09/01 00:00:00</SimpleData>
		<SimpleData name="CKS_BOYLAM">29:08:00</SimpleData>
		<SimpleData name="CKS_ENLEM">40:17:00</SimpleData>
		<SimpleData name="UTM_ZONE">35</SimpleData>
		<SimpleData name="UTMY">0</SimpleData>
		<SimpleData name="UTMX">0</SimpleData>
		<SimpleData name="COORH_X">586270.625</SimpleData>
	</SchemaData></ExtendedData>
      <Point><coordinates>29.132899148501,40.2823471683253</coordinates></Point>
  </Placemark>
  <Placemark id="cikti_dsimgi.221">
	<ExtendedData><SchemaData schemaUrl="#cikti_dsimgi">
		<SimpleData name="OBJECTID">221</SimpleData>
		<SimpleData name="HAVZA_NO">03</SimpleData>
		<SimpleData name="IST_NO">03-041</SimpleData>
		<SimpleData name="IST_AD">H.Hüseyinler</SimpleData>
		<SimpleData name="IST_TIP">MGI</SimpleData>
		<SimpleData name="BOLGE_NO">25</SimpleData>
		<SimpleData name="RASAT_TIP">Y</SimpleData>
		<SimpleData name="ILI">Balikesir</SimpleData>
		<SimpleData name="ILCESI">Ivrindi</SimpleData>
		<SimpleData name="IST_KOT">749</SimpleData>
		<SimpleData name="DURUMU">A</SimpleData>
		<SimpleData name="IST_AC">2002/12/18 00:00:00</SimpleData>
		<SimpleData name="CKS_BOYLAM">27:33:00</SimpleData>
		<SimpleData name="CKS_ENLEM">39:09:00</SimpleData>
		<SimpleData name="UTM_ZONE">35</SimpleData>
		<SimpleData name="UTMY">0</SimpleData>
		<SimpleData name="UTMX">0</SimpleData>
		<SimpleData name="COORH_X">442414.53125</SimpleData>
	</SchemaData></ExtendedData>
      <Point><coordinates>27.5495358733137,39.1489802574191</coordinates></Point>
  </Placemark>
  <Placemark id="cikti_dsimgi.222">
	<ExtendedData><SchemaData schemaUrl="#cikti_dsimgi">
		<SimpleData name="OBJECTID">222</SimpleData>
		<SimpleData name="HAVZA_NO">03</SimpleData>
		<SimpleData name="IST_NO">03-042</SimpleData>
		<SimpleData name="IST_AD">Osmaniye (Candere)</SimpleData>
		<SimpleData name="IST_TIP">MGI</SimpleData>
		<SimpleData name="BOLGE_NO">25</SimpleData>
		<SimpleData name="RASAT_TIP">Y</SimpleData>
		<SimpleData name="ILI">Balikesir</SimpleData>
		<SimpleData name="ILCESI">Dursunbey</SimpleData>
		<SimpleData name="IST_KOT">887</SimpleData>
		<SimpleData name="DURUMU">A</SimpleData>
		<SimpleData name="IST_AC">2002/12/18 00:00:00</SimpleData>
		<SimpleData name="CKS_BOYLAM">28:26:00</SimpleData>
		<SimpleData name="CKS_ENLEM">39:05:00</SimpleData>
		<SimpleData name="UTM_ZONE">35</SimpleData>
		<SimpleData name="UTMY">0</SimpleData>
		<SimpleData name="UTMX">0</SimpleData>
		<SimpleData name="COORH_X">518178.84375</SimpleData>
	</SchemaData></ExtendedData>
      <Point><coordinates>28.4328915185749,39.0823165502276</coordinates></Point>
  </Placemark>
  <Placemark id="cikti_dsimgi.223">
	<ExtendedData><SchemaData schemaUrl="#cikti_dsimgi">
		<SimpleData name="OBJECTID">223</SimpleData>
		<SimpleData name="HAVZA_NO">03</SimpleData>
		<SimpleData name="IST_NO">03-043</SimpleData>
		<SimpleData name="IST_AD">Ulusdagi (Dagarcik)</SimpleData>
		<SimpleData name="IST_TIP">MGI</SimpleData>
		<SimpleData name="BOLGE_NO">25</SimpleData>
		<SimpleData name="RASAT_TIP">Y</SimpleData>
		<SimpleData name="ILI">Balikesir</SimpleData>
		<SimpleData name="ILCESI">Bigadiç</SimpleData>
		<SimpleData name="IST_KOT">907</SimpleData>
		<SimpleData name="DURUMU">A</SimpleData>
		<SimpleData name="IST_AC">2002/12/18 00:00:00</SimpleData>
		<SimpleData name="CKS_BOYLAM">28:43:00</SimpleData>
		<SimpleData name="CKS_ENLEM">39:43:00</SimpleData>
		<SimpleData name="UTM_ZONE">35</SimpleData>
		<SimpleData name="UTMY">0</SimpleData>
		<SimpleData name="UTMX">0</SimpleData>
		<SimpleData name="COORH_X">547010.25</SimpleData>
	</SchemaData></ExtendedData>
      <Point><coordinates>28.7162267097047,39.7156654140372</coordinates></Point>
  </Placemark>
  <Placemark id="cikti_dsimgi.224">
	<ExtendedData><SchemaData schemaUrl="#cikti_dsimgi">
		<SimpleData name="OBJECTID">224</SimpleData>
		<SimpleData name="IST_NO">04-010</SimpleData>
		<SimpleData name="IST_AD">Dualar</SimpleData>
		<SimpleData name="IST_TIP">MGI</SimpleData>
		<SimpleData name="BOLGE_NO">02</SimpleData>
		<SimpleData name="RASAT_TIP">YB</SimpleData>
		<SimpleData name="ILI">Manisa</SimpleData>
		<SimpleData name="ILCESI">Soma</SimpleData>
		<SimpleData name="IST_KOT">200</SimpleData>
		<SimpleData name="DURUMU">K</SimpleData>
		<SimpleData name="IST_AC">1967/07/07 00:00:00</SimpleData>
		<SimpleData name="IST_KAP">1973/06/30 00:00:00</SimpleData>
		<SimpleData name="CKS_BOYLAM">27:35:00</SimpleData>
		<SimpleData name="CKS_ENLEM">39:13:00</SimpleData>
		<SimpleData name="UTM_ZONE">35</SimpleData>
		<SimpleData name="UTMY">0</SimpleData>
		<SimpleData name="UTMX">0</SimpleData>
		<SimpleData name="COORH_X">445845.375</SimpleData>
	</SchemaData></ExtendedData>
      <Point><coordinates>27.5828694491034,39.2156485603909</coordinates></Point>
  </Placemark>
  <Placemark id="cikti_dsimgi.225">
	<ExtendedData><SchemaData schemaUrl="#cikti_dsimgi">
		<SimpleData name="OBJECTID">225</SimpleData>
		<SimpleData name="HAVZA_NO">05</SimpleData>
		<SimpleData name="IST_NO">05-017</SimpleData>
		<SimpleData name="IST_AD">Karaçam</SimpleData>
		<SimpleData name="IST_TIP">MGI</SimpleData>
		<SimpleData name="BOLGE_NO">02</SimpleData>
		<SimpleData name="RASAT_TIP">Y</SimpleData>
		<SimpleData name="ILI">Izmir</SimpleData>
		<SimpleData name="ILCESI">Bornova</SimpleData>
		<SimpleData name="IST_KOT">470</SimpleData>
		<SimpleData name="DURUMU">K</SimpleData>
		<SimpleData name="IST_AC">1970/09/09 00:00:00</SimpleData>
		<SimpleData name="IST_KAP">1976/10/10 00:00:00</SimpleData>
		<SimpleData name="CKS_BOYLAM">28:17:00</SimpleData>
		<SimpleData name="CKS_ENLEM">38:31:00</SimpleData>
		<SimpleData name="UTM_ZONE">35</SimpleData>
		<SimpleData name="UTMY">0</SimpleData>
		<SimpleData name="UTMX">0</SimpleData>
		<SimpleData name="COORH_X">501012.1875</SimpleData>
	</SchemaData></ExtendedData>
      <Point><coordinates>28.2828923293429,38.5156368778702</coordinates></Point>
  </Placemark>
  <Placemark id="cikti_dsimgi.226">
	<ExtendedData><SchemaData schemaUrl="#cikti_dsimgi">
		<SimpleData name="OBJECTID">226</SimpleData>
		<SimpleData name="IST_NO">05-019</SimpleData>
		<SimpleData name="IST_AD">Eziler</SimpleData>
		<SimpleData name="IST_TIP">MGI</SimpleData>
		<SimpleData name="BOLGE_NO">21</SimpleData>
		<SimpleData name="RASAT_TIP">Y</SimpleData>
		<SimpleData name="ILI">Denizli</SimpleData>
		<SimpleData name="ILCESI">Güney</SimpleData>
		<SimpleData name="IST_KOT">870</SimpleData>
		<SimpleData name="DURUMU">K</SimpleData>
		<SimpleData name="IST_AC">1963/10/25 00:00:00</SimpleData>
		<SimpleData name="IST_KAP">1967/09/01 00:00:00</SimpleData>
		<SimpleData name="CKS_BOYLAM">28:58:00</SimpleData>
		<SimpleData name="CKS_ENLEM">38:12:00</SimpleData>
		<SimpleData name="UTM_ZONE">35</SimpleData>
		<SimpleData name="UTMY">0</SimpleData>
		<SimpleData name="UTMX">0</SimpleData>
		<SimpleData name="COORH_X">558515.6875</SimpleData>
	</SchemaData></ExtendedData>
      <Point><coordinates>28.9662448726455,38.198966728411</coordinates></Point>
  </Placemark>
  <Placemark id="cikti_dsimgi.227">
	<ExtendedData><SchemaData schemaUrl="#cikti_dsimgi">
		<SimpleData name="OBJECTID">227</SimpleData>
		<SimpleData name="IST_NO">05-024</SimpleData>
		<SimpleData name="IST_AD">Adalar Regülatörü</SimpleData>
		<SimpleData name="IST_TIP">MGI</SimpleData>
		<SimpleData name="BOLGE_NO">02</SimpleData>
		<SimpleData name="RASAT_TIP">YB</SimpleData>
		<SimpleData name="ILI">Izmir</SimpleData>
		<SimpleData name="ILCESI">Bornova</SimpleData>
		<SimpleData name="IST_KOT">176</SimpleData>
		<SimpleData name="DURUMU">K</SimpleData>
		<SimpleData name="IST_AC">1962/08/29 00:00:00</SimpleData>
		<SimpleData name="IST_KAP">1971/07/10 00:00:00</SimpleData>
		<SimpleData name="CKS_BOYLAM">28:19:00</SimpleData>
		<SimpleData name="CKS_ENLEM">38:35:00</SimpleData>
		<SimpleData name="UTM_ZONE">35</SimpleData>
		<SimpleData name="UTMY">0</SimpleData>
		<SimpleData name="UTMX">0</SimpleData>
		<SimpleData name="COORH_X">504409.0625</SimpleData>
	</SchemaData></ExtendedData>
      <Point><coordinates>28.3162259688449,38.5823051237057</coordinates></Point>
  </Placemark>
  <Placemark id="cikti_dsimgi.228">
	<ExtendedData><SchemaData schemaUrl="#cikti_dsimgi">
		<SimpleData name="OBJECTID">228</SimpleData>
		<SimpleData name="IST_NO">05-025</SimpleData>
		<SimpleData name="IST_AD">Kirandam</SimpleData>
		<SimpleData name="IST_TIP">MGI</SimpleData>
		<SimpleData name="BOLGE_NO">02</SimpleData>
		<SimpleData name="RASAT_TIP">Y</SimpleData>
		<SimpleData name="ILI">Denizli</SimpleData>
		<SimpleData name="ILCESI">Buldan</SimpleData>
		<SimpleData name="IST_KOT">710</SimpleData>
		<SimpleData name="DURUMU">K</SimpleData>
		<SimpleData name="IST_AC">1963/10/23 00:00:00</SimpleData>
		<SimpleData name="IST_KAP">1973/11/30 00:00:00</SimpleData>
		<SimpleData name="CKS_BOYLAM">28:51:00</SimpleData>
		<SimpleData name="CKS_ENLEM">38:11:00</SimpleData>
		<SimpleData name="UTM_ZONE">35</SimpleData>
		<SimpleData name="UTMY">0</SimpleData>
		<SimpleData name="UTMX">0</SimpleData>
		<SimpleData name="COORH_X">548183.375</SimpleData>
	</SchemaData></ExtendedData>
      <Point><coordinates>28.8495754377653,38.1822991634837</coordinates></Point>
  </Placemark>
  <Placemark id="cikti_dsimgi.229">
	<ExtendedData><SchemaData schemaUrl="#cikti_dsimgi">
		<SimpleData name="OBJECTID">229</SimpleData>
		<SimpleData name="HAVZA_NO">07</SimpleData>
		<SimpleData name="IST_NO">07-003</SimpleData>
		<SimpleData name="IST_AD">Yavaslar</SimpleData>
		<SimpleData name="IST_TIP">MGI</SimpleData>
		<SimpleData name="BOLGE_NO">18</SimpleData>
		<SimpleData name="RASAT_TIP">YB</SimpleData>
		<SimpleData name="ILI">Afyon</SimpleData>
		<SimpleData name="ILCESI">Sandikli</SimpleData>
		<SimpleData name="IST_KOT">1050</SimpleData>
		<SimpleData name="DURUMU">A</SimpleData>
		<SimpleData name="IST_AC">1963/11/04 00:00:00</SimpleData>
		<SimpleData name="P25_PNO">K23-c3</SimpleData>
		<SimpleData name="CKS_BOYLAM">29:57:45,9</SimpleData>
		<SimpleData name="CKS_ENLEM">38:31:04,8</SimpleData>
		<SimpleData name="UTM_ZONE">35</SimpleData>
		<SimpleData name="UTMY">0</SimpleData>
		<SimpleData name="UTMX">0</SimpleData>
		<SimpleData name="COORH_X">647455.3125</SimpleData>
	</SchemaData></ExtendedData>
      <Point><coordinates>29.9621003332627,38.5167558841813</coordinates></Point>
  </Placemark>
  <Placemark id="cikti_dsimgi.230">
	<ExtendedData><SchemaData schemaUrl="#cikti_dsimgi">
		<SimpleData name="OBJECTID">230</SimpleData>
		<SimpleData name="HAVZA_NO">07</SimpleData>
		<SimpleData name="IST_NO">07-009</SimpleData>
		<SimpleData name="IST_AD">Serban</SimpleData>
		<SimpleData name="IST_TIP">MGI</SimpleData>
		<SimpleData name="BOLGE_NO">18</SimpleData>
		<SimpleData name="RASAT_TIP">YB</SimpleData>
		<SimpleData name="ILI">Afyon</SimpleData>
		<SimpleData name="ILCESI">Serban</SimpleData>
		<SimpleData name="IST_KOT">1240</SimpleData>
		<SimpleData name="DURUMU">A</SimpleData>
		<SimpleData name="IST_AC">1967/01/01 00:00:00</SimpleData>
		<SimpleData name="P25_PNO">K24-c1</SimpleData>
		<SimpleData name="CKS_BOYLAM">30:21:02,6</SimpleData>
		<SimpleData name="CKS_ENLEM">38:38:27,8</SimpleData>
		<SimpleData name="UTM_ZONE">36</SimpleData>
		<SimpleData name="UTMY">0</SimpleData>
		<SimpleData name="UTMX">0</SimpleData>
		<SimpleData name="COORH_X">681900.6875</SimpleData>
	</SchemaData></ExtendedData>
      <Point><coordinates>30.3501646263894,38.6398158667613</coordinates></Point>
  </Placemark>
  <Placemark id="cikti_dsimgi.231">
	<ExtendedData><SchemaData schemaUrl="#cikti_dsimgi">
		<SimpleData name="OBJECTID">231</SimpleData>
		<SimpleData name="HAVZA_NO">07</SimpleData>
		<SimpleData name="IST_NO">07-027</SimpleData>
		<SimpleData name="IST_AD">Alpaslan</SimpleData>
		<SimpleData name="IST_TIP">MGI</SimpleData>
		<SimpleData name="BOLGE_NO">18</SimpleData>
		<SimpleData name="RASAT_TIP">YB</SimpleData>
		<SimpleData name="ILI">Afyon</SimpleData>
		<SimpleData name="ILCESI">Dinar</SimpleData>
		<SimpleData name="IST_KOT">1150</SimpleData>
		<SimpleData name="DURUMU">K</SimpleData>
		<SimpleData name="IST_AC">1972/10/04 00:00:00</SimpleData>
		<SimpleData name="IST_KAP">1991/11/01 00:00:00</SimpleData>
		<SimpleData name="P25_PNO">L24-c2</SimpleData>
		<SimpleData name="CKS_BOYLAM">30:24:13,1</SimpleData>
		<SimpleData name="CKS_ENLEM">38:12:36,7</SimpleData>
		<SimpleData name="UTM_ZONE">36</SimpleData>
		<SimpleData name="UTMY">0</SimpleData>
		<SimpleData name="UTMX">0</SimpleData>
		<SimpleData name="COORH_X">684510.875</SimpleData>
	</SchemaData></ExtendedData>
      <Point><coordinates>30.4032245857554,38.2089735029602</coordinates></Point>
  </Placemark>
  <Placemark id="cikti_dsimgi.232">
	<ExtendedData><SchemaData schemaUrl="#cikti_dsimgi">
		<SimpleData name="OBJECTID">232</SimpleData>
		<SimpleData name="HAVZA_NO">08</SimpleData>
		<SimpleData name="IST_NO">08-010</SimpleData>
		<SimpleData name="IST_AD">Elmali (Gögü)</SimpleData>
		<SimpleData name="IST_TIP">MGI</SimpleData>
		<SimpleData name="BOLGE_NO">13</SimpleData>
		<SimpleData name="RASAT_TIP">YB</SimpleData>
		<SimpleData name="ILI">Antalya</SimpleData>
		<SimpleData name="ILCESI">Elmali</SimpleData>
		<SimpleData name="IST_KOT">1300</SimpleData>
		<SimpleData name="DURUMU">A</SimpleData>
		<SimpleData name="IST_AC">1964/04/13 00:00:00</SimpleData>
		<SimpleData name="P25_PNO">O23-b4</SimpleData>
		<SimpleData name="CKS_BOYLAM">29:47:50</SimpleData>
		<SimpleData name="CKS_ENLEM">36:49:41</SimpleData>
		<SimpleData name="UTM_ZONE">35</SimpleData>
		<SimpleData name="UTMY">0</SimpleData>
		<SimpleData name="UTMX">0</SimpleData>
		<SimpleData name="COORH_X">623809.0625</SimpleData>
	</SchemaData></ExtendedData>
      <Point><coordinates>29.7968304296079,36.8269979988119</coordinates></Point>
  </Placemark>
  <Placemark id="cikti_dsimgi.233">
	<ExtendedData><SchemaData schemaUrl="#cikti_dsimgi">
		<SimpleData name="OBJECTID">233</SimpleData>
		<SimpleData name="HAVZA_NO">08</SimpleData>
		<SimpleData name="IST_NO">08-011</SimpleData>
		<SimpleData name="IST_AD">Gömbe (Kas)</SimpleData>
		<SimpleData name="IST_TIP">MGI</SimpleData>
		<SimpleData name="BOLGE_NO">13</SimpleData>
		<SimpleData name="RASAT_TIP">YB</SimpleData>
		<SimpleData name="ILI">Antalya</SimpleData>
		<SimpleData name="ILCESI">Kas</SimpleData>
		<SimpleData name="IST_KOT">1150</SimpleData>
		<SimpleData name="DURUMU">K</SimpleData>
		<SimpleData name="IST_AC">1961/06/23 00:00:00</SimpleData>
		<SimpleData name="IST_KAP">1995/05/05 00:00:00</SimpleData>
		<SimpleData name="P25_PNO">O23-d3</SimpleData>
		<SimpleData name="CKS_BOYLAM">29:40:13</SimpleData>
		<SimpleData name="CKS_ENLEM">36:33:11</SimpleData>
		<SimpleData name="UTM_ZONE">35</SimpleData>
		<SimpleData name="UTMY">0</SimpleData>
		<SimpleData name="UTMX">0</SimpleData>
		<SimpleData name="COORH_X">610907.125</SimpleData>
	</SchemaData></ExtendedData>
      <Point><coordinates>29.6698848188742,36.5519920600648</coordinates></Point>
  </Placemark>
  <Placemark id="cikti_dsimgi.234">
	<ExtendedData><SchemaData schemaUrl="#cikti_dsimgi">
		<SimpleData name="OBJECTID">234</SimpleData>
		<SimpleData name="HAVZA_NO">08</SimpleData>
		<SimpleData name="IST_NO">08-012</SimpleData>
		<SimpleData name="IST_AD">Gödene (Altinkaya)</SimpleData>
		<SimpleData name="IST_TIP">MGI</SimpleData>
		<SimpleData name="BOLGE_NO">13</SimpleData>
		<SimpleData name="RASAT_TIP">Y</SimpleData>
		<SimpleData name="ILI">Antalya</SimpleData>
		<SimpleData name="ILCESI">Finike</SimpleData>
		<SimpleData name="IST_KOT">1060</SimpleData>
		<SimpleData name="DURUMU">K</SimpleData>
		<SimpleData name="IST_AC">1961/06/27 00:00:00</SimpleData>
		<SimpleData name="IST_KAP">1968/07/01 00:00:00</SimpleData>
		<SimpleData name="P25_PNO">O24-c4</SimpleData>
		<SimpleData name="CKS_BOYLAM">30:21:04</SimpleData>
		<SimpleData name="CKS_ENLEM">36:33:49</SimpleData>
		<SimpleData name="UTM_ZONE">36</SimpleData>
		<SimpleData name="UTMY">0</SimpleData>
		<SimpleData name="UTMX">0</SimpleData>
		<SimpleData name="COORH_X">672100.1875</SimpleData>
	</SchemaData></ExtendedData>
      <Point><coordinates>30.3507344905936,36.5625507546026</coordinates></Point>
  </Placemark>
  <Placemark id="cikti_dsimgi.235">
	<ExtendedData><SchemaData schemaUrl="#cikti_dsimgi">
		<SimpleData name="OBJECTID">235</SimpleData>
		<SimpleData name="HAVZA_NO">08</SimpleData>
		<SimpleData name="IST_NO">08-013</SimpleData>
		<SimpleData name="IST_AD">Kasaba (Kas)</SimpleData>
		<SimpleData name="IST_TIP">MGI</SimpleData>
		<SimpleData name="BOLGE_NO">13</SimpleData>
		<SimpleData name="RASAT_TIP">YB</SimpleData>
		<SimpleData name="ILI">Antalya</SimpleData>
		<SimpleData name="ILCESI">Kas</SimpleData>
		<SimpleData name="IST_KOT">230</SimpleData>
		<SimpleData name="DURUMU">A</SimpleData>
		<SimpleData name="IST_AC">1961/07/01 00:00:00</SimpleData>
		<SimpleData name="P25_PNO">P23-a3</SimpleData>
		<SimpleData name="CKS_BOYLAM">29:44:48</SimpleData>
		<SimpleData name="CKS_ENLEM">36:19:00</SimpleData>
		<SimpleData name="UTM_ZONE">35</SimpleData>
		<SimpleData name="UTMY">0</SimpleData>
		<SimpleData name="UTMX">0</SimpleData>
		<SimpleData name="COORH_X">616457.9375</SimpleData>
	</SchemaData></ExtendedData>
      <Point><coordinates>29.7462771124011,36.3155989091334</coordinates></Point>
  </Placemark>
  <Placemark id="cikti_dsimgi.236">
	<ExtendedData><SchemaData schemaUrl="#cikti_dsimgi">
		<SimpleData name="OBJECTID">236</SimpleData>
		<SimpleData name="HAVZA_NO">08</SimpleData>
		<SimpleData name="IST_NO">08-014</SimpleData>
		<SimpleData name="IST_AD">Sögütköy</SimpleData>
		<SimpleData name="IST_TIP">MGI</SimpleData>
		<SimpleData name="BOLGE_NO">18</SimpleData>
		<SimpleData name="RASAT_TIP">YB</SimpleData>
		<SimpleData name="ILI">Burdur</SimpleData>
		<SimpleData name="ILCESI">Çavdir</SimpleData>
		<SimpleData name="IST_KOT">1410</SimpleData>
		<SimpleData name="DURUMU">A</SimpleData>
		<SimpleData name="IST_AC">1961/06/12 00:00:00</SimpleData>
		<SimpleData name="P25_PNO">N23-c4</SimpleData>
		<SimpleData name="CKS_BOYLAM">29:49:29,3</SimpleData>
		<SimpleData name="CKS_ENLEM">37:02:28,9</SimpleData>
		<SimpleData name="UTM_ZONE">35</SimpleData>
		<SimpleData name="UTMY">0</SimpleData>
		<SimpleData name="UTMX">0</SimpleData>
		<SimpleData name="COORH_X">627425.3125</SimpleData>
	</SchemaData></ExtendedData>
      <Point><coordinates>29.8243296568814,37.040057924183</coordinates></Point>
  </Placemark>
  <Placemark id="cikti_dsimgi.237">
	<ExtendedData><SchemaData schemaUrl="#cikti_dsimgi">
		<SimpleData name="OBJECTID">237</SimpleData>
		<SimpleData name="HAVZA_NO">08</SimpleData>
		<SimpleData name="IST_NO">08-016</SimpleData>
		<SimpleData name="IST_AD">Evciler</SimpleData>
		<SimpleData name="IST_TIP">MGI</SimpleData>
		<SimpleData name="BOLGE_NO">18</SimpleData>
		<SimpleData name="RASAT_TIP">YB</SimpleData>
		<SimpleData name="ILI">Burdur</SimpleData>
		<SimpleData name="ILCESI">Gölhisar</SimpleData>
		<SimpleData name="IST_KOT">1050</SimpleData>
		<SimpleData name="DURUMU">K</SimpleData>
		<SimpleData name="IST_AC">1961/06/16 00:00:00</SimpleData>
		<SimpleData name="IST_KAP">1972/08/15 00:00:00</SimpleData>
		<SimpleData name="CKS_BOYLAM">29:31:00</SimpleData>
		<SimpleData name="CKS_ENLEM">37:03:00</SimpleData>
		<SimpleData name="UTM_ZONE">0</SimpleData>
		<SimpleData name="UTMY">0</SimpleData>
		<SimpleData name="UTMX">0</SimpleData>
		<SimpleData name="COORH_X">600012.5</SimpleData>
	</SchemaData></ExtendedData>
      <Point><coordinates>29.5162665579402,37.0489456280684</coordinates></Point>
  </Placemark>
  <Placemark id="cikti_dsimgi.238">
	<ExtendedData><SchemaData schemaUrl="#cikti_dsimgi">
		<SimpleData name="OBJECTID">238</SimpleData>
		<SimpleData name="HAVZA_NO">08</SimpleData>
		<SimpleData name="IST_NO">08-017</SimpleData>
		<SimpleData name="IST_AD">Demre</SimpleData>
		<SimpleData name="IST_TIP">MGI</SimpleData>
		<SimpleData name="BOLGE_NO">13</SimpleData>
		<SimpleData name="RASAT_TIP">YB</SimpleData>
		<SimpleData name="ILI">Antalya</SimpleData>
		<SimpleData name="ILCESI">Kas</SimpleData>
		<SimpleData name="IST_KOT">20</SimpleData>
		<SimpleData name="DURUMU">K</SimpleData>
		<SimpleData name="IST_AC">1962/11/17 00:00:00</SimpleData>
		<SimpleData name="IST_KAP">1973/06/30 00:00:00</SimpleData>
		<SimpleData name="P25_PNO">P23-c2</SimpleData>
		<SimpleData name="CKS_BOYLAM">29:59:00</SimpleData>
		<SimpleData name="CKS_ENLEM">36:14:41</SimpleData>
		<SimpleData name="UTM_ZONE">35</SimpleData>
		<SimpleData name="UTMY">0</SimpleData>
		<SimpleData name="UTMX">0</SimpleData>
		<SimpleData name="COORH_X">637407</SimpleData>
	</SchemaData></ExtendedData>
      <Point><coordinates>29.982949908556,36.2436540894615</coordinates></Point>
  </Placemark>
  <Placemark id="cikti_dsimgi.239">
	<ExtendedData><SchemaData schemaUrl="#cikti_dsimgi">
		<SimpleData name="OBJECTID">239</SimpleData>
		<SimpleData name="HAVZA_NO">08</SimpleData>
		<SimpleData name="IST_NO">08-018</SimpleData>
		<SimpleData name="IST_AD">Ovaköy</SimpleData>
		<SimpleData name="IST_TIP">MGI</SimpleData>
		<SimpleData name="BOLGE_NO">21</SimpleData>
		<SimpleData name="RASAT_TIP">Y</SimpleData>
		<SimpleData name="ILI">Antalya</SimpleData>
		<SimpleData name="ILCESI">Kas</SimpleData>
		<SimpleData name="IST_KOT">5</SimpleData>
		<SimpleData name="DURUMU">K</SimpleData>
		<SimpleData name="IST_AC">1968/10/01 00:00:00</SimpleData>
		<SimpleData name="IST_KAP">1971/11/17 00:00:00</SimpleData>
		<SimpleData name="P25_PNO">P22-b4</SimpleData>
		<SimpleData name="CKS_BOYLAM">29:22:00</SimpleData>
		<SimpleData name="CKS_ENLEM">36:17:00</SimpleData>
		<SimpleData name="UTM_ZONE">35</SimpleData>
		<SimpleData name="UTMY">0</SimpleData>
		<SimpleData name="UTMX">0</SimpleData>
		<SimpleData name="COORH_X">582022.75</SimpleData>
	</SchemaData></ExtendedData>
      <Point><coordinates>29.3662682249979,36.2822632584702</coordinates></Point>
  </Placemark>
  <Placemark id="cikti_dsimgi.240">
	<ExtendedData><SchemaData schemaUrl="#cikti_dsimgi">
		<SimpleData name="OBJECTID">240</SimpleData>
		<SimpleData name="HAVZA_NO">08</SimpleData>
		<SimpleData name="IST_NO">08-020</SimpleData>
		<SimpleData name="IST_AD">Imecik (Korkuteli)</SimpleData>
		<SimpleData name="IST_TIP">MGI</SimpleData>
		<SimpleData name="BOLGE_NO">13</SimpleData>
		<SimpleData name="RASAT_TIP">YB</SimpleData>
		<SimpleData name="ILI">Antalya</SimpleData>
		<SimpleData name="ILCESI">Korkuteli</SimpleData>
		<SimpleData name="IST_KOT">1270</SimpleData>
		<SimpleData name="DURUMU">K</SimpleData>
		<SimpleData name="IST_AC">1969/07/09 00:00:00</SimpleData>
		<SimpleData name="IST_KAP">1995/02/01 00:00:00</SimpleData>
		<SimpleData name="P25_PNO">O24-a3</SimpleData>
		<SimpleData name="CKS_BOYLAM">30:13:04</SimpleData>
		<SimpleData name="CKS_ENLEM">36:50:49</SimpleData>
		<SimpleData name="UTM_ZONE">36</SimpleData>
		<SimpleData name="UTMY">0</SimpleData>
		<SimpleData name="UTMX">0</SimpleData>
		<SimpleData name="COORH_X">661520.0625</SimpleData>
	</SchemaData></ExtendedData>
      <Point><coordinates>30.2173960730059,36.8458890793603</coordinates></Point>
  </Placemark>
  <Placemark id="cikti_dsimgi.241">
	<ExtendedData><SchemaData schemaUrl="#cikti_dsimgi">
		<SimpleData name="OBJECTID">241</SimpleData>
		<SimpleData name="HAVZA_NO">08</SimpleData>
		<SimpleData name="IST_NO">08-021</SimpleData>
		<SimpleData name="IST_AD">Gökbük (Finike)</SimpleData>
		<SimpleData name="IST_TIP">MGI</SimpleData>
		<SimpleData name="BOLGE_NO">13</SimpleData>
		<SimpleData name="RASAT_TIP">YB</SimpleData>
		<SimpleData name="ILI">Antalya</SimpleData>
		<SimpleData name="ILCESI">Finike</SimpleData>
		<SimpleData name="IST_KOT">200</SimpleData>
		<SimpleData name="DURUMU">K</SimpleData>
		<SimpleData name="IST_AC">1970/08/01 00:00:00</SimpleData>
		<SimpleData name="IST_KAP">1994/06/01 00:00:00</SimpleData>
		<SimpleData name="P25_PNO">P24-a1</SimpleData>
		<SimpleData name="CKS_BOYLAM">30:07:22</SimpleData>
		<SimpleData name="CKS_ENLEM">36:27:08</SimpleData>
		<SimpleData name="UTM_ZONE">36</SimpleData>
		<SimpleData name="UTMY">0</SimpleData>
		<SimpleData name="UTMX">0</SimpleData>
		<SimpleData name="COORH_X">651033.1875</SimpleData>
	</SchemaData></ExtendedData>
      <Point><coordinates>30.1223963685028,36.4511586934287</coordinates></Point>
  </Placemark>
  <Placemark id="cikti_dsimgi.242">
	<ExtendedData><SchemaData schemaUrl="#cikti_dsimgi">
		<SimpleData name="OBJECTID">242</SimpleData>
		<SimpleData name="HAVZA_NO">08</SimpleData>
		<SimpleData name="IST_NO">08-022</SimpleData>
		<SimpleData name="IST_AD">Karaköy</SimpleData>
		<SimpleData name="IST_TIP">MGI</SimpleData>
		<SimpleData name="BOLGE_NO">21</SimpleData>
		<SimpleData name="RASAT_TIP">Y</SimpleData>
		<SimpleData name="IST_KOT">35</SimpleData>
		<SimpleData name="DURUMU">K</SimpleData>
		<SimpleData name="IST_AC">1972/03/15 00:00:00</SimpleData>
		<SimpleData name="IST_KAP">1973/05/31 00:00:00</SimpleData>
		<SimpleData name="CKS_BOYLAM">28:23:00</SimpleData>
		<SimpleData name="CKS_ENLEM">37:26:00</SimpleData>
		<SimpleData name="UTM_ZONE">0</SimpleData>
		<SimpleData name="UTMY">0</SimpleData>
		<SimpleData name="UTMX">0</SimpleData>
		<SimpleData name="COORH_X">501828.40625</SimpleData>
	</SchemaData></ExtendedData>
      <Point><coordinates>28.3829030943925,37.4322814650054</coordinates></Point>
  </Placemark>
  <Placemark id="cikti_dsimgi.243">
	<ExtendedData><SchemaData schemaUrl="#cikti_dsimgi">
		<SimpleData name="OBJECTID">243</SimpleData>
		<SimpleData name="HAVZA_NO">08</SimpleData>
		<SimpleData name="IST_NO">08-023</SimpleData>
		<SimpleData name="IST_AD">Elmaliyurt</SimpleData>
		<SimpleData name="IST_TIP">MGI</SimpleData>
		<SimpleData name="BOLGE_NO">18</SimpleData>
		<SimpleData name="RASAT_TIP">YB</SimpleData>
		<SimpleData name="ILI">Burdur</SimpleData>
		<SimpleData name="ILCESI">Gölhisar</SimpleData>
		<SimpleData name="IST_KOT">980</SimpleData>
		<SimpleData name="DURUMU">K</SimpleData>
		<SimpleData name="IST_AC">1972/10/04 00:00:00</SimpleData>
		<SimpleData name="IST_KAP">1996/03/15 00:00:00</SimpleData>
		<SimpleData name="P25_PNO">O22-b2</SimpleData>
		<SimpleData name="CKS_BOYLAM">29:23:18,4</SimpleData>
		<SimpleData name="CKS_ENLEM">36:56:28,1</SimpleData>
		<SimpleData name="UTM_ZONE">35</SimpleData>
		<SimpleData name="UTMY">0</SimpleData>
		<SimpleData name="UTMX">0</SimpleData>
		<SimpleData name="COORH_X">587921.125</SimpleData>
	</SchemaData></ExtendedData>
      <Point><coordinates>29.387930910292,36.9400539990162</coordinates></Point>
  </Placemark>
  <Placemark id="cikti_dsimgi.244">
	<ExtendedData><SchemaData schemaUrl="#cikti_dsimgi">
		<SimpleData name="OBJECTID">244</SimpleData>
		<SimpleData name="HAVZA_NO">08</SimpleData>
		<SimpleData name="IST_NO">08-025</SimpleData>
		<SimpleData name="IST_AD">Osmankalfalar</SimpleData>
		<SimpleData name="IST_TIP">MGI</SimpleData>
		<SimpleData name="BOLGE_NO">18</SimpleData>
		<SimpleData name="RASAT_TIP">YB</SimpleData>
		<SimpleData name="ILI">Burdur</SimpleData>
		<SimpleData name="ILCESI">Gölhisar</SimpleData>
		<SimpleData name="IST_KOT">1460</SimpleData>
		<SimpleData name="DURUMU">A</SimpleData>
		<SimpleData name="IST_AC">1975/10/01 00:00:00</SimpleData>
		<SimpleData name="P25_PNO">N23-c4</SimpleData>
		<SimpleData name="CKS_BOYLAM">29:51:54,0</SimpleData>
		<SimpleData name="CKS_ENLEM">37:07:26,6</SimpleData>
		<SimpleData name="UTM_ZONE">35</SimpleData>
		<SimpleData name="UTMY">0</SimpleData>
		<SimpleData name="UTMX">0</SimpleData>
		<SimpleData name="COORH_X">631461.625</SimpleData>
	</SchemaData></ExtendedData>
      <Point><coordinates>29.8646078324831,37.1228375248059</coordinates></Point>
  </Placemark>
  <Placemark id="cikti_dsimgi.245">
	<ExtendedData><SchemaData schemaUrl="#cikti_dsimgi">
		<SimpleData name="OBJECTID">245</SimpleData>
		<SimpleData name="HAVZA_NO">08</SimpleData>
		<SimpleData name="IST_NO">08-026</SimpleData>
		<SimpleData name="IST_AD">Büyükalan</SimpleData>
		<SimpleData name="IST_TIP">MGI</SimpleData>
		<SimpleData name="BOLGE_NO">18</SimpleData>
		<SimpleData name="RASAT_TIP">YB</SimpleData>
		<SimpleData name="ILI">Burdur</SimpleData>
		<SimpleData name="ILCESI">Çavdir</SimpleData>
		<SimpleData name="IST_KOT">1050</SimpleData>
		<SimpleData name="DURUMU">A</SimpleData>
		<SimpleData name="IST_AC">1976/06/25 00:00:00</SimpleData>
		<SimpleData name="P25_PNO">N23-d2</SimpleData>
		<SimpleData name="CKS_BOYLAM">29:38:56,1</SimpleData>
		<SimpleData name="CKS_ENLEM">37:12:17,5</SimpleData>
		<SimpleData name="UTM_ZONE">35</SimpleData>
		<SimpleData name="UTMY">0</SimpleData>
		<SimpleData name="UTMX">0</SimpleData>
		<SimpleData name="COORH_X">612673.6875</SimpleData>
	</SchemaData></ExtendedData>
      <Point><coordinates>29.6484909106524,37.20367152205</coordinates></Point>
  </Placemark>
  <Placemark id="cikti_dsimgi.246">
	<ExtendedData><SchemaData schemaUrl="#cikti_dsimgi">
		<SimpleData name="OBJECTID">246</SimpleData>
		<SimpleData name="HAVZA_NO">08</SimpleData>
		<SimpleData name="IST_NO">08-028</SimpleData>
		<SimpleData name="IST_AD">Hisarardi</SimpleData>
		<SimpleData name="IST_TIP">MGI</SimpleData>
		<SimpleData name="BOLGE_NO">18</SimpleData>
		<SimpleData name="RASAT_TIP">YB</SimpleData>
		<SimpleData name="ILI">Burdur</SimpleData>
		<SimpleData name="ILCESI">Gölhisar</SimpleData>
		<SimpleData name="IST_KOT">980</SimpleData>
		<SimpleData name="DURUMU">A</SimpleData>
		<SimpleData name="IST_AC">1977/10/20 00:00:00</SimpleData>
		<SimpleData name="P25_PNO">N23-d4</SimpleData>
		<SimpleData name="CKS_BOYLAM">29:36:45,0</SimpleData>
		<SimpleData name="CKS_ENLEM">37:05:48,5</SimpleData>
		<SimpleData name="UTM_ZONE">34</SimpleData>
		<SimpleData name="UTMY">0</SimpleData>
		<SimpleData name="UTMX">0</SimpleData>
		<SimpleData name="COORH_X">608821.0625</SimpleData>
	</SchemaData></ExtendedData>
      <Point><coordinates>29.6121019199573,37.0956136495446</coordinates></Point>
  </Placemark>
  <Placemark id="cikti_dsimgi.247">
	<ExtendedData><SchemaData schemaUrl="#cikti_dsimgi">
		<SimpleData name="OBJECTID">247</SimpleData>
		<SimpleData name="HAVZA_NO">08</SimpleData>
		<SimpleData name="IST_NO">08-030</SimpleData>
		<SimpleData name="IST_AD">Yaprakli baraji</SimpleData>
		<SimpleData name="IST_TIP">MGI</SimpleData>
		<SimpleData name="BOLGE_NO">18</SimpleData>
		<SimpleData name="RASAT_TIP">YB</SimpleData>
		<SimpleData name="ILI">Burdur</SimpleData>
		<SimpleData name="ILCESI">Gölhisar</SimpleData>
		<SimpleData name="IST_KOT">1200</SimpleData>
		<SimpleData name="DURUMU">A</SimpleData>
		<SimpleData name="IST_AC">1991/08/01 00:00:00</SimpleData>
		<SimpleData name="P25_PNO">N22-c3</SimpleData>
		<SimpleData name="CKS_BOYLAM">29:27:56,5</SimpleData>
		<SimpleData name="CKS_ENLEM">37:02:58,0</SimpleData>
		<SimpleData name="UTM_ZONE">35</SimpleData>
		<SimpleData name="UTMY">0</SimpleData>
		<SimpleData name="UTMX">0</SimpleData>
		<SimpleData name="COORH_X">595453.5</SimpleData>
	</SchemaData></ExtendedData>
      <Point><coordinates>29.4651542148173,37.0483898195759</coordinates></Point>
  </Placemark>
  <Placemark id="cikti_dsimgi.248">
	<ExtendedData><SchemaData schemaUrl="#cikti_dsimgi">
		<SimpleData name="OBJECTID">248</SimpleData>
		<SimpleData name="HAVZA_NO">08</SimpleData>
		<SimpleData name="IST_NO">08-031</SimpleData>
		<SimpleData name="IST_AD">Çaybogazi Baraji</SimpleData>
		<SimpleData name="IST_TIP">MGI</SimpleData>
		<SimpleData name="BOLGE_NO">13</SimpleData>
		<SimpleData name="RASAT_TIP">YB</SimpleData>
		<SimpleData name="ILI">Antalya</SimpleData>
		<SimpleData name="ILCESI">Elmali</SimpleData>
		<SimpleData name="IST_KOT">1200</SimpleData>
		<SimpleData name="DURUMU">A</SimpleData>
		<SimpleData name="IST_AC">2001/11/04 00:00:00</SimpleData>
		<SimpleData name="CKS_BOYLAM">29:41:00</SimpleData>
		<SimpleData name="CKS_ENLEM">36:02:00</SimpleData>
		<SimpleData name="UTM_ZONE">35</SimpleData>
		<SimpleData name="UTMY">0</SimpleData>
		<SimpleData name="UTMX">0</SimpleData>
		<SimpleData name="COORH_X">609159.6875</SimpleData>
	</SchemaData></ExtendedData>
      <Point><coordinates>29.6829441171992,36.0322598993743</coordinates></Point>
  </Placemark>
  <Placemark id="cikti_dsimgi.249">
	<ExtendedData><SchemaData schemaUrl="#cikti_dsimgi">
		<SimpleData name="OBJECTID">249</SimpleData>
		<SimpleData name="HAVZA_NO">08</SimpleData>
		<SimpleData name="IST_NO">08-032</SimpleData>
		<SimpleData name="IST_AD">Geyik Baraji</SimpleData>
		<SimpleData name="IST_TIP">MGI</SimpleData>
		<SimpleData name="BOLGE_NO">21</SimpleData>
		<SimpleData name="RASAT_TIP">YB</SimpleData>
		<SimpleData name="ILI">Mugla</SimpleData>
		<SimpleData name="ILCESI">Merkez</SimpleData>
		<SimpleData name="IST_KOT">455</SimpleData>
		<SimpleData name="DURUMU">K</SimpleData>
		<SimpleData name="IST_AC">1992/01/01 00:00:00</SimpleData>
		<SimpleData name="IST_KAP">1996/03/01 00:00:00</SimpleData>
		<SimpleData name="CKS_BOYLAM">27:53:00</SimpleData>
		<SimpleData name="CKS_ENLEM">37:23:00</SimpleData>
		<SimpleData name="UTM_ZONE">35</SimpleData>
		<SimpleData name="UTMY">0</SimpleData>
		<SimpleData name="UTMX">0</SimpleData>
		<SimpleData name="COORH_X">457155.9375</SimpleData>
	</SchemaData></ExtendedData>
      <Point><coordinates>27.8828914478791,37.3822780404115</coordinates></Point>
  </Placemark>
  <Placemark id="cikti_dsimgi.250">
	<ExtendedData><SchemaData schemaUrl="#cikti_dsimgi">
		<SimpleData name="OBJECTID">250</SimpleData>
		<SimpleData name="HAVZA_NO">09</SimpleData>
		<SimpleData name="IST_NO">09-001</SimpleData>
		<SimpleData name="IST_AD">Gençali</SimpleData>
		<SimpleData name="IST_TIP">MGI</SimpleData>
		<SimpleData name="BOLGE_NO">18</SimpleData>
		<SimpleData name="RASAT_TIP">YB</SimpleData>
		<SimpleData name="ILI">Isparta</SimpleData>
		<SimpleData name="ILCESI">Senirkent</SimpleData>
		<SimpleData name="IST_KOT">930</SimpleData>
		<SimpleData name="DURUMU">A</SimpleData>
		<SimpleData name="IST_AC">1962/04/25 00:00:00</SimpleData>
		<SimpleData name="P25_PNO">L25-c1</SimpleData>
		<SimpleData name="CKS_BOYLAM">30:45:59,0</SimpleData>
		<SimpleData name="CKS_ENLEM">38:12:43,3</SimpleData>
		<SimpleData name="UTM_ZONE">36</SimpleData>
		<SimpleData name="UTMY">0</SimpleData>
		<SimpleData name="UTMX">0</SimpleData>
		<SimpleData name="COORH_X">716327.3125</SimpleData>
	</SchemaData></ExtendedData>
      <Point><coordinates>30.7660113198626,38.2109195754605</coordinates></Point>
  </Placemark>
  <Placemark id="cikti_dsimgi.251">
	<ExtendedData><SchemaData schemaUrl="#cikti_dsimgi">
		<SimpleData name="OBJECTID">251</SimpleData>
		<SimpleData name="HAVZA_NO">09</SimpleData>
		<SimpleData name="IST_NO">09-002</SimpleData>
		<SimpleData name="IST_AD">Gölcük Reg.</SimpleData>
		<SimpleData name="IST_TIP">MGI</SimpleData>
		<SimpleData name="BOLGE_NO">18</SimpleData>
		<SimpleData name="RASAT_TIP">YB</SimpleData>
		<SimpleData name="ILI">Isparta</SimpleData>
		<SimpleData name="ILCESI">Merkez</SimpleData>
		<SimpleData name="IST_KOT">1350</SimpleData>
		<SimpleData name="DURUMU">K</SimpleData>
		<SimpleData name="IST_AC">1971/06/07 00:00:00</SimpleData>
		<SimpleData name="IST_KAP">1988/06/01 00:00:00</SimpleData>
		<SimpleData name="P25_PNO">M24-c2</SimpleData>
		<SimpleData name="CKS_BOYLAM">30:29:50,9</SimpleData>
		<SimpleData name="CKS_ENLEM">37:44:08,1</SimpleData>
		<SimpleData name="UTM_ZONE">36</SimpleData>
		<SimpleData name="UTMY">0</SimpleData>
		<SimpleData name="UTMX">0</SimpleData>
		<SimpleData name="COORH_X">690559.625</SimpleData>
	</SchemaData></ExtendedData>
      <Point><coordinates>30.4968413131587,37.7345194747034</coordinates></Point>
  </Placemark>
  <Placemark id="cikti_dsimgi.252">
	<ExtendedData><SchemaData schemaUrl="#cikti_dsimgi">
		<SimpleData name="OBJECTID">252</SimpleData>
		<SimpleData name="HAVZA_NO">09</SimpleData>
		<SimpleData name="IST_NO">09-003</SimpleData>
		<SimpleData name="IST_AD">Sücüllü baraji</SimpleData>
		<SimpleData name="IST_TIP">MGI</SimpleData>
		<SimpleData name="BOLGE_NO">18</SimpleData>
		<SimpleData name="RASAT_TIP">YB</SimpleData>
		<SimpleData name="ILI">Isparta</SimpleData>
		<SimpleData name="ILCESI">Yalvaç</SimpleData>
		<SimpleData name="IST_KOT">1230</SimpleData>
		<SimpleData name="DURUMU">K</SimpleData>
		<SimpleData name="IST_AC">1974/09/27 00:00:00</SimpleData>
		<SimpleData name="IST_KAP">1995/08/01 00:00:00</SimpleData>
		<SimpleData name="P25_PNO">L26-a3</SimpleData>
		<SimpleData name="CKS_BOYLAM">31:08:45,7</SimpleData>
		<SimpleData name="CKS_ENLEM">38:22:15,0</SimpleData>
		<SimpleData name="UTM_ZONE">36</SimpleData>
		<SimpleData name="UTMY">0</SimpleData>
		<SimpleData name="UTMX">0</SimpleData>
		<SimpleData name="COORH_X">750190.3125</SimpleData>
	</SchemaData></ExtendedData>
      <Point><coordinates>31.1454640734473,38.369813470087</coordinates></Point>
  </Placemark>
  <Placemark id="cikti_dsimgi.253">
	<ExtendedData><SchemaData schemaUrl="#cikti_dsimgi">
		<SimpleData name="OBJECTID">253</SimpleData>
		<SimpleData name="HAVZA_NO">09</SimpleData>
		<SimpleData name="IST_NO">09-004</SimpleData>
		<SimpleData name="IST_AD">Bahtiyar</SimpleData>
		<SimpleData name="IST_TIP">MGI</SimpleData>
		<SimpleData name="BOLGE_NO">18</SimpleData>
		<SimpleData name="RASAT_TIP">Y</SimpleData>
		<SimpleData name="ILI">Isparta</SimpleData>
		<SimpleData name="ILCESI">Yalvaç</SimpleData>
		<SimpleData name="IST_KOT">1025</SimpleData>
		<SimpleData name="DURUMU">K</SimpleData>
		<SimpleData name="IST_AC">1968/10/08 00:00:00</SimpleData>
		<SimpleData name="IST_KAP">1972/08/31 00:00:00</SimpleData>
		<SimpleData name="CKS_BOYLAM">31:12:00</SimpleData>
		<SimpleData name="CKS_ENLEM">38:12:00</SimpleData>
		<SimpleData name="UTM_ZONE">36</SimpleData>
		<SimpleData name="UTMY">0</SimpleData>
		<SimpleData name="UTMX">0</SimpleData>
		<SimpleData name="COORH_X">754308.375</SimpleData>
	</SchemaData></ExtendedData>
      <Point><coordinates>31.1996332867568,38.1989766987237</coordinates></Point>
  </Placemark>
  <Placemark id="cikti_dsimgi.254">
	<ExtendedData><SchemaData schemaUrl="#cikti_dsimgi">
		<SimpleData name="OBJECTID">254</SimpleData>
		<SimpleData name="HAVZA_NO">09</SimpleData>
		<SimpleData name="IST_NO">09-005</SimpleData>
		<SimpleData name="IST_AD">Yarikkaya</SimpleData>
		<SimpleData name="IST_TIP">MGI</SimpleData>
		<SimpleData name="BOLGE_NO">18</SimpleData>
		<SimpleData name="RASAT_TIP">Y</SimpleData>
		<SimpleData name="ILI">Isparta</SimpleData>
		<SimpleData name="ILCESI">Yalvaç</SimpleData>
		<SimpleData name="IST_KOT">1280</SimpleData>
		<SimpleData name="DURUMU">K</SimpleData>
		<SimpleData name="IST_AC">1963/07/01 00:00:00</SimpleData>
		<SimpleData name="IST_KAP">1979/04/01 00:00:00</SimpleData>
		<SimpleData name="P25_PNO">L26-a1</SimpleData>
		<SimpleData name="CKS_BOYLAM">31:04:22,9</SimpleData>
		<SimpleData name="CKS_ENLEM">38:27:23,1</SimpleData>
		<SimpleData name="UTM_ZONE">36</SimpleData>
		<SimpleData name="UTMY">0</SimpleData>
		<SimpleData name="UTMX">0</SimpleData>
		<SimpleData name="COORH_X">744123.8125</SimpleData>
	</SchemaData></ExtendedData>
      <Point><coordinates>31.0724061099847,38.4553705531092</coordinates></Point>
  </Placemark>
  <Placemark id="cikti_dsimgi.255">
	<ExtendedData><SchemaData schemaUrl="#cikti_dsimgi">
		<SimpleData name="OBJECTID">255</SimpleData>
		<SimpleData name="HAVZA_NO">09</SimpleData>
		<SimpleData name="IST_NO">09-006</SimpleData>
		<SimpleData name="IST_AD">Hisartepe</SimpleData>
		<SimpleData name="IST_TIP">MGI</SimpleData>
		<SimpleData name="BOLGE_NO">18</SimpleData>
		<SimpleData name="RASAT_TIP">Y</SimpleData>
		<SimpleData name="ILI">Isparta</SimpleData>
		<SimpleData name="ILCESI">Merkez</SimpleData>
		<SimpleData name="IST_KOT">1750</SimpleData>
		<SimpleData name="DURUMU">K</SimpleData>
		<SimpleData name="IST_AC">1961/12/12 00:00:00</SimpleData>
		<SimpleData name="IST_KAP">1972/07/06 00:00:00</SimpleData>
		<SimpleData name="CKS_BOYLAM">30:34:00</SimpleData>
		<SimpleData name="CKS_ENLEM">37:44:00</SimpleData>
		<SimpleData name="UTM_ZONE">36</SimpleData>
		<SimpleData name="UTMY">0</SimpleData>
		<SimpleData name="UTMX">0</SimpleData>
		<SimpleData name="COORH_X">696681.25</SimpleData>
	</SchemaData></ExtendedData>
      <Point><coordinates>30.5662874806521,37.7322974968369</coordinates></Point>
  </Placemark>
  <Placemark id="cikti_dsimgi.256">
	<ExtendedData><SchemaData schemaUrl="#cikti_dsimgi">
		<SimpleData name="OBJECTID">256</SimpleData>
		<SimpleData name="HAVZA_NO">09</SimpleData>
		<SimpleData name="IST_NO">09-007</SimpleData>
		<SimpleData name="IST_AD">Tekkeköy</SimpleData>
		<SimpleData name="IST_TIP">MGI</SimpleData>
		<SimpleData name="BOLGE_NO">18</SimpleData>
		<SimpleData name="RASAT_TIP">YB</SimpleData>
		<SimpleData name="ILI">Burdur</SimpleData>
		<SimpleData name="ILCESI">Merkez</SimpleData>
		<SimpleData name="IST_KOT">1240</SimpleData>
		<SimpleData name="DURUMU">A</SimpleData>
		<SimpleData name="IST_AC">1977/07/01 00:00:00</SimpleData>
		<SimpleData name="P25_PNO">M24-c3</SimpleData>
		<SimpleData name="CKS_BOYLAM">30:26:44,1</SimpleData>
		<SimpleData name="CKS_ENLEM">37:34:36,4</SimpleData>
		<SimpleData name="UTM_ZONE">36</SimpleData>
		<SimpleData name="UTMY">0</SimpleData>
		<SimpleData name="UTMX">0</SimpleData>
		<SimpleData name="COORH_X">685264.125</SimpleData>
	</SchemaData></ExtendedData>
      <Point><coordinates>30.4451744676085,37.5756270767727</coordinates></Point>
  </Placemark>
  <Placemark id="cikti_dsimgi.257">
	<ExtendedData><SchemaData schemaUrl="#cikti_dsimgi">
		<SimpleData name="OBJECTID">257</SimpleData>
		<SimpleData name="HAVZA_NO">09</SimpleData>
		<SimpleData name="IST_NO">09-008</SimpleData>
		<SimpleData name="IST_AD">Tasagil</SimpleData>
		<SimpleData name="IST_TIP">MGI</SimpleData>
		<SimpleData name="BOLGE_NO">13</SimpleData>
		<SimpleData name="RASAT_TIP">YB</SimpleData>
		<SimpleData name="ILI">Antalya</SimpleData>
		<SimpleData name="ILCESI">Serik</SimpleData>
		<SimpleData name="IST_KOT">80</SimpleData>
		<SimpleData name="DURUMU">K</SimpleData>
		<SimpleData name="IST_AC">1962/04/01 00:00:00</SimpleData>
		<SimpleData name="IST_KAP">1973/04/30 00:00:00</SimpleData>
		<SimpleData name="P25_PNO">O26-a2</SimpleData>
		<SimpleData name="CKS_BOYLAM">31:14:04</SimpleData>
		<SimpleData name="CKS_ENLEM">36:55:15</SimpleData>
		<SimpleData name="UTM_ZONE">36</SimpleData>
		<SimpleData name="UTMY">0</SimpleData>
		<SimpleData name="UTMX">0</SimpleData>
		<SimpleData name="COORH_X">752732.25</SimpleData>
	</SchemaData></ExtendedData>
      <Point><coordinates>31.2340869633489,36.9197837267887</coordinates></Point>
  </Placemark>
  <Placemark id="cikti_dsimgi.258">
	<ExtendedData><SchemaData schemaUrl="#cikti_dsimgi">
		<SimpleData name="OBJECTID">258</SimpleData>
		<SimpleData name="HAVZA_NO">09</SimpleData>
		<SimpleData name="IST_NO">09-009</SimpleData>
		<SimpleData name="IST_AD">Oymapinar</SimpleData>
		<SimpleData name="IST_TIP">MGI</SimpleData>
		<SimpleData name="BOLGE_NO">13</SimpleData>
		<SimpleData name="RASAT_TIP">YB</SimpleData>
		<SimpleData name="ILI">Antalya</SimpleData>
		<SimpleData name="ILCESI">Manavgat</SimpleData>
		<SimpleData name="IST_KOT">20</SimpleData>
		<SimpleData name="DURUMU">A</SimpleData>
		<SimpleData name="IST_AC">1977/05/09 00:00:00</SimpleData>
		<SimpleData name="P25_PNO">O27-a1</SimpleData>
		<SimpleData name="CKS_BOYLAM">31:31:18</SimpleData>
		<SimpleData name="CKS_ENLEM">36:53:28</SimpleData>
		<SimpleData name="UTM_ZONE">36</SimpleData>
		<SimpleData name="UTMY">0</SimpleData>
		<SimpleData name="UTMX">0</SimpleData>
		<SimpleData name="COORH_X">778309.375</SimpleData>
	</SchemaData></ExtendedData>
      <Point><coordinates>31.5213164278226,36.8900620740783</coordinates></Point>
  </Placemark>
  <Placemark id="cikti_dsimgi.259">
	<ExtendedData><SchemaData schemaUrl="#cikti_dsimgi">
		<SimpleData name="OBJECTID">259</SimpleData>
		<SimpleData name="HAVZA_NO">09</SimpleData>
		<SimpleData name="IST_NO">09-010</SimpleData>
		<SimpleData name="IST_AD">Yeleme (Baspinar)</SimpleData>
		<SimpleData name="IST_TIP">MGI</SimpleData>
		<SimpleData name="BOLGE_NO">13</SimpleData>
		<SimpleData name="RASAT_TIP">YB</SimpleData>
		<SimpleData name="ILI">Antalya</SimpleData>
		<SimpleData name="ILCESI">Korkuteli</SimpleData>
		<SimpleData name="IST_KOT">1500</SimpleData>
		<SimpleData name="DURUMU">A</SimpleData>
		<SimpleData name="IST_AC">1962/04/12 00:00:00</SimpleData>
		<SimpleData name="P25_PNO">N24-d1</SimpleData>
		<SimpleData name="CKS_BOYLAM">30:05:32</SimpleData>
		<SimpleData name="CKS_ENLEM">37:10:44</SimpleData>
		<SimpleData name="UTM_ZONE">36</SimpleData>
		<SimpleData name="UTMY">0</SimpleData>
		<SimpleData name="UTMX">0</SimpleData>
		<SimpleData name="COORH_X">651978.0625</SimpleData>
	</SchemaData></ExtendedData>
      <Point><coordinates>30.0918352192741,37.1778396405897</coordinates></Point>
  </Placemark>
  <Placemark id="cikti_dsimgi.260">
	<ExtendedData><SchemaData schemaUrl="#cikti_dsimgi">
		<SimpleData name="OBJECTID">260</SimpleData>
		<SimpleData name="HAVZA_NO">09</SimpleData>
		<SimpleData name="IST_NO">09-011</SimpleData>
		<SimpleData name="IST_AD">Karaaliler</SimpleData>
		<SimpleData name="IST_TIP">MGI</SimpleData>
		<SimpleData name="BOLGE_NO">18</SimpleData>
		<SimpleData name="RASAT_TIP">YB</SimpleData>
		<SimpleData name="ILI">Burdur</SimpleData>
		<SimpleData name="ILCESI">Bucak</SimpleData>
		<SimpleData name="IST_KOT">930</SimpleData>
		<SimpleData name="DURUMU">A</SimpleData>
		<SimpleData name="IST_AC">1962/04/18 00:00:00</SimpleData>
		<SimpleData name="P25_PNO">N24-b3</SimpleData>
		<SimpleData name="CKS_BOYLAM">30:28:57,4</SimpleData>
		<SimpleData name="CKS_ENLEM">37:21:36,5</SimpleData>
		<SimpleData name="UTM_ZONE">36</SimpleData>
		<SimpleData name="UTMY">0</SimpleData>
		<SimpleData name="UTMX">0</SimpleData>
		<SimpleData name="COORH_X">687543.1875</SimpleData>
	</SchemaData></ExtendedData>
      <Point><coordinates>30.4821213043751,37.3589561014687</coordinates></Point>
  </Placemark>
  <Placemark id="cikti_dsimgi.261">
	<ExtendedData><SchemaData schemaUrl="#cikti_dsimgi">
		<SimpleData name="OBJECTID">261</SimpleData>
		<SimpleData name="HAVZA_NO">09</SimpleData>
		<SimpleData name="IST_NO">09-012</SimpleData>
		<SimpleData name="IST_AD">Egirdir Regülatörü</SimpleData>
		<SimpleData name="IST_TIP">MGI</SimpleData>
		<SimpleData name="BOLGE_NO">18</SimpleData>
		<SimpleData name="RASAT_TIP">YB</SimpleData>
		<SimpleData name="ILI">Isparta</SimpleData>
		<SimpleData name="ILCESI">Egridir</SimpleData>
		<SimpleData name="IST_KOT">925</SimpleData>
		<SimpleData name="DURUMU">A</SimpleData>
		<SimpleData name="IST_AC">1962/07/17 00:00:00</SimpleData>
		<SimpleData name="P25_PNO">M25-b4</SimpleData>
		<SimpleData name="CKS_BOYLAM">30:51:56,2</SimpleData>
		<SimpleData name="CKS_ENLEM">37:50:31,2</SimpleData>
		<SimpleData name="UTM_ZONE">36</SimpleData>
		<SimpleData name="UTMY">0</SimpleData>
		<SimpleData name="UTMX">0</SimpleData>
		<SimpleData name="COORH_X">723516.5625</SimpleData>
	</SchemaData></ExtendedData>
      <Point><coordinates>30.8651829875519,37.8409121618368</coordinates></Point>
  </Placemark>
  <Placemark id="cikti_dsimgi.262">
	<ExtendedData><SchemaData schemaUrl="#cikti_dsimgi">
		<SimpleData name="OBJECTID">262</SimpleData>
		<SimpleData name="HAVZA_NO">09</SimpleData>
		<SimpleData name="IST_NO">09-013</SimpleData>
		<SimpleData name="IST_AD">Kestel</SimpleData>
		<SimpleData name="IST_TIP">MGI</SimpleData>
		<SimpleData name="BOLGE_NO">13</SimpleData>
		<SimpleData name="RASAT_TIP">Y</SimpleData>
		<SimpleData name="ILI">Antalya</SimpleData>
		<SimpleData name="ILCESI">Alanya</SimpleData>
		<SimpleData name="IST_KOT">50</SimpleData>
		<SimpleData name="DURUMU">K</SimpleData>
		<SimpleData name="IST_AC">1962/06/23 00:00:00</SimpleData>
		<SimpleData name="IST_KAP">1973/05/31 00:00:00</SimpleData>
		<SimpleData name="P25_PNO">O28-d4</SimpleData>
		<SimpleData name="CKS_BOYLAM">32:05:00</SimpleData>
		<SimpleData name="CKS_ENLEM">36:30:37</SimpleData>
		<SimpleData name="UTM_ZONE">36</SimpleData>
		<SimpleData name="UTMY">0</SimpleData>
		<SimpleData name="UTMX">0</SimpleData>
		<SimpleData name="COORH_X">827591.9375</SimpleData>
	</SchemaData></ExtendedData>
      <Point><coordinates>32.0829991243505,36.5092234290381</coordinates></Point>
  </Placemark>
  <Placemark id="cikti_dsimgi.263">
	<ExtendedData><SchemaData schemaUrl="#cikti_dsimgi">
		<SimpleData name="OBJECTID">263</SimpleData>
		<SimpleData name="HAVZA_NO">09</SimpleData>
		<SimpleData name="IST_NO">09-014</SimpleData>
		<SimpleData name="IST_AD">Karacaören</SimpleData>
		<SimpleData name="IST_TIP">MGI</SimpleData>
		<SimpleData name="BOLGE_NO">18</SimpleData>
		<SimpleData name="RASAT_TIP">YB</SimpleData>
		<SimpleData name="ILI">Burdur</SimpleData>
		<SimpleData name="ILCESI">Bucak</SimpleData>
		<SimpleData name="IST_KOT">310</SimpleData>
		<SimpleData name="DURUMU">A</SimpleData>
		<SimpleData name="IST_AC">1962/07/06 00:00:00</SimpleData>
		<SimpleData name="P25_PNO">N25-b4</SimpleData>
		<SimpleData name="CKS_BOYLAM">30:49:23,7</SimpleData>
		<SimpleData name="CKS_ENLEM">37:22:43,5</SimpleData>
		<SimpleData name="UTM_ZONE">36</SimpleData>
		<SimpleData name="UTMY">0</SimpleData>
		<SimpleData name="UTMX">0</SimpleData>
		<SimpleData name="COORH_X">717856.6875</SimpleData>
	</SchemaData></ExtendedData>
      <Point><coordinates>30.8226850283208,37.3775690430909</coordinates></Point>
  </Placemark>
  <Placemark id="cikti_dsimgi.264">
	<ExtendedData><SchemaData schemaUrl="#cikti_dsimgi">
		<SimpleData name="OBJECTID">264</SimpleData>
		<SimpleData name="HAVZA_NO">09</SimpleData>
		<SimpleData name="IST_NO">09-015</SimpleData>
		<SimpleData name="IST_AD">Gebiz</SimpleData>
		<SimpleData name="IST_TIP">MGI</SimpleData>
		<SimpleData name="BOLGE_NO">13</SimpleData>
		<SimpleData name="RASAT_TIP">Y</SimpleData>
		<SimpleData name="ILI">Antalya</SimpleData>
		<SimpleData name="ILCESI">Serik</SimpleData>
		<SimpleData name="IST_KOT">75</SimpleData>
		<SimpleData name="DURUMU">K</SimpleData>
		<SimpleData name="IST_AC">1962/12/01 00:00:00</SimpleData>
		<SimpleData name="IST_KAP">1976/09/15 00:00:00</SimpleData>
		<SimpleData name="P25_PNO">N25-c3</SimpleData>
		<SimpleData name="CKS_BOYLAM">30:56:29</SimpleData>
		<SimpleData name="CKS_ENLEM">37:06:24</SimpleData>
		<SimpleData name="UTM_ZONE">36</SimpleData>
		<SimpleData name="UTMY">0</SimpleData>
		<SimpleData name="UTMX">0</SimpleData>
		<SimpleData name="COORH_X">727280</SimpleData>
	</SchemaData></ExtendedData>
      <Point><coordinates>30.9410230912102,37.1056195899307</coordinates></Point>
  </Placemark>
  <Placemark id="cikti_dsimgi.265">
	<ExtendedData><SchemaData schemaUrl="#cikti_dsimgi">
		<SimpleData name="OBJECTID">265</SimpleData>
		<SimpleData name="HAVZA_NO">09</SimpleData>
		<SimpleData name="IST_NO">09-016</SimpleData>
		<SimpleData name="IST_AD">Dösemeal (Yeniköy)</SimpleData>
		<SimpleData name="IST_TIP">MGI</SimpleData>
		<SimpleData name="BOLGE_NO">13</SimpleData>
		<SimpleData name="RASAT_TIP">YB</SimpleData>
		<SimpleData name="ILI">Antalya</SimpleData>
		<SimpleData name="ILCESI">Merkez</SimpleData>
		<SimpleData name="IST_KOT">300</SimpleData>
		<SimpleData name="DURUMU">K</SimpleData>
		<SimpleData name="IST_AC">1962/10/24 00:00:00</SimpleData>
		<SimpleData name="IST_KAP">2001/05/01 00:00:00</SimpleData>
		<SimpleData name="P25_PNO">N25-d4</SimpleData>
		<SimpleData name="CKS_BOYLAM">30:35:55</SimpleData>
		<SimpleData name="CKS_ENLEM">37:01:20</SimpleData>
		<SimpleData name="UTM_ZONE">36</SimpleData>
		<SimpleData name="UTMY">0</SimpleData>
		<SimpleData name="UTMX">0</SimpleData>
		<SimpleData name="COORH_X">696358.125</SimpleData>
	</SchemaData></ExtendedData>
      <Point><coordinates>30.5982374690259,37.0211719840768</coordinates></Point>
  </Placemark>
  <Placemark id="cikti_dsimgi.266">
	<ExtendedData><SchemaData schemaUrl="#cikti_dsimgi">
		<SimpleData name="OBJECTID">266</SimpleData>
		<SimpleData name="HAVZA_NO">09</SimpleData>
		<SimpleData name="IST_NO">09-017</SimpleData>
		<SimpleData name="IST_AD">Çakirlar</SimpleData>
		<SimpleData name="IST_TIP">MGI</SimpleData>
		<SimpleData name="BOLGE_NO">13</SimpleData>
		<SimpleData name="RASAT_TIP">Y</SimpleData>
		<SimpleData name="ILI">Antalya</SimpleData>
		<SimpleData name="ILCESI">Merkez</SimpleData>
		<SimpleData name="IST_KOT">20</SimpleData>
		<SimpleData name="DURUMU">K</SimpleData>
		<SimpleData name="IST_AC">1962/11/23 00:00:00</SimpleData>
		<SimpleData name="IST_KAP">1973/05/31 00:00:00</SimpleData>
		<SimpleData name="P25_PNO">O25-a4</SimpleData>
		<SimpleData name="CKS_BOYLAM">30:36:00</SimpleData>
		<SimpleData name="CKS_ENLEM">36:51:00</SimpleData>
		<SimpleData name="UTM_ZONE">36</SimpleData>
		<SimpleData name="UTMY">0</SimpleData>
		<SimpleData name="UTMX">0</SimpleData>
		<SimpleData name="COORH_X">695720.5625</SimpleData>
	</SchemaData></ExtendedData>
      <Point><coordinates>30.5996275405376,36.84894633761</coordinates></Point>
  </Placemark>
  <Placemark id="cikti_dsimgi.267">
	<ExtendedData><SchemaData schemaUrl="#cikti_dsimgi">
		<SimpleData name="OBJECTID">267</SimpleData>
		<SimpleData name="HAVZA_NO">09</SimpleData>
		<SimpleData name="IST_NO">09-018</SimpleData>
		<SimpleData name="IST_AD">Yenice</SimpleData>
		<SimpleData name="IST_TIP">MGI</SimpleData>
		<SimpleData name="BOLGE_NO">18</SimpleData>
		<SimpleData name="RASAT_TIP">Y</SimpleData>
		<SimpleData name="ILI">Isparta</SimpleData>
		<SimpleData name="ILCESI">Egridir</SimpleData>
		<SimpleData name="IST_KOT">1200</SimpleData>
		<SimpleData name="DURUMU">K</SimpleData>
		<SimpleData name="IST_AC">1962/11/11 00:00:00</SimpleData>
		<SimpleData name="IST_KAP">1988/05/01 00:00:00</SimpleData>
		<SimpleData name="P25_PNO">M26-a4</SimpleData>
		<SimpleData name="CKS_BOYLAM">31:03:04,9</SimpleData>
		<SimpleData name="CKS_ENLEM">37:48:04,1</SimpleData>
		<SimpleData name="UTM_ZONE">36</SimpleData>
		<SimpleData name="UTMY">0</SimpleData>
		<SimpleData name="UTMX">0</SimpleData>
		<SimpleData name="COORH_X">739720.9375</SimpleData>
	</SchemaData></ExtendedData>
      <Point><coordinates>31.0507434042902,37.8000787620406</coordinates></Point>
  </Placemark>
  <Placemark id="cikti_dsimgi.268">
	<ExtendedData><SchemaData schemaUrl="#cikti_dsimgi">
		<SimpleData name="OBJECTID">268</SimpleData>
		<SimpleData name="HAVZA_NO">09</SimpleData>
		<SimpleData name="IST_NO">09-019</SimpleData>
		<SimpleData name="IST_AD">Kovada (Kirinti)</SimpleData>
		<SimpleData name="IST_TIP">MGI</SimpleData>
		<SimpleData name="BOLGE_NO">18</SimpleData>
		<SimpleData name="RASAT_TIP">YB</SimpleData>
		<SimpleData name="ILI">Isparta</SimpleData>
		<SimpleData name="ILCESI">Egridir</SimpleData>
		<SimpleData name="IST_KOT">960</SimpleData>
		<SimpleData name="DURUMU">A</SimpleData>
		<SimpleData name="IST_AC">1973/07/10 00:00:00</SimpleData>
		<SimpleData name="P25_PNO">M25-c1</SimpleData>
		<SimpleData name="CKS_BOYLAM">30:51:55,2</SimpleData>
		<SimpleData name="CKS_ENLEM">37:39:31,0</SimpleData>
		<SimpleData name="UTM_ZONE">36</SimpleData>
		<SimpleData name="UTMY">0</SimpleData>
		<SimpleData name="UTMX">0</SimpleData>
		<SimpleData name="COORH_X">722745.4375</SimpleData>
	</SchemaData></ExtendedData>
      <Point><coordinates>30.8649064527987,37.6575750211689</coordinates></Point>
  </Placemark>
  <Placemark id="cikti_dsimgi.269">
	<ExtendedData><SchemaData schemaUrl="#cikti_dsimgi">
		<SimpleData name="OBJECTID">269</SimpleData>
		<SimpleData name="HAVZA_NO">09</SimpleData>
		<SimpleData name="IST_NO">09-020</SimpleData>
		<SimpleData name="IST_AD">Hisarköy</SimpleData>
		<SimpleData name="IST_TIP">MGI</SimpleData>
		<SimpleData name="BOLGE_NO">18</SimpleData>
		<SimpleData name="RASAT_TIP">YB</SimpleData>
		<SimpleData name="ILI">Burdur</SimpleData>
		<SimpleData name="ILCESI">Aglasun</SimpleData>
		<SimpleData name="IST_KOT">1050</SimpleData>
		<SimpleData name="DURUMU">K</SimpleData>
		<SimpleData name="IST_AC">1972/10/09 00:00:00</SimpleData>
		<SimpleData name="IST_KAP">1993/03/12 00:00:00</SimpleData>
		<SimpleData name="P25_PNO">M25-d3</SimpleData>
		<SimpleData name="CKS_BOYLAM">30:38:03,6</SimpleData>
		<SimpleData name="CKS_ENLEM">37:34:50,5</SimpleData>
		<SimpleData name="UTM_ZONE">36</SimpleData>
		<SimpleData name="UTMY">0</SimpleData>
		<SimpleData name="UTMX">0</SimpleData>
		<SimpleData name="COORH_X">701973.3125</SimpleData>
	</SchemaData></ExtendedData>
      <Point><coordinates>30.6337901867205,37.5795168554843</coordinates></Point>
  </Placemark>
  <Placemark id="cikti_dsimgi.270">
	<ExtendedData><SchemaData schemaUrl="#cikti_dsimgi">
		<SimpleData name="OBJECTID">270</SimpleData>
		<SimpleData name="HAVZA_NO">09</SimpleData>
		<SimpleData name="IST_NO">09-021</SimpleData>
		<SimpleData name="IST_AD">Uluborlu baraji</SimpleData>
		<SimpleData name="IST_TIP">MGI</SimpleData>
		<SimpleData name="BOLGE_NO">18</SimpleData>
		<SimpleData name="RASAT_TIP">YB</SimpleData>
		<SimpleData name="ILI">Isparta</SimpleData>
		<SimpleData name="ILCESI">Uluborlu</SimpleData>
		<SimpleData name="IST_KOT">1115</SimpleData>
		<SimpleData name="DURUMU">K</SimpleData>
		<SimpleData name="IST_AC">1984/06/14 00:00:00</SimpleData>
		<SimpleData name="IST_KAP">1995/07/01 00:00:00</SimpleData>
		<SimpleData name="P25_PNO">L24-c3</SimpleData>
		<SimpleData name="CKS_BOYLAM">30:24:57,6</SimpleData>
		<SimpleData name="CKS_ENLEM">38:03:46,6</SimpleData>
		<SimpleData name="UTM_ZONE">36</SimpleData>
		<SimpleData name="UTMY">0</SimpleData>
		<SimpleData name="UTMX">0</SimpleData>
		<SimpleData name="COORH_X">684897.1875</SimpleData>
	</SchemaData></ExtendedData>
      <Point><coordinates>30.4154481392628,38.0617482189495</coordinates></Point>
  </Placemark>
  <Placemark id="cikti_dsimgi.271">
	<ExtendedData><SchemaData schemaUrl="#cikti_dsimgi">
		<SimpleData name="OBJECTID">271</SimpleData>
		<SimpleData name="HAVZA_NO">09</SimpleData>
		<SimpleData name="IST_NO">09-022</SimpleData>
		<SimpleData name="IST_AD">Kömürcüler (Yeniköy)</SimpleData>
		<SimpleData name="IST_TIP">MGI</SimpleData>
		<SimpleData name="BOLGE_NO">13</SimpleData>
		<SimpleData name="RASAT_TIP">YB</SimpleData>
		<SimpleData name="ILI">Antalya</SimpleData>
		<SimpleData name="ILCESI">Merkez</SimpleData>
		<SimpleData name="IST_KOT">310</SimpleData>
		<SimpleData name="DURUMU">A</SimpleData>
		<SimpleData name="IST_AC">2001/11/03 00:00:00</SimpleData>
		<SimpleData name="CKS_BOYLAM">30:45:00</SimpleData>
		<SimpleData name="CKS_ENLEM">37:42:00</SimpleData>
		<SimpleData name="UTM_ZONE">36</SimpleData>
		<SimpleData name="UTMY">0</SimpleData>
		<SimpleData name="UTMX">0</SimpleData>
		<SimpleData name="COORH_X">712729.125</SimpleData>
	</SchemaData></ExtendedData>
      <Point><coordinates>30.7496255489092,37.6989642556966</coordinates></Point>
  </Placemark>
  <Placemark id="cikti_dsimgi.272">
	<ExtendedData><SchemaData schemaUrl="#cikti_dsimgi">
		<SimpleData name="OBJECTID">272</SimpleData>
		<SimpleData name="HAVZA_NO">09</SimpleData>
		<SimpleData name="IST_NO">09-023</SimpleData>
		<SimpleData name="IST_AD">Bölge Sahasi Içi</SimpleData>
		<SimpleData name="IST_TIP">MGI</SimpleData>
		<SimpleData name="BOLGE_NO">13</SimpleData>
		<SimpleData name="RASAT_TIP">YB</SimpleData>
		<SimpleData name="ILI">Antalya</SimpleData>
		<SimpleData name="ILCESI">Merkez</SimpleData>
		<SimpleData name="IST_KOT">103</SimpleData>
		<SimpleData name="DURUMU">A</SimpleData>
		<SimpleData name="IST_AC">2002/01/01 00:00:00</SimpleData>
		<SimpleData name="CKS_BOYLAM">30:50:00</SimpleData>
		<SimpleData name="CKS_ENLEM">36:29:00</SimpleData>
		<SimpleData name="UTM_ZONE">36</SimpleData>
		<SimpleData name="UTMY">0</SimpleData>
		<SimpleData name="UTMX">0</SimpleData>
		<SimpleData name="COORH_X">715082.0625</SimpleData>
	</SchemaData></ExtendedData>
      <Point><coordinates>30.8329688946249,36.4822734140803</coordinates></Point>
  </Placemark>
  <Placemark id="cikti_dsimgi.273">
	<ExtendedData><SchemaData schemaUrl="#cikti_dsimgi">
		<SimpleData name="OBJECTID">273</SimpleData>
		<SimpleData name="HAVZA_NO">10</SimpleData>
		<SimpleData name="IST_NO">10-001</SimpleData>
		<SimpleData name="IST_AD">Karamanli baraji</SimpleData>
		<SimpleData name="IST_TIP">MGI</SimpleData>
		<SimpleData name="BOLGE_NO">18</SimpleData>
		<SimpleData name="RASAT_TIP">YB</SimpleData>
		<SimpleData name="ILI">Burdur</SimpleData>
		<SimpleData name="ILCESI">Karamanli</SimpleData>
		<SimpleData name="IST_KOT">1080</SimpleData>
		<SimpleData name="DURUMU">A</SimpleData>
		<SimpleData name="IST_AC">1974/09/28 00:00:00</SimpleData>
		<SimpleData name="P25_PNO">N23-b1</SimpleData>
		<SimpleData name="CKS_BOYLAM">29:50:05,6</SimpleData>
		<SimpleData name="CKS_ENLEM">37:23:53,9</SimpleData>
		<SimpleData name="UTM_ZONE">35</SimpleData>
		<SimpleData name="UTMY">0</SimpleData>
		<SimpleData name="UTMX">0</SimpleData>
		<SimpleData name="COORH_X">630249.4375</SimpleData>
	</SchemaData></ExtendedData>
      <Point><coordinates>29.834327443302,37.397009614896</coordinates></Point>
  </Placemark>
  <Placemark id="cikti_dsimgi.274">
	<ExtendedData><SchemaData schemaUrl="#cikti_dsimgi">
		<SimpleData name="OBJECTID">274</SimpleData>
		<SimpleData name="HAVZA_NO">21</SimpleData>
		<SimpleData name="IST_NO">21-059</SimpleData>
		<SimpleData name="IST_AD">Gültepe</SimpleData>
		<SimpleData name="IST_TIP">MGI</SimpleData>
		<SimpleData name="BOLGE_NO">08</SimpleData>
		<SimpleData name="RASAT_TIP">YB</SimpleData>
		<SimpleData name="ILI">Agri</SimpleData>
		<SimpleData name="ILCESI">Hamur</SimpleData>
		<SimpleData name="IST_KOT">1960</SimpleData>
		<SimpleData name="DURUMU">A</SimpleData>
		<SimpleData name="IST_AC">1973/10/22 00:00:00</SimpleData>
		<SimpleData name="P25_PNO">J-50-a1</SimpleData>
		<SimpleData name="UTM_ZONE">38</SimpleData>
		<SimpleData name="UTMY">4368374</SimpleData>
		<SimpleData name="UTMX">329663</SimpleData>
		<SimpleData name="COORH_X">1775618.75</SimpleData>
	</SchemaData></ExtendedData>
      <Point><coordinates>43.020442271385,39.4464663582077</coordinates></Point>
  </Placemark>
  <Placemark id="cikti_dsimgi.275">
	<ExtendedData><SchemaData schemaUrl="#cikti_dsimgi">
		<SimpleData name="OBJECTID">275</SimpleData>
		<SimpleData name="HAVZA_NO">21</SimpleData>
		<SimpleData name="IST_NO">21-075</SimpleData>
		<SimpleData name="IST_AD">Karahalit</SimpleData>
		<SimpleData name="IST_TIP">MGI</SimpleData>
		<SimpleData name="BOLGE_NO">08</SimpleData>
		<SimpleData name="RASAT_TIP">YB</SimpleData>
		<SimpleData name="ILI">Agri</SimpleData>
		<SimpleData name="ILCESI">Tutak</SimpleData>
		<SimpleData name="IST_KOT">1735</SimpleData>
		<SimpleData name="DURUMU">A</SimpleData>
		<SimpleData name="IST_AC">1985/10/17 00:00:00</SimpleData>
		<SimpleData name="P25_PNO">J-49-b1</SimpleData>
		<SimpleData name="UTM_ZONE">38</SimpleData>
		<SimpleData name="UTMY">4370719</SimpleData>
		<SimpleData name="UTMX">314779</SimpleData>
		<SimpleData name="COORH_X">1760546.75</SimpleData>
	</SchemaData></ExtendedData>
      <Point><coordinates>42.846929553874,39.4645092543367</coordinates></Point>
  </Placemark>
  <Placemark id="cikti_dsimgi.276">
	<ExtendedData><SchemaData schemaUrl="#cikti_dsimgi">
		<SimpleData name="OBJECTID">276</SimpleData>
		<SimpleData name="HAVZA_NO">23</SimpleData>
		<SimpleData name="IST_NO">23-001</SimpleData>
		<SimpleData name="IST_AD">Kömürlü</SimpleData>
		<SimpleData name="IST_TIP">MGI</SimpleData>
		<SimpleData name="BOLGE_NO">08</SimpleData>
		<SimpleData name="RASAT_TIP">YB</SimpleData>
		<SimpleData name="ILI">Erzurum</SimpleData>
		<SimpleData name="ILCESI">Senkaya</SimpleData>
		<SimpleData name="IST_KOT">1430</SimpleData>
		<SimpleData name="DURUMU">A</SimpleData>
		<SimpleData name="IST_AC">1963/10/15 00:00:00</SimpleData>
		<SimpleData name="P25_PNO">G-48-c1</SimpleData>
		<SimpleData name="UTM_ZONE">38</SimpleData>
		<SimpleData name="UTMY">4513934</SimpleData>
		<SimpleData name="UTMX">271114</SimpleData>
		<SimpleData name="COORH_X">1699024.125</SimpleData>
	</SchemaData></ExtendedData>
      <Point><coordinates>42.289108605003,40.7428992738559</coordinates></Point>
  </Placemark>
  <Placemark id="cikti_dsimgi.277">
	<ExtendedData><SchemaData schemaUrl="#cikti_dsimgi">
		<SimpleData name="OBJECTID">277</SimpleData>
		<SimpleData name="HAVZA_NO">24</SimpleData>
		<SimpleData name="IST_NO">24-008</SimpleData>
		<SimpleData name="IST_AD">Yigit Konak</SimpleData>
		<SimpleData name="IST_TIP">MGI</SimpleData>
		<SimpleData name="BOLGE_NO">24</SimpleData>
		<SimpleData name="RASAT_TIP">Y</SimpleData>
		<SimpleData name="ILI">Ardahan</SimpleData>
		<SimpleData name="ILCESI">Göle</SimpleData>
		<SimpleData name="IST_KOT">1995</SimpleData>
		<SimpleData name="DURUMU">A</SimpleData>
		<SimpleData name="IST_AC">1966/10/01 00:00:00</SimpleData>
		<SimpleData name="P25_PNO">G49-a1</SimpleData>
		<SimpleData name="CKS_BOYLAM">42:34:24</SimpleData>
		<SimpleData name="CKS_ENLEM">40:57:13</SimpleData>
		<SimpleData name="UTM_ZONE">38</SimpleData>
		<SimpleData name="UTMY">4536526</SimpleData>
		<SimpleData name="UTMX">295764</SimpleData>
		<SimpleData name="COORH_X">1720588.125</SimpleData>
	</SchemaData></ExtendedData>
      <Point><coordinates>42.5733828503541,40.9527226050508</coordinates></Point>
  </Placemark>
  <Placemark id="cikti_dsimgi.278">
	<ExtendedData><SchemaData schemaUrl="#cikti_dsimgi">
		<SimpleData name="OBJECTID">278</SimpleData>
		<SimpleData name="HAVZA_NO">24</SimpleData>
		<SimpleData name="IST_NO">24-010</SimpleData>
		<SimpleData name="IST_AD">Dalbahçe (Korum)</SimpleData>
		<SimpleData name="IST_TIP">MGI</SimpleData>
		<SimpleData name="BOLGE_NO">24</SimpleData>
		<SimpleData name="RASAT_TIP">YB</SimpleData>
		<SimpleData name="ILI">Agri</SimpleData>
		<SimpleData name="ILCESI">Dogubeyazit</SimpleData>
		<SimpleData name="IST_KOT">1740</SimpleData>
		<SimpleData name="DURUMU">A</SimpleData>
		<SimpleData name="IST_AC">1966/10/01 00:00:00</SimpleData>
		<SimpleData name="P25_PNO">I-51-c1</SimpleData>
		<SimpleData name="UTM_ZONE">38</SimpleData>
		<SimpleData name="UTMY">4391661</SimpleData>
		<SimpleData name="UTMX">400920</SimpleData>
		<SimpleData name="COORH_X">1843387.5</SimpleData>
	</SchemaData></ExtendedData>
      <Point><coordinates>43.8448540530371,39.6673982612168</coordinates></Point>
  </Placemark>
  <Placemark id="cikti_dsimgi.279">
	<ExtendedData><SchemaData schemaUrl="#cikti_dsimgi">
		<SimpleData name="OBJECTID">279</SimpleData>
		<SimpleData name="HAVZA_NO">24</SimpleData>
		<SimpleData name="IST_NO">24-011</SimpleData>
		<SimpleData name="IST_AD">Bozkus</SimpleData>
		<SimpleData name="IST_TIP">MGI</SimpleData>
		<SimpleData name="BOLGE_NO">24</SimpleData>
		<SimpleData name="RASAT_TIP">YB</SimpleData>
		<SimpleData name="ILI">Kars</SimpleData>
		<SimpleData name="ILCESI">Selim</SimpleData>
		<SimpleData name="IST_KOT">2215</SimpleData>
		<SimpleData name="DURUMU">A</SimpleData>
		<SimpleData name="IST_AC">1974/08/01 00:00:00</SimpleData>
		<SimpleData name="P25_PNO">G49-c1</SimpleData>
		<SimpleData name="CKS_BOYLAM">42:45:33</SimpleData>
		<SimpleData name="CKS_ENLEM">40:38:07</SimpleData>
		<SimpleData name="UTM_ZONE">38</SimpleData>
		<SimpleData name="UTMY">4500766</SimpleData>
		<SimpleData name="UTMX">310498</SimpleData>
		<SimpleData name="COORH_X">1739758.625</SimpleData>
	</SchemaData></ExtendedData>
      <Point><coordinates>42.7591644409139,40.6343770633089</coordinates></Point>
  </Placemark>
  <Placemark id="cikti_dsimgi.280">
	<ExtendedData><SchemaData schemaUrl="#cikti_dsimgi">
		<SimpleData name="OBJECTID">280</SimpleData>
		<SimpleData name="HAVZA_NO">24</SimpleData>
		<SimpleData name="IST_NO">24-012</SimpleData>
		<SimpleData name="IST_AD">Pazarcik</SimpleData>
		<SimpleData name="IST_TIP">MGI</SimpleData>
		<SimpleData name="BOLGE_NO">24</SimpleData>
		<SimpleData name="RASAT_TIP">YB</SimpleData>
		<SimpleData name="ILI">Kars</SimpleData>
		<SimpleData name="ILCESI">Digor</SimpleData>
		<SimpleData name="IST_KOT">2100</SimpleData>
		<SimpleData name="DURUMU">A</SimpleData>
		<SimpleData name="IST_AC">1976/08/08 00:00:00</SimpleData>
		<SimpleData name="P25_PNO">H50-b1</SimpleData>
		<SimpleData name="CKS_BOYLAM">43:19:38</SimpleData>
		<SimpleData name="CKS_ENLEM">40:28:11</SimpleData>
		<SimpleData name="UTM_ZONE">38</SimpleData>
		<SimpleData name="UTMY">4481303</SimpleData>
		<SimpleData name="UTMX">358188</SimpleData>
		<SimpleData name="COORH_X">1789546.125</SimpleData>
	</SchemaData></ExtendedData>
      <Point><coordinates>43.327188827769,40.4686782194273</coordinates></Point>
  </Placemark>
  <Placemark id="cikti_dsimgi.281">
	<ExtendedData><SchemaData schemaUrl="#cikti_dsimgi">
		<SimpleData name="OBJECTID">281</SimpleData>
		<SimpleData name="HAVZA_NO">24</SimpleData>
		<SimpleData name="IST_NO">24-013</SimpleData>
		<SimpleData name="IST_AD">Gülyüzü (Pekrenis)</SimpleData>
		<SimpleData name="IST_TIP">MGI</SimpleData>
		<SimpleData name="BOLGE_NO">24</SimpleData>
		<SimpleData name="RASAT_TIP">YB</SimpleData>
		<SimpleData name="ILI">Ardahan</SimpleData>
		<SimpleData name="ILCESI">Çildir</SimpleData>
		<SimpleData name="IST_KOT">2000</SimpleData>
		<SimpleData name="DURUMU">A</SimpleData>
		<SimpleData name="IST_AC">1968/07/08 00:00:00</SimpleData>
		<SimpleData name="P25_PNO">G50-a2</SimpleData>
		<SimpleData name="CKS_BOYLAM">43:13:20</SimpleData>
		<SimpleData name="CKS_ENLEM">40:59:23</SimpleData>
		<SimpleData name="UTM_ZONE">38</SimpleData>
		<SimpleData name="UTMY">4539229</SimpleData>
		<SimpleData name="UTMX">350458</SimpleData>
		<SimpleData name="COORH_X">1774484.625</SimpleData>
	</SchemaData></ExtendedData>
      <Point><coordinates>43.2222146284163,40.9889066106161</coordinates></Point>
  </Placemark>
  <Placemark id="cikti_dsimgi.282">
	<ExtendedData><SchemaData schemaUrl="#cikti_dsimgi">
		<SimpleData name="OBJECTID">282</SimpleData>
		<SimpleData name="HAVZA_NO">24</SimpleData>
		<SimpleData name="IST_NO">24-016</SimpleData>
		<SimpleData name="IST_AD">Bogatepe (Büyük)</SimpleData>
		<SimpleData name="IST_TIP">MGI</SimpleData>
		<SimpleData name="BOLGE_NO">24</SimpleData>
		<SimpleData name="RASAT_TIP">YB</SimpleData>
		<SimpleData name="ILI">Ardahan</SimpleData>
		<SimpleData name="ILCESI">Göle</SimpleData>
		<SimpleData name="IST_KOT">2210</SimpleData>
		<SimpleData name="DURUMU">A</SimpleData>
		<SimpleData name="IST_AC">1976/08/09 00:00:00</SimpleData>
		<SimpleData name="P25_PNO">G49-b3</SimpleData>
		<SimpleData name="CKS_BOYLAM">42:53:53</SimpleData>
		<SimpleData name="CKS_ENLEM">40:48:40</SimpleData>
		<SimpleData name="UTM_ZONE">38</SimpleData>
		<SimpleData name="UTMY">4519988</SimpleData>
		<SimpleData name="UTMX">322693</SimpleData>
		<SimpleData name="COORH_X">1749403</SimpleData>
	</SchemaData></ExtendedData>
      <Point><coordinates>42.8978321464275,40.810132292585</coordinates></Point>
  </Placemark>
  <Placemark id="cikti_dsimgi.283">
	<ExtendedData><SchemaData schemaUrl="#cikti_dsimgi">
		<SimpleData name="OBJECTID">283</SimpleData>
		<SimpleData name="HAVZA_NO">24</SimpleData>
		<SimpleData name="IST_NO">24-017</SimpleData>
		<SimpleData name="IST_AD">Aktarla</SimpleData>
		<SimpleData name="IST_TIP">MGI</SimpleData>
		<SimpleData name="BOLGE_NO">24</SimpleData>
		<SimpleData name="RASAT_TIP">YB</SimpleData>
		<SimpleData name="ILI">Agri</SimpleData>
		<SimpleData name="ILCESI">Dogubeyazit</SimpleData>
		<SimpleData name="IST_KOT">2260</SimpleData>
		<SimpleData name="DURUMU">A</SimpleData>
		<SimpleData name="IST_AC">1976/11/01 00:00:00</SimpleData>
		<SimpleData name="P25_PNO">I-51-d1</SimpleData>
		<SimpleData name="UTM_ZONE">38</SimpleData>
		<SimpleData name="UTMY">4399436</SimpleData>
		<SimpleData name="UTMX">378957</SimpleData>
		<SimpleData name="COORH_X">1820595</SimpleData>
	</SchemaData></ExtendedData>
      <Point><coordinates>43.5874360376179,39.7346024839185</coordinates></Point>
  </Placemark>
  <Placemark id="cikti_dsimgi.284">
	<ExtendedData><SchemaData schemaUrl="#cikti_dsimgi">
		<SimpleData name="OBJECTID">284</SimpleData>
		<SimpleData name="HAVZA_NO">24</SimpleData>
		<SimpleData name="IST_NO">24-018</SimpleData>
		<SimpleData name="IST_AD">Kocaköy (Digor)</SimpleData>
		<SimpleData name="IST_TIP">MGI</SimpleData>
		<SimpleData name="BOLGE_NO">24</SimpleData>
		<SimpleData name="RASAT_TIP">Y</SimpleData>
		<SimpleData name="ILI">Kars</SimpleData>
		<SimpleData name="ILCESI">Digor</SimpleData>
		<SimpleData name="IST_KOT">1610</SimpleData>
		<SimpleData name="DURUMU">A</SimpleData>
		<SimpleData name="IST_AC">1982/10/10 00:00:00</SimpleData>
		<SimpleData name="P25_PNO">H50-b3</SimpleData>
		<SimpleData name="CKS_BOYLAM">43:27:26</SimpleData>
		<SimpleData name="CKS_ENLEM">40:17:31</SimpleData>
		<SimpleData name="UTM_ZONE">38</SimpleData>
		<SimpleData name="UTMY">4461382</SimpleData>
		<SimpleData name="UTMX">368869</SimpleData>
		<SimpleData name="COORH_X">1802684.375</SimpleData>
	</SchemaData></ExtendedData>
      <Point><coordinates>43.4572343440361,40.2910267176143</coordinates></Point>
  </Placemark>
  <Placemark id="cikti_dsimgi.285">
	<ExtendedData><SchemaData schemaUrl="#cikti_dsimgi">
		<SimpleData name="OBJECTID">285</SimpleData>
		<SimpleData name="HAVZA_NO">24</SimpleData>
		<SimpleData name="IST_NO">24-019</SimpleData>
		<SimpleData name="IST_AD">Arpaçay Brj.</SimpleData>
		<SimpleData name="IST_TIP">MGI</SimpleData>
		<SimpleData name="BOLGE_NO">24</SimpleData>
		<SimpleData name="RASAT_TIP">YB</SimpleData>
		<SimpleData name="ILI">Kars</SimpleData>
		<SimpleData name="ILCESI">Arpaçay</SimpleData>
		<SimpleData name="IST_KOT">1460</SimpleData>
		<SimpleData name="DURUMU">A</SimpleData>
		<SimpleData name="IST_AC">1984/05/01 00:00:00</SimpleData>
		<SimpleData name="P25_PNO">G51</SimpleData>
		<SimpleData name="CKS_BOYLAM">43:38:39</SimpleData>
		<SimpleData name="CKS_ENLEM">40:33:55</SimpleData>
		<SimpleData name="UTM_ZONE">38</SimpleData>
		<SimpleData name="UTMY">4491472</SimpleData>
		<SimpleData name="UTMX">385223</SimpleData>
		<SimpleData name="COORH_X">1815069</SimpleData>
	</SchemaData></ExtendedData>
      <Point><coordinates>43.6441508758855,40.5644402069538</coordinates></Point>
  </Placemark>
  <Placemark id="cikti_dsimgi.286">
	<ExtendedData><SchemaData schemaUrl="#cikti_dsimgi">
		<SimpleData name="OBJECTID">286</SimpleData>
		<SimpleData name="HAVZA_NO">14</SimpleData>
		<SimpleData name="IST_NO">14-002</SimpleData>
		<SimpleData name="IST_AD">Yolbasi-Akkus</SimpleData>
		<SimpleData name="IST_TIP">MGI</SimpleData>
		<SimpleData name="BOLGE_NO">07</SimpleData>
		<SimpleData name="RASAT_TIP">Y</SimpleData>
		<SimpleData name="ILI">Tokat</SimpleData>
		<SimpleData name="ILCESI">Niksar</SimpleData>
		<SimpleData name="IST_KOT">1050</SimpleData>
		<SimpleData name="DURUMU">K</SimpleData>
		<SimpleData name="IST_AC">1969/06/13 00:00:00</SimpleData>
		<SimpleData name="IST_KAP">1996/05/31 00:00:00</SimpleData>
		<SimpleData name="P25_PNO">g37-c2</SimpleData>
		<SimpleData name="CKS_BOYLAM">36:59:16</SimpleData>
		<SimpleData name="CKS_ENLEM">40:42:03</SimpleData>
		<SimpleData name="UTM_ZONE">37</SimpleData>
		<SimpleData name="UTMY">4507575</SimpleData>
		<SimpleData name="UTMX">330000</SimpleData>
		<SimpleData name="COORH_X">1252473.875</SimpleData>
	</SchemaData></ExtendedData>
      <Point><coordinates>36.9876247925395,40.6999089853128</coordinates></Point>
  </Placemark>
  <Placemark id="cikti_dsimgi.287">
	<ExtendedData><SchemaData schemaUrl="#cikti_dsimgi">
		<SimpleData name="OBJECTID">287</SimpleData>
		<SimpleData name="HAVZA_NO">14</SimpleData>
		<SimpleData name="IST_NO">14-005</SimpleData>
		<SimpleData name="IST_AD">Çatalçam (Zevker)</SimpleData>
		<SimpleData name="IST_TIP">MGI</SimpleData>
		<SimpleData name="BOLGE_NO">08</SimpleData>
		<SimpleData name="RASAT_TIP">Y</SimpleData>
		<SimpleData name="ILI">Erzincan</SimpleData>
		<SimpleData name="ILCESI">Refahiye</SimpleData>
		<SimpleData name="IST_KOT">1600</SimpleData>
		<SimpleData name="DURUMU">A</SimpleData>
		<SimpleData name="IST_AC">1964/09/01 00:00:00</SimpleData>
		<SimpleData name="P25_PNO">I-41-b2</SimpleData>
		<SimpleData name="UTM_ZONE">37</SimpleData>
		<SimpleData name="UTMY">4425658</SimpleData>
		<SimpleData name="UTMX">487439</SimpleData>
		<SimpleData name="COORH_X">1414466.5</SimpleData>
	</SchemaData></ExtendedData>
      <Point><coordinates>38.8527147092253,39.979353269045</coordinates></Point>
  </Placemark>
  <Placemark id="cikti_dsimgi.288">
	<ExtendedData><SchemaData schemaUrl="#cikti_dsimgi">
		<SimpleData name="OBJECTID">288</SimpleData>
		<SimpleData name="HAVZA_NO">14</SimpleData>
		<SimpleData name="IST_NO">14-007</SimpleData>
		<SimpleData name="IST_AD">Almus</SimpleData>
		<SimpleData name="IST_TIP">MGI</SimpleData>
		<SimpleData name="BOLGE_NO">07</SimpleData>
		<SimpleData name="RASAT_TIP">YB</SimpleData>
		<SimpleData name="ILI">Tokat</SimpleData>
		<SimpleData name="ILCESI">Almus</SimpleData>
		<SimpleData name="IST_KOT">830</SimpleData>
		<SimpleData name="DURUMU">A</SimpleData>
		<SimpleData name="IST_AC">1961/08/28 00:00:00</SimpleData>
		<SimpleData name="P25_PNO">h37-b2</SimpleData>
		<SimpleData name="CKS_BOYLAM">36:54:37</SimpleData>
		<SimpleData name="CKS_ENLEM">40:22:44</SimpleData>
		<SimpleData name="UTM_ZONE">37</SimpleData>
		<SimpleData name="UTMY">4471975</SimpleData>
		<SimpleData name="UTMX">322600</SimpleData>
		<SimpleData name="COORH_X">1247139.375</SimpleData>
	</SchemaData></ExtendedData>
      <Point><coordinates>36.9100785402706,40.3778464894621</coordinates></Point>
  </Placemark>
  <Placemark id="cikti_dsimgi.289">
	<ExtendedData><SchemaData schemaUrl="#cikti_dsimgi">
		<SimpleData name="OBJECTID">289</SimpleData>
		<SimpleData name="HAVZA_NO">14</SimpleData>
		<SimpleData name="IST_NO">14-011</SimpleData>
		<SimpleData name="IST_AD">Artova-Ekinli</SimpleData>
		<SimpleData name="IST_TIP">MGI</SimpleData>
		<SimpleData name="BOLGE_NO">07</SimpleData>
		<SimpleData name="RASAT_TIP">YB</SimpleData>
		<SimpleData name="ILI">Tokat</SimpleData>
		<SimpleData name="ILCESI">Artova</SimpleData>
		<SimpleData name="IST_KOT">1070</SimpleData>
		<SimpleData name="DURUMU">A</SimpleData>
		<SimpleData name="IST_AC">1967/04/16 00:00:00</SimpleData>
		<SimpleData name="P25_PNO">h36-c4</SimpleData>
		<SimpleData name="CKS_BOYLAM">36:18:23</SimpleData>
		<SimpleData name="CKS_ENLEM">40:00:56</SimpleData>
		<SimpleData name="UTM_ZONE">37</SimpleData>
		<SimpleData name="UTMY">4433025</SimpleData>
		<SimpleData name="UTMX">270100</SimpleData>
		<SimpleData name="COORH_X">1196955.25</SimpleData>
	</SchemaData></ExtendedData>
      <Point><coordinates>36.3061320081569,40.0144942287736</coordinates></Point>
  </Placemark>
  <Placemark id="cikti_dsimgi.290">
	<ExtendedData><SchemaData schemaUrl="#cikti_dsimgi">
		<SimpleData name="OBJECTID">290</SimpleData>
		<SimpleData name="HAVZA_NO">14</SimpleData>
		<SimpleData name="IST_NO">14-014</SimpleData>
		<SimpleData name="IST_AD">Hasan Ugurlu Brj.</SimpleData>
		<SimpleData name="IST_TIP">MGI</SimpleData>
		<SimpleData name="BOLGE_NO">07</SimpleData>
		<SimpleData name="RASAT_TIP">YB</SimpleData>
		<SimpleData name="ILI">Samsun</SimpleData>
		<SimpleData name="ILCESI">Ayvacik</SimpleData>
		<SimpleData name="IST_KOT">120</SimpleData>
		<SimpleData name="DURUMU">A</SimpleData>
		<SimpleData name="IST_AC">1973/06/01 00:00:00</SimpleData>
		<SimpleData name="P25_PNO">f37-d4</SimpleData>
		<SimpleData name="CKS_BOYLAM">36:37:02</SimpleData>
		<SimpleData name="CKS_ENLEM">41:00:06</SimpleData>
		<SimpleData name="UTM_ZONE">37</SimpleData>
		<SimpleData name="UTMY">4541750</SimpleData>
		<SimpleData name="UTMX">299600</SimpleData>
		<SimpleData name="COORH_X">1220152.5</SimpleData>
	</SchemaData></ExtendedData>
      <Point><coordinates>36.6170679695759,41.0006755591821</coordinates></Point>
  </Placemark>
  <Placemark id="cikti_dsimgi.291">
	<ExtendedData><SchemaData schemaUrl="#cikti_dsimgi">
		<SimpleData name="OBJECTID">291</SimpleData>
		<SimpleData name="HAVZA_NO">14</SimpleData>
		<SimpleData name="IST_NO">14-015</SimpleData>
		<SimpleData name="IST_AD">Hacipazari</SimpleData>
		<SimpleData name="IST_TIP">MGI</SimpleData>
		<SimpleData name="BOLGE_NO">07</SimpleData>
		<SimpleData name="RASAT_TIP">YB</SimpleData>
		<SimpleData name="ILI">Tokat</SimpleData>
		<SimpleData name="ILCESI">Erbaa</SimpleData>
		<SimpleData name="IST_KOT">220</SimpleData>
		<SimpleData name="DURUMU">A</SimpleData>
		<SimpleData name="IST_AC">1973/03/21 00:00:00</SimpleData>
		<SimpleData name="P25_PNO">g36-c2</SimpleData>
		<SimpleData name="CKS_BOYLAM">36:28:48</SimpleData>
		<SimpleData name="CKS_ENLEM">40:42:41</SimpleData>
		<SimpleData name="UTM_ZONE">37</SimpleData>
		<SimpleData name="UTMY">4509850</SimpleData>
		<SimpleData name="UTMX">287125</SimpleData>
		<SimpleData name="COORH_X">1209542</SimpleData>
	</SchemaData></ExtendedData>
      <Point><coordinates>36.4797851404557,40.7104257432069</coordinates></Point>
  </Placemark>
  <Placemark id="cikti_dsimgi.292">
	<ExtendedData><SchemaData schemaUrl="#cikti_dsimgi">
		<SimpleData name="OBJECTID">292</SimpleData>
		<SimpleData name="HAVZA_NO">14</SimpleData>
		<SimpleData name="IST_NO">14-016</SimpleData>
		<SimpleData name="IST_AD">Sarayözü</SimpleData>
		<SimpleData name="IST_TIP">MGI</SimpleData>
		<SimpleData name="BOLGE_NO">07</SimpleData>
		<SimpleData name="RASAT_TIP">Y</SimpleData>
		<SimpleData name="ILI">Amasya</SimpleData>
		<SimpleData name="ILCESI">Merkez</SimpleData>
		<SimpleData name="IST_KOT">1075</SimpleData>
		<SimpleData name="DURUMU">K</SimpleData>
		<SimpleData name="IST_AC">1964/08/06 00:00:00</SimpleData>
		<SimpleData name="IST_KAP">1973/01/20 00:00:00</SimpleData>
		<SimpleData name="P25_PNO">g36-a1</SimpleData>
		<SimpleData name="CKS_BOYLAM">36:01:13</SimpleData>
		<SimpleData name="CKS_ENLEM">40:55:09</SimpleData>
		<SimpleData name="UTM_ZONE">37</SimpleData>
		<SimpleData name="UTMY">4534125</SimpleData>
		<SimpleData name="UTMX">249075</SimpleData>
		<SimpleData name="COORH_X">1170168.75</SimpleData>
	</SchemaData></ExtendedData>
      <Point><coordinates>36.0201152068199,40.9181042029398</coordinates></Point>
  </Placemark>
  <Placemark id="cikti_dsimgi.293">
	<ExtendedData><SchemaData schemaUrl="#cikti_dsimgi">
		<SimpleData name="OBJECTID">293</SimpleData>
		<SimpleData name="HAVZA_NO">14</SimpleData>
		<SimpleData name="IST_NO">14-017</SimpleData>
		<SimpleData name="IST_AD">Mazlumoglu</SimpleData>
		<SimpleData name="IST_TIP">MGI</SimpleData>
		<SimpleData name="BOLGE_NO">07</SimpleData>
		<SimpleData name="RASAT_TIP">YB</SimpleData>
		<SimpleData name="ILI">Samsun</SimpleData>
		<SimpleData name="ILCESI">Ladik</SimpleData>
		<SimpleData name="IST_KOT">870</SimpleData>
		<SimpleData name="DURUMU">A</SimpleData>
		<SimpleData name="IST_AC">1958/05/21 00:00:00</SimpleData>
		<SimpleData name="P25_PNO">g36-a1</SimpleData>
		<SimpleData name="CKS_BOYLAM">36:01:14</SimpleData>
		<SimpleData name="CKS_ENLEM">40:54:60</SimpleData>
		<SimpleData name="UTM_ZONE">37</SimpleData>
		<SimpleData name="UTMY">4533850</SimpleData>
		<SimpleData name="UTMX">249075</SimpleData>
		<SimpleData name="COORH_X">1170184.625</SimpleData>
	</SchemaData></ExtendedData>
      <Point><coordinates>36.0202263874136,40.9156302618782</coordinates></Point>
  </Placemark>
  <Placemark id="cikti_dsimgi.294">
	<ExtendedData><SchemaData schemaUrl="#cikti_dsimgi">
		<SimpleData name="OBJECTID">294</SimpleData>
		<SimpleData name="HAVZA_NO">14</SimpleData>
		<SimpleData name="IST_NO">14-018</SimpleData>
		<SimpleData name="IST_AD">Kizilot</SimpleData>
		<SimpleData name="IST_TIP">MGI</SimpleData>
		<SimpleData name="BOLGE_NO">07</SimpleData>
		<SimpleData name="RASAT_TIP">YB</SimpleData>
		<SimpleData name="ILI">Samsun</SimpleData>
		<SimpleData name="ILCESI">Çarsamba</SimpleData>
		<SimpleData name="IST_KOT">10</SimpleData>
		<SimpleData name="DURUMU">A</SimpleData>
		<SimpleData name="IST_AC">1962/08/05 00:00:00</SimpleData>
		<SimpleData name="P25_PNO">f37-a3</SimpleData>
		<SimpleData name="CKS_BOYLAM">36:44:39</SimpleData>
		<SimpleData name="CKS_ENLEM">41:17:04</SimpleData>
		<SimpleData name="UTM_ZONE">37</SimpleData>
		<SimpleData name="UTMY">4572875</SimpleData>
		<SimpleData name="UTMX">311075</SimpleData>
		<SimpleData name="COORH_X">1229803.375</SimpleData>
	</SchemaData></ExtendedData>
      <Point><coordinates>36.7438150382951,41.2835711902056</coordinates></Point>
  </Placemark>
  <Placemark id="cikti_dsimgi.295">
	<ExtendedData><SchemaData schemaUrl="#cikti_dsimgi">
		<SimpleData name="OBJECTID">295</SimpleData>
		<SimpleData name="HAVZA_NO">14</SimpleData>
		<SimpleData name="IST_NO">14-019</SimpleData>
		<SimpleData name="IST_AD">Dökmetepe</SimpleData>
		<SimpleData name="IST_TIP">MGI</SimpleData>
		<SimpleData name="BOLGE_NO">07</SimpleData>
		<SimpleData name="RASAT_TIP">YB</SimpleData>
		<SimpleData name="ILI">Tokat</SimpleData>
		<SimpleData name="ILCESI">Turhal</SimpleData>
		<SimpleData name="IST_KOT">635</SimpleData>
		<SimpleData name="DURUMU">A</SimpleData>
		<SimpleData name="IST_AC">1962/04/26 00:00:00</SimpleData>
		<SimpleData name="P25_PNO">h36-b4</SimpleData>
		<SimpleData name="CKS_BOYLAM">36:19:04</SimpleData>
		<SimpleData name="CKS_ENLEM">40:18:19</SimpleData>
		<SimpleData name="UTM_ZONE">37</SimpleData>
		<SimpleData name="UTMY">4465175</SimpleData>
		<SimpleData name="UTMX">272050</SimpleData>
		<SimpleData name="COORH_X">1197061.75</SimpleData>
	</SchemaData></ExtendedData>
      <Point><coordinates>36.3175851358998,40.3043619191883</coordinates></Point>
  </Placemark>
  <Placemark id="cikti_dsimgi.296">
	<ExtendedData><SchemaData schemaUrl="#cikti_dsimgi">
		<SimpleData name="OBJECTID">296</SimpleData>
		<SimpleData name="HAVZA_NO">15</SimpleData>
		<SimpleData name="IST_NO">15-020</SimpleData>
		<SimpleData name="IST_AD">Engiz</SimpleData>
		<SimpleData name="IST_TIP">MGI</SimpleData>
		<SimpleData name="BOLGE_NO">07</SimpleData>
		<SimpleData name="RASAT_TIP">Y</SimpleData>
		<SimpleData name="ILI">Samsun</SimpleData>
		<SimpleData name="ILCESI">Merkez</SimpleData>
		<SimpleData name="IST_KOT">25</SimpleData>
		<SimpleData name="DURUMU">A</SimpleData>
		<SimpleData name="IST_AC">1962/11/25 00:00:00</SimpleData>
		<SimpleData name="P25_PNO">f36-a1</SimpleData>
		<SimpleData name="CKS_BOYLAM">36:04:12</SimpleData>
		<SimpleData name="CKS_ENLEM">41:29:21</SimpleData>
		<SimpleData name="UTM_ZONE">37</SimpleData>
		<SimpleData name="UTMY">4597275</SimpleData>
		<SimpleData name="UTMX">255400</SimpleData>
		<SimpleData name="COORH_X">1172829</SimpleData>
	</SchemaData></ExtendedData>
      <Point><coordinates>36.0698747275161,41.4881286028668</coordinates></Point>
  </Placemark>
  <Placemark id="cikti_dsimgi.297">
	<ExtendedData><SchemaData schemaUrl="#cikti_dsimgi">
		<SimpleData name="OBJECTID">297</SimpleData>
		<SimpleData name="HAVZA_NO">18</SimpleData>
		<SimpleData name="IST_NO">18-019</SimpleData>
		<SimpleData name="IST_AD">Çeralan</SimpleData>
		<SimpleData name="IST_TIP">MGI</SimpleData>
		<SimpleData name="BOLGE_NO">06</SimpleData>
		<SimpleData name="RASAT_TIP">Y</SimpleData>
		<SimpleData name="ILI">Adana</SimpleData>
		<SimpleData name="ILCESI">Saimbeyli</SimpleData>
		<SimpleData name="IST_KOT">1600</SimpleData>
		<SimpleData name="DURUMU">A</SimpleData>
		<SimpleData name="IST_AC">1991/05/01 00:00:00</SimpleData>
		<SimpleData name="P25_PNO">L36-d4</SimpleData>
		<SimpleData name="UTM_ZONE">37</SimpleData>
		<SimpleData name="UTMY">4221427</SimpleData>
		<SimpleData name="UTMX">762973</SimpleData>
		<SimpleData name="COORH_X">1702004.25</SimpleData>
	</SchemaData></ExtendedData>
      <Point><coordinates>41.9988232088698,38.1007899415828</coordinates></Point>
  </Placemark>
  <Placemark id="cikti_dsimgi.298">
	<ExtendedData><SchemaData schemaUrl="#cikti_dsimgi">
		<SimpleData name="OBJECTID">298</SimpleData>
		<SimpleData name="HAVZA_NO">19</SimpleData>
		<SimpleData name="IST_NO">19-012</SimpleData>
		<SimpleData name="IST_AD">Tahtaköprü Brj.</SimpleData>
		<SimpleData name="IST_TIP">MGI</SimpleData>
		<SimpleData name="BOLGE_NO">06</SimpleData>
		<SimpleData name="RASAT_TIP">YB</SimpleData>
		<SimpleData name="ILI">Hatay</SimpleData>
		<SimpleData name="ILCESI">Hassa</SimpleData>
		<SimpleData name="IST_KOT">420</SimpleData>
		<SimpleData name="DURUMU">A</SimpleData>
		<SimpleData name="IST_AC">1976/01/01 00:00:00</SimpleData>
		<SimpleData name="P25_PNO">P37-a3</SimpleData>
		<SimpleData name="UTM_ZONE">37</SimpleData>
		<SimpleData name="UTMY">4081158</SimpleData>
		<SimpleData name="UTMX">293670</SimpleData>
		<SimpleData name="COORH_X">1240373.875</SimpleData>
	</SchemaData></ExtendedData>
      <Point><coordinates>36.6855616492509,36.8522053309307</coordinates></Point>
  </Placemark>
  <Placemark id="cikti_dsimgi.299">
	<ExtendedData><SchemaData schemaUrl="#cikti_dsimgi">
		<SimpleData name="OBJECTID">299</SimpleData>
		<SimpleData name="HAVZA_NO">19</SimpleData>
		<SimpleData name="IST_NO">19-013</SimpleData>
		<SimpleData name="IST_AD">Yarseli Brj.</SimpleData>
		<SimpleData name="IST_TIP">MGI</SimpleData>
		<SimpleData name="BOLGE_NO">06</SimpleData>
		<SimpleData name="RASAT_TIP">YB</SimpleData>
		<SimpleData name="ILI">Hatay</SimpleData>
		<SimpleData name="ILCESI">Merkez</SimpleData>
		<SimpleData name="IST_KOT">135</SimpleData>
		<SimpleData name="DURUMU">A</SimpleData>
		<SimpleData name="IST_AC">1994/01/01 00:00:00</SimpleData>
		<SimpleData name="P25_PNO">P36-c1</SimpleData>
		<SimpleData name="UTM_ZONE">37</SimpleData>
		<SimpleData name="UTMY">4009306</SimpleData>
		<SimpleData name="UTMX">258987</SimpleData>
		<SimpleData name="COORH_X">1209584.75</SimpleData>
	</SchemaData></ExtendedData>
      <Point><coordinates>36.3193410224553,36.1969610330957</coordinates></Point>
  </Placemark>
  <Placemark id="cikti_dsimgi.300">
	<ExtendedData><SchemaData schemaUrl="#cikti_dsimgi">
		<SimpleData name="OBJECTID">300</SimpleData>
		<SimpleData name="HAVZA_NO">20</SimpleData>
		<SimpleData name="IST_NO">20-014</SimpleData>
		<SimpleData name="IST_AD">Mehmetli Brj.</SimpleData>
		<SimpleData name="IST_TIP">MGI</SimpleData>
		<SimpleData name="BOLGE_NO">06</SimpleData>
		<SimpleData name="RASAT_TIP">YB</SimpleData>
		<SimpleData name="ILI">Adana</SimpleData>
		<SimpleData name="ILCESI">Kadirli</SimpleData>
		<SimpleData name="IST_KOT">160</SimpleData>
		<SimpleData name="DURUMU">A</SimpleData>
		<SimpleData name="IST_AC">1972/11/01 00:00:00</SimpleData>
		<SimpleData name="P25_PNO">M36-d4</SimpleData>
		<SimpleData name="UTM_ZONE">37</SimpleData>
		<SimpleData name="UTMY">4155773</SimpleData>
		<SimpleData name="UTMX">237100</SimpleData>
		<SimpleData name="COORH_X">1179581</SimpleData>
	</SchemaData></ExtendedData>
      <Point><coordinates>36.0254921607826,37.5098524479809</coordinates></Point>
  </Placemark>
  <Placemark id="cikti_dsimgi.301">
	<ExtendedData><SchemaData schemaUrl="#cikti_dsimgi">
		<SimpleData name="OBJECTID">301</SimpleData>
		<SimpleData name="HAVZA_NO">20</SimpleData>
		<SimpleData name="IST_NO">20-015</SimpleData>
		<SimpleData name="IST_AD">Aslantas Brj.</SimpleData>
		<SimpleData name="IST_TIP">MGI</SimpleData>
		<SimpleData name="BOLGE_NO">06</SimpleData>
		<SimpleData name="RASAT_TIP">YB</SimpleData>
		<SimpleData name="ILI">Osmaniye</SimpleData>
		<SimpleData name="ILCESI">Merkez</SimpleData>
		<SimpleData name="IST_KOT">120</SimpleData>
		<SimpleData name="DURUMU">A</SimpleData>
		<SimpleData name="IST_AC">1976/01/01 00:00:00</SimpleData>
		<SimpleData name="P25_PNO">N36-b4</SimpleData>
		<SimpleData name="UTM_ZONE">37</SimpleData>
		<SimpleData name="UTMY">4128307</SimpleData>
		<SimpleData name="UTMX">257423</SimpleData>
		<SimpleData name="COORH_X">1201446.375</SimpleData>
	</SchemaData></ExtendedData>
      <Point><coordinates>36.2641756568116,37.2681292919946</coordinates></Point>
  </Placemark>
  <Placemark id="cikti_dsimgi.302">
	<ExtendedData><SchemaData schemaUrl="#cikti_dsimgi">
		<SimpleData name="OBJECTID">302</SimpleData>
		<SimpleData name="HAVZA_NO">20</SimpleData>
		<SimpleData name="IST_NO">20-020</SimpleData>
		<SimpleData name="IST_AD">Kalecik Brj.</SimpleData>
		<SimpleData name="IST_TIP">MGI</SimpleData>
		<SimpleData name="BOLGE_NO">06</SimpleData>
		<SimpleData name="RASAT_TIP">YB</SimpleData>
		<SimpleData name="ILI">Osmaniye</SimpleData>
		<SimpleData name="ILCESI">Merkez</SimpleData>
		<SimpleData name="IST_KOT">535</SimpleData>
		<SimpleData name="DURUMU">A</SimpleData>
		<SimpleData name="IST_AC">1989/11/09 00:00:00</SimpleData>
		<SimpleData name="P25_PNO">N36-c2</SimpleData>
		<SimpleData name="UTM_ZONE">37</SimpleData>
		<SimpleData name="UTMY">4114904</SimpleData>
		<SimpleData name="UTMX">274555</SimpleData>
		<SimpleData name="COORH_X">1219346</SimpleData>
	</SchemaData></ExtendedData>
      <Point><coordinates>36.4612512824773,37.1517396987353</coordinates></Point>
  </Placemark>
  <Placemark id="cikti_dsimgi.303">
	<ExtendedData><SchemaData schemaUrl="#cikti_dsimgi">
		<SimpleData name="OBJECTID">303</SimpleData>
		<SimpleData name="HAVZA_NO">21</SimpleData>
		<SimpleData name="IST_NO">21-003</SimpleData>
		<SimpleData name="IST_AD">Çadirkaya</SimpleData>
		<SimpleData name="IST_TIP">MGI</SimpleData>
		<SimpleData name="BOLGE_NO">08</SimpleData>
		<SimpleData name="RASAT_TIP">Y</SimpleData>
		<SimpleData name="ILI">Erzincan</SimpleData>
		<SimpleData name="ILCESI">Tercan</SimpleData>
		<SimpleData name="IST_KOT">1475</SimpleData>
		<SimpleData name="DURUMU">A</SimpleData>
		<SimpleData name="IST_AC">1963/09/25 00:00:00</SimpleData>
		<SimpleData name="P25_PNO">I-44-a3</SimpleData>
		<SimpleData name="UTM_ZONE">37</SimpleData>
		<SimpleData name="UTMY">4411405</SimpleData>
		<SimpleData name="UTMX">604125</SimpleData>
		<SimpleData name="COORH_X">1531875</SimpleData>
	</SchemaData></ExtendedData>
      <Point><coordinates>40.216885837963,39.8446474755221</coordinates></Point>
  </Placemark>
  <Placemark id="cikti_dsimgi.304">
	<ExtendedData><SchemaData schemaUrl="#cikti_dsimgi">
		<SimpleData name="OBJECTID">304</SimpleData>
		<SimpleData name="HAVZA_NO">21</SimpleData>
		<SimpleData name="IST_NO">21-010</SimpleData>
		<SimpleData name="IST_AD">Büyükarmutlu</SimpleData>
		<SimpleData name="IST_TIP">MGI</SimpleData>
		<SimpleData name="BOLGE_NO">08</SimpleData>
		<SimpleData name="RASAT_TIP">Y</SimpleData>
		<SimpleData name="ILI">Erzincan</SimpleData>
		<SimpleData name="ILCESI">Iliç</SimpleData>
		<SimpleData name="IST_KOT">1330</SimpleData>
		<SimpleData name="DURUMU">K</SimpleData>
		<SimpleData name="IST_AC">1964/10/01 00:00:00</SimpleData>
		<SimpleData name="IST_KAP">1993/12/21 00:00:00</SimpleData>
		<SimpleData name="P25_PNO">I-43-c3</SimpleData>
		<SimpleData name="UTM_ZONE">37</SimpleData>
		<SimpleData name="UTMY">4381157</SimpleData>
		<SimpleData name="UTMX">450997</SimpleData>
		<SimpleData name="COORH_X">1380646</SimpleData>
	</SchemaData></ExtendedData>
      <Point><coordinates>38.4292576363036,39.5770861585407</coordinates></Point>
  </Placemark>
  <Placemark id="cikti_dsimgi.305">
	<ExtendedData><SchemaData schemaUrl="#cikti_dsimgi">
		<SimpleData name="OBJECTID">305</SimpleData>
		<SimpleData name="HAVZA_NO">21</SimpleData>
		<SimpleData name="IST_NO">21-026</SimpleData>
		<SimpleData name="IST_AD">Dutluca Köyü</SimpleData>
		<SimpleData name="IST_TIP">MGI</SimpleData>
		<SimpleData name="BOLGE_NO">15</SimpleData>
		<SimpleData name="RASAT_TIP">YB</SimpleData>
		<SimpleData name="ILI">Sanliurfa</SimpleData>
		<SimpleData name="ILCESI">Bozova</SimpleData>
		<SimpleData name="IST_KOT">540</SimpleData>
		<SimpleData name="DURUMU">A</SimpleData>
		<SimpleData name="IST_AC">1973/01/01 00:00:00</SimpleData>
		<SimpleData name="P25_PNO">N40-b1</SimpleData>
		<SimpleData name="UTM_ZONE">37</SimpleData>
		<SimpleData name="UTMY">4145900</SimpleData>
		<SimpleData name="UTMX">442645</SimpleData>
		<SimpleData name="COORH_X">1385932.25</SimpleData>
	</SchemaData></ExtendedData>
      <Point><coordinates>38.3513316957104,37.4565591333645</coordinates></Point>
  </Placemark>
  <Placemark id="cikti_dsimgi.306">
	<ExtendedData><SchemaData schemaUrl="#cikti_dsimgi">
		<SimpleData name="OBJECTID">306</SimpleData>
		<SimpleData name="HAVZA_NO">21</SimpleData>
		<SimpleData name="IST_NO">21-031</SimpleData>
		<SimpleData name="IST_AD">Mecidiye</SimpleData>
		<SimpleData name="IST_TIP">MGI</SimpleData>
		<SimpleData name="BOLGE_NO">08</SimpleData>
		<SimpleData name="RASAT_TIP">Y</SimpleData>
		<SimpleData name="ILI">Erzincan</SimpleData>
		<SimpleData name="ILCESI">Merkez</SimpleData>
		<SimpleData name="IST_KOT">1880</SimpleData>
		<SimpleData name="DURUMU">A</SimpleData>
		<SimpleData name="IST_AC">1959/09/01 00:00:00</SimpleData>
		<SimpleData name="P25_PNO">I-43-a4</SimpleData>
		<SimpleData name="UTM_ZONE">37</SimpleData>
		<SimpleData name="UTMY">4410942</SimpleData>
		<SimpleData name="UTMX">544633</SimpleData>
		<SimpleData name="COORH_X">1472468.125</SimpleData>
	</SchemaData></ExtendedData>
      <Point><coordinates>39.521529071895,39.8456856666199</coordinates></Point>
  </Placemark>
  <Placemark id="cikti_dsimgi.307">
	<ExtendedData><SchemaData schemaUrl="#cikti_dsimgi">
		<SimpleData name="OBJECTID">307</SimpleData>
		<SimpleData name="HAVZA_NO">21</SimpleData>
		<SimpleData name="IST_NO">21-039</SimpleData>
		<SimpleData name="IST_AD">Harran (Altinbasak)</SimpleData>
		<SimpleData name="IST_TIP">MGI</SimpleData>
		<SimpleData name="BOLGE_NO">15</SimpleData>
		<SimpleData name="RASAT_TIP">YB</SimpleData>
		<SimpleData name="ILI">Sanliurfa</SimpleData>
		<SimpleData name="ILCESI">Harran</SimpleData>
		<SimpleData name="IST_KOT">335</SimpleData>
		<SimpleData name="DURUMU">A</SimpleData>
		<SimpleData name="IST_AC">1964/10/06 00:00:00</SimpleData>
		<SimpleData name="P25_PNO">O42-a4</SimpleData>
		<SimpleData name="UTM_ZONE">37</SimpleData>
		<SimpleData name="UTMY">4079550</SimpleData>
		<SimpleData name="UTMX">503075</SimpleData>
		<SimpleData name="COORH_X">1450341.875</SimpleData>
	</SchemaData></ExtendedData>
      <Point><coordinates>39.0343329478208,36.8602473304651</coordinates></Point>
  </Placemark>
  <Placemark id="cikti_dsimgi.308">
	<ExtendedData><SchemaData schemaUrl="#cikti_dsimgi">
		<SimpleData name="OBJECTID">308</SimpleData>
		<SimpleData name="HAVZA_NO">21</SimpleData>
		<SimpleData name="IST_NO">21-046</SimpleData>
		<SimpleData name="IST_AD">Gölcük (Hilvan)</SimpleData>
		<SimpleData name="IST_TIP">MGI</SimpleData>
		<SimpleData name="BOLGE_NO">15</SimpleData>
		<SimpleData name="RASAT_TIP">YB</SimpleData>
		<SimpleData name="ILI">Sanliurfa</SimpleData>
		<SimpleData name="ILCESI">Hilvan</SimpleData>
		<SimpleData name="IST_KOT">670</SimpleData>
		<SimpleData name="DURUMU">A</SimpleData>
		<SimpleData name="IST_AC">1965/05/15 00:00:00</SimpleData>
		<SimpleData name="P25_PNO">N42-a1</SimpleData>
		<SimpleData name="UTM_ZONE">37</SimpleData>
		<SimpleData name="UTMY">4148712.5</SimpleData>
		<SimpleData name="UTMX">504137.5</SimpleData>
		<SimpleData name="COORH_X">1447352</SimpleData>
	</SchemaData></ExtendedData>
      <Point><coordinates>39.0466330076494,37.4836818982431</coordinates></Point>
  </Placemark>
  <Placemark id="cikti_dsimgi.309">
	<ExtendedData><SchemaData schemaUrl="#cikti_dsimgi">
		<SimpleData name="OBJECTID">309</SimpleData>
		<SimpleData name="HAVZA_NO">21</SimpleData>
		<SimpleData name="IST_NO">21-056</SimpleData>
		<SimpleData name="IST_AD">Bingöze</SimpleData>
		<SimpleData name="IST_TIP">MGI</SimpleData>
		<SimpleData name="BOLGE_NO">08</SimpleData>
		<SimpleData name="RASAT_TIP">YB</SimpleData>
		<SimpleData name="ILI">Erzurum</SimpleData>
		<SimpleData name="ILCESI">Ilica</SimpleData>
		<SimpleData name="IST_KOT">2190</SimpleData>
		<SimpleData name="DURUMU">A</SimpleData>
		<SimpleData name="IST_AC">1972/10/04 00:00:00</SimpleData>
		<SimpleData name="P25_PNO">H-46-a4</SimpleData>
		<SimpleData name="UTM_ZONE">37</SimpleData>
		<SimpleData name="UTMY">4457234</SimpleData>
		<SimpleData name="UTMX">670076</SimpleData>
		<SimpleData name="COORH_X">1595033.125</SimpleData>
	</SchemaData></ExtendedData>
      <Point><coordinates>40.9994209966344,40.2466595398158</coordinates></Point>
  </Placemark>
  <Placemark id="cikti_dsimgi.310">
	<ExtendedData><SchemaData schemaUrl="#cikti_dsimgi">
		<SimpleData name="OBJECTID">310</SimpleData>
		<SimpleData name="HAVZA_NO">21</SimpleData>
		<SimpleData name="IST_NO">21-066</SimpleData>
		<SimpleData name="IST_AD">Senyurt</SimpleData>
		<SimpleData name="IST_TIP">MGI</SimpleData>
		<SimpleData name="BOLGE_NO">08</SimpleData>
		<SimpleData name="RASAT_TIP">YB</SimpleData>
		<SimpleData name="ILI">Erzurum</SimpleData>
		<SimpleData name="ILCESI">Merkez</SimpleData>
		<SimpleData name="IST_KOT">2210</SimpleData>
		<SimpleData name="DURUMU">A</SimpleData>
		<SimpleData name="IST_AC">1976/07/04 00:00:00</SimpleData>
		<SimpleData name="P25_PNO">H-46-c2</SimpleData>
		<SimpleData name="UTM_ZONE">37</SimpleData>
		<SimpleData name="UTMY">4451811</SimpleData>
		<SimpleData name="UTMX">711561</SimpleData>
		<SimpleData name="COORH_X">1636773.375</SimpleData>
	</SchemaData></ExtendedData>
      <Point><coordinates>41.4849872010504,40.1883975112569</coordinates></Point>
  </Placemark>
  <Placemark id="cikti_dsimgi.311">
	<ExtendedData><SchemaData schemaUrl="#cikti_dsimgi">
		<SimpleData name="OBJECTID">311</SimpleData>
		<SimpleData name="HAVZA_NO">21</SimpleData>
		<SimpleData name="IST_NO">21-068</SimpleData>
		<SimpleData name="IST_AD">Atatürk Baraji</SimpleData>
		<SimpleData name="IST_TIP">MGI</SimpleData>
		<SimpleData name="BOLGE_NO">16</SimpleData>
		<SimpleData name="RASAT_TIP">YB</SimpleData>
		<SimpleData name="ILI">Sanliurfa</SimpleData>
		<SimpleData name="ILCESI">Bozova</SimpleData>
		<SimpleData name="IST_KOT">533</SimpleData>
		<SimpleData name="DURUMU">A</SimpleData>
		<SimpleData name="IST_AC">1990/10/01 00:00:00</SimpleData>
		<SimpleData name="P25_PNO">N40-b1</SimpleData>
		<SimpleData name="UTM_ZONE">37</SimpleData>
		<SimpleData name="UTMY">4147493</SimpleData>
		<SimpleData name="UTMX">438431</SimpleData>
		<SimpleData name="COORH_X">1381619.875</SimpleData>
	</SchemaData></ExtendedData>
      <Point><coordinates>38.3035546870609,37.4706456517508</coordinates></Point>
  </Placemark>
  <Placemark id="cikti_dsimgi.312">
	<ExtendedData><SchemaData schemaUrl="#cikti_dsimgi">
		<SimpleData name="OBJECTID">312</SimpleData>
		<SimpleData name="HAVZA_NO">21</SimpleData>
		<SimpleData name="IST_NO">21-071</SimpleData>
		<SimpleData name="IST_AD">Hacimahmut</SimpleData>
		<SimpleData name="IST_TIP">MGI</SimpleData>
		<SimpleData name="BOLGE_NO">08</SimpleData>
		<SimpleData name="RASAT_TIP">YB</SimpleData>
		<SimpleData name="ILI">Erzurum</SimpleData>
		<SimpleData name="ILCESI">Askale</SimpleData>
		<SimpleData name="IST_KOT">1980</SimpleData>
		<SimpleData name="DURUMU">A</SimpleData>
		<SimpleData name="IST_AC">1980/08/22 00:00:00</SimpleData>
		<SimpleData name="P25_PNO">I-45-a3</SimpleData>
		<SimpleData name="UTM_ZONE">37</SimpleData>
		<SimpleData name="UTMY">4407823</SimpleData>
		<SimpleData name="UTMX">648049</SimpleData>
		<SimpleData name="COORH_X">1575962.375</SimpleData>
	</SchemaData></ExtendedData>
      <Point><coordinates>40.7292933703026,39.8058688538636</coordinates></Point>
  </Placemark>
  <Placemark id="cikti_dsimgi.313">
	<ExtendedData><SchemaData schemaUrl="#cikti_dsimgi">
		<SimpleData name="OBJECTID">313</SimpleData>
		<SimpleData name="HAVZA_NO">21</SimpleData>
		<SimpleData name="IST_NO">21-074</SimpleData>
		<SimpleData name="IST_AD">Parmaksiz</SimpleData>
		<SimpleData name="IST_TIP">MGI</SimpleData>
		<SimpleData name="BOLGE_NO">08</SimpleData>
		<SimpleData name="RASAT_TIP">YB</SimpleData>
		<SimpleData name="ILI">Erzurum</SimpleData>
		<SimpleData name="ILCESI">Hinis</SimpleData>
		<SimpleData name="IST_KOT">1760</SimpleData>
		<SimpleData name="DURUMU">A</SimpleData>
		<SimpleData name="IST_AC">1984/12/01 00:00:00</SimpleData>
		<SimpleData name="P25_PNO">J-47-a2</SimpleData>
		<SimpleData name="UTM_ZONE">37</SimpleData>
		<SimpleData name="UTMY">4365899</SimpleData>
		<SimpleData name="UTMX">731315</SimpleData>
		<SimpleData name="COORH_X">1661624.75</SimpleData>
	</SchemaData></ExtendedData>
      <Point><coordinates>41.6865225125688,39.4099750171866</coordinates></Point>
  </Placemark>
  <Placemark id="cikti_dsimgi.314">
	<ExtendedData><SchemaData schemaUrl="#cikti_dsimgi">
		<SimpleData name="OBJECTID">314</SimpleData>
		<SimpleData name="HAVZA_NO">21</SimpleData>
		<SimpleData name="IST_NO">21-076</SimpleData>
		<SimpleData name="IST_AD">Hacihidir Baraji</SimpleData>
		<SimpleData name="IST_TIP">MGI</SimpleData>
		<SimpleData name="BOLGE_NO">15</SimpleData>
		<SimpleData name="RASAT_TIP">YB</SimpleData>
		<SimpleData name="ILI">Sanliurfa</SimpleData>
		<SimpleData name="ILCESI">Siverek</SimpleData>
		<SimpleData name="IST_KOT">660</SimpleData>
		<SimpleData name="DURUMU">K</SimpleData>
		<SimpleData name="IST_AC">1973/07/26 00:00:00</SimpleData>
		<SimpleData name="IST_KAP">1993/09/05 00:00:00</SimpleData>
		<SimpleData name="P25_PNO">M42-d2</SimpleData>
		<SimpleData name="UTM_ZONE">37</SimpleData>
		<SimpleData name="UTMY">4173650</SimpleData>
		<SimpleData name="UTMX">516856.25</SimpleData>
		<SimpleData name="COORH_X">1458624.375</SimpleData>
	</SchemaData></ExtendedData>
      <Point><coordinates>39.19106736549,37.7083098712822</coordinates></Point>
  </Placemark>
  <Placemark id="cikti_dsimgi.315">
	<ExtendedData><SchemaData schemaUrl="#cikti_dsimgi">
		<SimpleData name="OBJECTID">315</SimpleData>
		<SimpleData name="HAVZA_NO">22</SimpleData>
		<SimpleData name="IST_NO">22-002</SimpleData>
		<SimpleData name="IST_AD">Salipazari-Düzdag</SimpleData>
		<SimpleData name="IST_TIP">MGI</SimpleData>
		<SimpleData name="BOLGE_NO">07</SimpleData>
		<SimpleData name="RASAT_TIP">Y</SimpleData>
		<SimpleData name="ILI">Samsun</SimpleData>
		<SimpleData name="ILCESI">Salipazari</SimpleData>
		<SimpleData name="IST_KOT">800</SimpleData>
		<SimpleData name="DURUMU">A</SimpleData>
		<SimpleData name="IST_AC">1971/10/13 00:00:00</SimpleData>
		<SimpleData name="P25_PNO">f37-c1</SimpleData>
		<SimpleData name="CKS_BOYLAM">36:47:25</SimpleData>
		<SimpleData name="CKS_ENLEM">41:00:44</SimpleData>
		<SimpleData name="UTM_ZONE">37</SimpleData>
		<SimpleData name="UTMY">4542550</SimpleData>
		<SimpleData name="UTMX">314175</SimpleData>
		<SimpleData name="COORH_X">1234654.25</SimpleData>
	</SchemaData></ExtendedData>
      <Point><coordinates>36.7899957139764,41.0113285368492</coordinates></Point>
  </Placemark>
  <Placemark id="cikti_dsimgi.316">
	<ExtendedData><SchemaData schemaUrl="#cikti_dsimgi">
		<SimpleData name="OBJECTID">316</SimpleData>
		<SimpleData name="HAVZA_NO">22</SimpleData>
		<SimpleData name="IST_NO">22-008</SimpleData>
		<SimpleData name="IST_AD">Terme-Sehiriçi</SimpleData>
		<SimpleData name="IST_TIP">MGI</SimpleData>
		<SimpleData name="BOLGE_NO">07</SimpleData>
		<SimpleData name="RASAT_TIP">YB</SimpleData>
		<SimpleData name="ILI">Samsun</SimpleData>
		<SimpleData name="ILCESI">Terme</SimpleData>
		<SimpleData name="IST_KOT">10</SimpleData>
		<SimpleData name="DURUMU">K</SimpleData>
		<SimpleData name="IST_AC">1962/08/08 00:00:00</SimpleData>
		<SimpleData name="IST_KAP">1997/06/30 00:00:00</SimpleData>
		<SimpleData name="P25_PNO">f37-c2</SimpleData>
		<SimpleData name="CKS_BOYLAM">36:58:56</SimpleData>
		<SimpleData name="CKS_ENLEM">41:12:51</SimpleData>
		<SimpleData name="UTM_ZONE">37</SimpleData>
		<SimpleData name="UTMY">4564575</SimpleData>
		<SimpleData name="UTMX">330850</SimpleData>
		<SimpleData name="COORH_X">1250022.875</SimpleData>
	</SchemaData></ExtendedData>
      <Point><coordinates>36.9821060676217,41.2132383788847</coordinates></Point>
  </Placemark>
  <Placemark id="cikti_dsimgi.317">
	<ExtendedData><SchemaData schemaUrl="#cikti_dsimgi">
		<SimpleData name="OBJECTID">317</SimpleData>
		<SimpleData name="HAVZA_NO">23</SimpleData>
		<SimpleData name="IST_NO">23-009</SimpleData>
		<SimpleData name="IST_AD">Tortum Hes</SimpleData>
		<SimpleData name="IST_TIP">MGI</SimpleData>
		<SimpleData name="BOLGE_NO">08</SimpleData>
		<SimpleData name="RASAT_TIP">YB</SimpleData>
		<SimpleData name="ILI">Erzurum</SimpleData>
		<SimpleData name="ILCESI">Uzundere</SimpleData>
		<SimpleData name="IST_KOT">1020</SimpleData>
		<SimpleData name="DURUMU">A</SimpleData>
		<SimpleData name="IST_AC">1974/11/07 00:00:00</SimpleData>
		<SimpleData name="P25_PNO">G-47-d2</SimpleData>
		<SimpleData name="UTM_ZONE">37</SimpleData>
		<SimpleData name="UTMY">4504580</SimpleData>
		<SimpleData name="UTMX">725450</SimpleData>
		<SimpleData name="COORH_X">1647508.75</SimpleData>
	</SchemaData></ExtendedData>
      <Point><coordinates>41.6666783016213,40.6596708892884</coordinates></Point>
  </Placemark>
  <Placemark id="cikti_dsimgi.318">
	<ExtendedData><SchemaData schemaUrl="#cikti_dsimgi">
		<SimpleData name="OBJECTID">318</SimpleData>
		<SimpleData name="HAVZA_NO">24</SimpleData>
		<SimpleData name="IST_NO">24-001</SimpleData>
		<SimpleData name="IST_AD">Yeniköy</SimpleData>
		<SimpleData name="IST_TIP">MGI</SimpleData>
		<SimpleData name="BOLGE_NO">08</SimpleData>
		<SimpleData name="RASAT_TIP">YB</SimpleData>
		<SimpleData name="ILI">Erzurum</SimpleData>
		<SimpleData name="ILCESI">Pasinler</SimpleData>
		<SimpleData name="IST_KOT">2190</SimpleData>
		<SimpleData name="DURUMU">A</SimpleData>
		<SimpleData name="IST_AC">1973/07/04 00:00:00</SimpleData>
		<SimpleData name="P25_PNO">H-47-c4</SimpleData>
		<SimpleData name="UTM_ZONE">37</SimpleData>
		<SimpleData name="UTMY">4441705</SimpleData>
		<SimpleData name="UTMX">737322</SimpleData>
		<SimpleData name="COORH_X">1663090.625</SimpleData>
	</SchemaData></ExtendedData>
      <Point><coordinates>41.7835603258709,40.0905671145009</coordinates></Point>
  </Placemark>
  <Placemark id="cikti_dsimgi.319">
	<ExtendedData><SchemaData schemaUrl="#cikti_dsimgi">
		<SimpleData name="OBJECTID">319</SimpleData>
		<SimpleData name="HAVZA_NO">24</SimpleData>
		<SimpleData name="IST_NO">24-002</SimpleData>
		<SimpleData name="IST_AD">Haciömer</SimpleData>
		<SimpleData name="IST_TIP">MGI</SimpleData>
		<SimpleData name="BOLGE_NO">08</SimpleData>
		<SimpleData name="RASAT_TIP">YB</SimpleData>
		<SimpleData name="ILI">Erzurum</SimpleData>
		<SimpleData name="ILCESI">Tekman</SimpleData>
		<SimpleData name="IST_KOT">1830</SimpleData>
		<SimpleData name="DURUMU">A</SimpleData>
		<SimpleData name="IST_AC">1963/06/18 00:00:00</SimpleData>
		<SimpleData name="P25_PNO">I-47-c4</SimpleData>
		<SimpleData name="UTM_ZONE">37</SimpleData>
		<SimpleData name="UTMY">4387627</SimpleData>
		<SimpleData name="UTMX">736532</SimpleData>
		<SimpleData name="COORH_X">1665532.125</SimpleData>
	</SchemaData></ExtendedData>
      <Point><coordinates>41.7547691779001,39.6041150796153</coordinates></Point>
  </Placemark>
  <Placemark id="cikti_dsimgi.320">
	<ExtendedData><SchemaData schemaUrl="#cikti_dsimgi">
		<SimpleData name="OBJECTID">320</SimpleData>
		<SimpleData name="HAVZA_NO">24</SimpleData>
		<SimpleData name="IST_NO">24-015</SimpleData>
		<SimpleData name="IST_AD">Bulkasim</SimpleData>
		<SimpleData name="IST_TIP">MGI</SimpleData>
		<SimpleData name="BOLGE_NO">08</SimpleData>
		<SimpleData name="RASAT_TIP">YB</SimpleData>
		<SimpleData name="ILI">Erzurum</SimpleData>
		<SimpleData name="ILCESI">Pasinler</SimpleData>
		<SimpleData name="IST_KOT">1840</SimpleData>
		<SimpleData name="DURUMU">A</SimpleData>
		<SimpleData name="IST_AC">1972/10/10 00:00:00</SimpleData>
		<SimpleData name="P25_PNO">I-47-a1</SimpleData>
		<SimpleData name="UTM_ZONE">37</SimpleData>
		<SimpleData name="UTMY">4420125</SimpleData>
		<SimpleData name="UTMX">723883</SimpleData>
		<SimpleData name="COORH_X">1650960.625</SimpleData>
	</SchemaData></ExtendedData>
      <Point><coordinates>41.6186506697758,39.900020234333</coordinates></Point>
  </Placemark>
  <Placemark id="cikti_dsimgi.321">
	<ExtendedData><SchemaData schemaUrl="#cikti_dsimgi">
		<SimpleData name="OBJECTID">321</SimpleData>
		<SimpleData name="HAVZA_NO">07</SimpleData>
		<SimpleData name="IST_NO">07-010</SimpleData>
		<SimpleData name="IST_AD">Ishakli (Çivril)</SimpleData>
		<SimpleData name="IST_TIP">MGI</SimpleData>
		<SimpleData name="BOLGE_NO">21</SimpleData>
		<SimpleData name="RASAT_TIP">Y</SimpleData>
		<SimpleData name="ILI">Denizli</SimpleData>
		<SimpleData name="ILCESI">Çivril</SimpleData>
		<SimpleData name="IST_KOT">950</SimpleData>
		<SimpleData name="DURUMU">K</SimpleData>
		<SimpleData name="IST_AC">1967/09/16 00:00:00</SimpleData>
		<SimpleData name="IST_KAP">1973/04/30 00:00:00</SimpleData>
		<SimpleData name="P25_PNO">L24-d1</SimpleData>
		<SimpleData name="UTM_ZONE">36</SimpleData>
		<SimpleData name="UTMY">4232520</SimpleData>
		<SimpleData name="UTMX">238630</SimpleData>
		<SimpleData name="COORH_X">650426.875</SimpleData>
	</SchemaData></ExtendedData>
      <Point><coordinates>30.014877684542,38.2010578584412</coordinates></Point>
  </Placemark>
  <Placemark id="cikti_dsimgi.322">
	<ExtendedData><SchemaData schemaUrl="#cikti_dsimgi">
		<SimpleData name="OBJECTID">322</SimpleData>
		<SimpleData name="HAVZA_NO">12</SimpleData>
		<SimpleData name="IST_NO">12-001</SimpleData>
		<SimpleData name="IST_AD">Y.Kalabak</SimpleData>
		<SimpleData name="IST_TIP">MGI</SimpleData>
		<SimpleData name="BOLGE_NO">03</SimpleData>
		<SimpleData name="RASAT_TIP">Y</SimpleData>
		<SimpleData name="ILI">Eskisehir</SimpleData>
		<SimpleData name="ILCESI">Merkez</SimpleData>
		<SimpleData name="IST_KOT">1050</SimpleData>
		<SimpleData name="DURUMU">K</SimpleData>
		<SimpleData name="IST_AC">1973/07/01 00:00:00</SimpleData>
		<SimpleData name="IST_KAP">1994/04/15 00:00:00</SimpleData>
		<SimpleData name="P25_PNO">I24-c3</SimpleData>
		<SimpleData name="UTM_ZONE">36</SimpleData>
		<SimpleData name="UTMY">4378327</SimpleData>
		<SimpleData name="UTMX">276868</SimpleData>
		<SimpleData name="COORH_X">690696.25</SimpleData>
	</SchemaData></ExtendedData>
      <Point><coordinates>30.4037713115846,39.5239621419981</coordinates></Point>
  </Placemark>
  <Placemark id="cikti_dsimgi.323">
	<ExtendedData><SchemaData schemaUrl="#cikti_dsimgi">
		<SimpleData name="OBJECTID">323</SimpleData>
		<SimpleData name="HAVZA_NO">12</SimpleData>
		<SimpleData name="IST_NO">12-003</SimpleData>
		<SimpleData name="IST_AD">Yunusemre (Sariköy)</SimpleData>
		<SimpleData name="IST_TIP">MGI</SimpleData>
		<SimpleData name="BOLGE_NO">03</SimpleData>
		<SimpleData name="RASAT_TIP">YB</SimpleData>
		<SimpleData name="ILI">Eskisehir</SimpleData>
		<SimpleData name="ILCESI">Mihallicçik</SimpleData>
		<SimpleData name="IST_KOT">744</SimpleData>
		<SimpleData name="DURUMU">A</SimpleData>
		<SimpleData name="IST_AC">1963/08/13 00:00:00</SimpleData>
		<SimpleData name="P25_PNO">I26-c2</SimpleData>
		<SimpleData name="UTM_ZONE">36</SimpleData>
		<SimpleData name="UTMY">4395632</SimpleData>
		<SimpleData name="UTMX">369964</SimpleData>
		<SimpleData name="COORH_X">784061.875</SimpleData>
	</SchemaData></ExtendedData>
      <Point><coordinates>31.4829601397355,39.698979734619</coordinates></Point>
  </Placemark>
  <Placemark id="cikti_dsimgi.324">
	<ExtendedData><SchemaData schemaUrl="#cikti_dsimgi">
		<SimpleData name="OBJECTID">324</SimpleData>
		<SimpleData name="HAVZA_NO">12</SimpleData>
		<SimpleData name="IST_NO">12-009</SimpleData>
		<SimpleData name="IST_AD">Porsuk Baraji</SimpleData>
		<SimpleData name="IST_TIP">MGI</SimpleData>
		<SimpleData name="BOLGE_NO">03</SimpleData>
		<SimpleData name="RASAT_TIP">YB</SimpleData>
		<SimpleData name="ILI">Eskisehir</SimpleData>
		<SimpleData name="ILCESI">Merkez</SimpleData>
		<SimpleData name="IST_KOT">895</SimpleData>
		<SimpleData name="DURUMU">A</SimpleData>
		<SimpleData name="IST_AC">1964/07/25 00:00:00</SimpleData>
		<SimpleData name="P25_PNO">I24-c1</SimpleData>
		<SimpleData name="UTM_ZONE">36</SimpleData>
		<SimpleData name="UTMY">4390670</SimpleData>
		<SimpleData name="UTMX">266485</SimpleData>
		<SimpleData name="COORH_X">680472.75</SimpleData>
	</SchemaData></ExtendedData>
      <Point><coordinates>30.278757017958,39.632292434702</coordinates></Point>
  </Placemark>
  <Placemark id="cikti_dsimgi.325">
	<ExtendedData><SchemaData schemaUrl="#cikti_dsimgi">
		<SimpleData name="OBJECTID">325</SimpleData>
		<SimpleData name="HAVZA_NO">12</SimpleData>
		<SimpleData name="IST_NO">12-010</SimpleData>
		<SimpleData name="IST_AD">Idrisyayla</SimpleData>
		<SimpleData name="IST_TIP">MGI</SimpleData>
		<SimpleData name="BOLGE_NO">03</SimpleData>
		<SimpleData name="RASAT_TIP">Y</SimpleData>
		<SimpleData name="ILI">Eskisehir</SimpleData>
		<SimpleData name="ILCESI">Seyitgazi</SimpleData>
		<SimpleData name="IST_KOT">1450</SimpleData>
		<SimpleData name="DURUMU">A</SimpleData>
		<SimpleData name="IST_AC">1964/06/01 00:00:00</SimpleData>
		<SimpleData name="P25_PNO">J24-b2</SimpleData>
		<SimpleData name="UTM_ZONE">36</SimpleData>
		<SimpleData name="UTMY">4364627</SimpleData>
		<SimpleData name="UTMX">275755</SimpleData>
		<SimpleData name="COORH_X">689402</SimpleData>
	</SchemaData></ExtendedData>
      <Point><coordinates>30.3954392725171,39.4003552788308</coordinates></Point>
  </Placemark>
  <Placemark id="cikti_dsimgi.326">
	<ExtendedData><SchemaData schemaUrl="#cikti_dsimgi">
		<SimpleData name="OBJECTID">326</SimpleData>
		<SimpleData name="HAVZA_NO">12</SimpleData>
		<SimpleData name="IST_NO">12-011</SimpleData>
		<SimpleData name="IST_AD">Inhisar</SimpleData>
		<SimpleData name="IST_TIP">MGI</SimpleData>
		<SimpleData name="BOLGE_NO">03</SimpleData>
		<SimpleData name="RASAT_TIP">YB</SimpleData>
		<SimpleData name="ILI">Bilecik</SimpleData>
		<SimpleData name="ILCESI">Sögüt</SimpleData>
		<SimpleData name="IST_KOT">250</SimpleData>
		<SimpleData name="DURUMU">A</SimpleData>
		<SimpleData name="IST_AC">1964/03/26 00:00:00</SimpleData>
		<SimpleData name="P25_PNO">H24-c3</SimpleData>
		<SimpleData name="UTM_ZONE">36</SimpleData>
		<SimpleData name="UTMY">4436184</SimpleData>
		<SimpleData name="UTMX">277242</SimpleData>
		<SimpleData name="COORH_X">691822.5</SimpleData>
	</SchemaData></ExtendedData>
      <Point><coordinates>30.388490396559,40.0448173943361</coordinates></Point>
  </Placemark>
  <Placemark id="cikti_dsimgi.327">
	<ExtendedData><SchemaData schemaUrl="#cikti_dsimgi">
		<SimpleData name="OBJECTID">327</SimpleData>
		<SimpleData name="HAVZA_NO">12</SimpleData>
		<SimpleData name="IST_NO">12-012</SimpleData>
		<SimpleData name="IST_AD">Dogalar</SimpleData>
		<SimpleData name="IST_TIP">MGI</SimpleData>
		<SimpleData name="BOLGE_NO">03</SimpleData>
		<SimpleData name="RASAT_TIP">Y</SimpleData>
		<SimpleData name="ILI">Kütahya</SimpleData>
		<SimpleData name="ILCESI">Altintas</SimpleData>
		<SimpleData name="IST_KOT">1100</SimpleData>
		<SimpleData name="DURUMU">A</SimpleData>
		<SimpleData name="IST_AC">1964/06/27 00:00:00</SimpleData>
		<SimpleData name="P25_PNO">J24-d1</SimpleData>
		<SimpleData name="UTM_ZONE">36</SimpleData>
		<SimpleData name="UTMY">4346286</SimpleData>
		<SimpleData name="UTMX">249663</SimpleData>
		<SimpleData name="COORH_X">663053.3125</SimpleData>
	</SchemaData></ExtendedData>
      <Point><coordinates>30.0995988648585,39.2281253215299</coordinates></Point>
  </Placemark>
  <Placemark id="cikti_dsimgi.328">
	<ExtendedData><SchemaData schemaUrl="#cikti_dsimgi">
		<SimpleData name="OBJECTID">328</SimpleData>
		<SimpleData name="HAVZA_NO">12</SimpleData>
		<SimpleData name="IST_NO">12-014</SimpleData>
		<SimpleData name="IST_AD">Kurtköy (Sapanca G.)</SimpleData>
		<SimpleData name="IST_TIP">MGI</SimpleData>
		<SimpleData name="BOLGE_NO">03</SimpleData>
		<SimpleData name="RASAT_TIP">YB</SimpleData>
		<SimpleData name="ILI">Sakarya</SimpleData>
		<SimpleData name="ILCESI">Sapanca</SimpleData>
		<SimpleData name="IST_KOT">40</SimpleData>
		<SimpleData name="DURUMU">A</SimpleData>
		<SimpleData name="IST_AC">1964/11/12 00:00:00</SimpleData>
		<SimpleData name="P25_PNO">G24-d2</SimpleData>
		<SimpleData name="UTM_ZONE">36</SimpleData>
		<SimpleData name="UTMY">4509613</SimpleData>
		<SimpleData name="UTMX">263319</SimpleData>
		<SimpleData name="COORH_X">678832.8125</SimpleData>
	</SchemaData></ExtendedData>
      <Point><coordinates>30.1982052483446,40.7017751504879</coordinates></Point>
  </Placemark>
  <Placemark id="cikti_dsimgi.329">
	<ExtendedData><SchemaData schemaUrl="#cikti_dsimgi">
		<SimpleData name="OBJECTID">329</SimpleData>
		<SimpleData name="HAVZA_NO">12</SimpleData>
		<SimpleData name="IST_NO">12-016</SimpleData>
		<SimpleData name="IST_AD">Belpinar</SimpleData>
		<SimpleData name="IST_TIP">MGI</SimpleData>
		<SimpleData name="BOLGE_NO">03</SimpleData>
		<SimpleData name="RASAT_TIP">Y</SimpleData>
		<SimpleData name="ILI">Eskisehir</SimpleData>
		<SimpleData name="ILCESI">Çifteler</SimpleData>
		<SimpleData name="IST_KOT">950</SimpleData>
		<SimpleData name="DURUMU">K</SimpleData>
		<SimpleData name="IST_AC">1963/05/24 00:00:00</SimpleData>
		<SimpleData name="IST_KAP">1973/02/05 00:00:00</SimpleData>
		<SimpleData name="P25_PNO">J26-a4</SimpleData>
		<SimpleData name="UTM_ZONE">36</SimpleData>
		<SimpleData name="UTMY">4353709</SimpleData>
		<SimpleData name="UTMX">336198</SimpleData>
		<SimpleData name="COORH_X">749740.3125</SimpleData>
	</SchemaData></ExtendedData>
      <Point><coordinates>31.0996219156118,39.3156284693874</coordinates></Point>
  </Placemark>
  <Placemark id="cikti_dsimgi.330">
	<ExtendedData><SchemaData schemaUrl="#cikti_dsimgi">
		<SimpleData name="OBJECTID">330</SimpleData>
		<SimpleData name="HAVZA_NO">12</SimpleData>
		<SimpleData name="IST_NO">12-017</SimpleData>
		<SimpleData name="IST_AD">Gümüskonak (Yörme)</SimpleData>
		<SimpleData name="IST_TIP">MGI</SimpleData>
		<SimpleData name="BOLGE_NO">03</SimpleData>
		<SimpleData name="RASAT_TIP">Y</SimpleData>
		<SimpleData name="ILI">Eskisehir</SimpleData>
		<SimpleData name="ILCESI">Sivrihisar</SimpleData>
		<SimpleData name="IST_KOT">910</SimpleData>
		<SimpleData name="DURUMU">A</SimpleData>
		<SimpleData name="IST_AC">1963/06/01 00:00:00</SimpleData>
		<SimpleData name="P25_PNO">J27-b4</SimpleData>
		<SimpleData name="UTM_ZONE">36</SimpleData>
		<SimpleData name="UTMY">4354801</SimpleData>
		<SimpleData name="UTMX">398971</SimpleData>
		<SimpleData name="COORH_X">812583.875</SimpleData>
	</SchemaData></ExtendedData>
      <Point><coordinates>31.8274166702541,39.3350772623313</coordinates></Point>
  </Placemark>
  <Placemark id="cikti_dsimgi.331">
	<ExtendedData><SchemaData schemaUrl="#cikti_dsimgi">
		<SimpleData name="OBJECTID">331</SimpleData>
		<SimpleData name="HAVZA_NO">12</SimpleData>
		<SimpleData name="IST_NO">12-018</SimpleData>
		<SimpleData name="IST_AD">Ahiler</SimpleData>
		<SimpleData name="IST_TIP">MGI</SimpleData>
		<SimpleData name="BOLGE_NO">03</SimpleData>
		<SimpleData name="RASAT_TIP">YB</SimpleData>
		<SimpleData name="ILI">Eskisehir</SimpleData>
		<SimpleData name="ILCESI">Sivrihisar</SimpleData>
		<SimpleData name="IST_KOT">803</SimpleData>
		<SimpleData name="DURUMU">A</SimpleData>
		<SimpleData name="IST_AC">1963/08/01 00:00:00</SimpleData>
		<SimpleData name="P25_PNO">J27-d1</SimpleData>
		<SimpleData name="UTM_ZONE">36</SimpleData>
		<SimpleData name="UTMY">4339484</SimpleData>
		<SimpleData name="UTMX">380897</SimpleData>
		<SimpleData name="COORH_X">794299.875</SimpleData>
	</SchemaData></ExtendedData>
      <Point><coordinates>31.6204624836072,39.1947959201235</coordinates></Point>
  </Placemark>
  <Placemark id="cikti_dsimgi.332">
	<ExtendedData><SchemaData schemaUrl="#cikti_dsimgi">
		<SimpleData name="OBJECTID">332</SimpleData>
		<SimpleData name="HAVZA_NO">12</SimpleData>
		<SimpleData name="IST_NO">12-019</SimpleData>
		<SimpleData name="IST_AD">Agaçhisar</SimpleData>
		<SimpleData name="IST_TIP">MGI</SimpleData>
		<SimpleData name="BOLGE_NO">03</SimpleData>
		<SimpleData name="RASAT_TIP">Y</SimpleData>
		<SimpleData name="ILI">Eskisehir</SimpleData>
		<SimpleData name="ILCESI">Merkez</SimpleData>
		<SimpleData name="IST_KOT">1180</SimpleData>
		<SimpleData name="DURUMU">K</SimpleData>
		<SimpleData name="IST_AC">1963/08/15 00:00:00</SimpleData>
		<SimpleData name="IST_KAP">1973/01/20 00:00:00</SimpleData>
		<SimpleData name="P25_PNO">I26-a2</SimpleData>
		<SimpleData name="UTM_ZONE">36</SimpleData>
		<SimpleData name="UTMY">4420189</SimpleData>
		<SimpleData name="UTMX">343305</SimpleData>
		<SimpleData name="COORH_X">757696.625</SimpleData>
	</SchemaData></ExtendedData>
      <Point><coordinates>31.1662844043114,39.915648291299</coordinates></Point>
  </Placemark>
  <Placemark id="cikti_dsimgi.333">
	<ExtendedData><SchemaData schemaUrl="#cikti_dsimgi">
		<SimpleData name="OBJECTID">333</SimpleData>
		<SimpleData name="HAVZA_NO">12</SimpleData>
		<SimpleData name="IST_NO">12-020</SimpleData>
		<SimpleData name="IST_AD">Karakaya</SimpleData>
		<SimpleData name="IST_TIP">MGI</SimpleData>
		<SimpleData name="BOLGE_NO">03</SimpleData>
		<SimpleData name="RASAT_TIP">YB</SimpleData>
		<SimpleData name="ILI">Eskisehir</SimpleData>
		<SimpleData name="ILCESI">Sivrihisar</SimpleData>
		<SimpleData name="IST_KOT">1050</SimpleData>
		<SimpleData name="DURUMU">K</SimpleData>
		<SimpleData name="IST_AC">1964/09/23 00:00:00</SimpleData>
		<SimpleData name="IST_KAP">1973/01/31 00:00:00</SimpleData>
		<SimpleData name="P25_PNO">kI26-c4</SimpleData>
		<SimpleData name="UTM_ZONE">36</SimpleData>
		<SimpleData name="UTMY">4375591</SimpleData>
		<SimpleData name="UTMX">352427</SimpleData>
		<SimpleData name="COORH_X">766260.875</SimpleData>
	</SchemaData></ExtendedData>
      <Point><coordinates>31.2829599411189,39.5156321437192</coordinates></Point>
  </Placemark>
  <Placemark id="cikti_dsimgi.334">
	<ExtendedData><SchemaData schemaUrl="#cikti_dsimgi">
		<SimpleData name="OBJECTID">334</SimpleData>
		<SimpleData name="HAVZA_NO">12</SimpleData>
		<SimpleData name="IST_NO">12-022</SimpleData>
		<SimpleData name="IST_AD">Inönü Kümbet</SimpleData>
		<SimpleData name="IST_TIP">MGI</SimpleData>
		<SimpleData name="BOLGE_NO">03</SimpleData>
		<SimpleData name="RASAT_TIP">Y</SimpleData>
		<SimpleData name="ILI">Eskisehir</SimpleData>
		<SimpleData name="ILCESI">Merkez</SimpleData>
		<SimpleData name="IST_KOT">1000</SimpleData>
		<SimpleData name="DURUMU">K</SimpleData>
		<SimpleData name="IST_AC">1967/08/28 00:00:00</SimpleData>
		<SimpleData name="IST_KAP">1995/05/08 00:00:00</SimpleData>
		<SimpleData name="P25_PNO">I24-d2</SimpleData>
		<SimpleData name="UTM_ZONE">36</SimpleData>
		<SimpleData name="UTMY">4399352</SimpleData>
		<SimpleData name="UTMX">255306</SimpleData>
		<SimpleData name="COORH_X">669406.3125</SimpleData>
	</SchemaData></ExtendedData>
      <Point><coordinates>30.1454313833667,39.7072990897865</coordinates></Point>
  </Placemark>
  <Placemark id="cikti_dsimgi.335">
	<ExtendedData><SchemaData schemaUrl="#cikti_dsimgi">
		<SimpleData name="OBJECTID">335</SimpleData>
		<SimpleData name="HAVZA_NO">12</SimpleData>
		<SimpleData name="IST_NO">12-023</SimpleData>
		<SimpleData name="IST_AD">Gökçekaya Baraji</SimpleData>
		<SimpleData name="IST_TIP">MGI</SimpleData>
		<SimpleData name="BOLGE_NO">03</SimpleData>
		<SimpleData name="RASAT_TIP">YB</SimpleData>
		<SimpleData name="ILI">Eskisehir</SimpleData>
		<SimpleData name="ILCESI">Merkez</SimpleData>
		<SimpleData name="IST_KOT">352</SimpleData>
		<SimpleData name="DURUMU">K</SimpleData>
		<SimpleData name="IST_AC">1967/06/07 00:00:00</SimpleData>
		<SimpleData name="IST_KAP">1987/07/31 00:00:00</SimpleData>
		<SimpleData name="P25_PNO">H26-d4</SimpleData>
		<SimpleData name="UTM_ZONE">36</SimpleData>
		<SimpleData name="UTMY">4433542</SimpleData>
		<SimpleData name="UTMX">325083</SimpleData>
		<SimpleData name="COORH_X">739636.625</SimpleData>
	</SchemaData></ExtendedData>
      <Point><coordinates>30.9496114302897,40.0323121440994</coordinates></Point>
  </Placemark>
  <Placemark id="cikti_dsimgi.336">
	<ExtendedData><SchemaData schemaUrl="#cikti_dsimgi">
		<SimpleData name="OBJECTID">336</SimpleData>
		<SimpleData name="HAVZA_NO">12</SimpleData>
		<SimpleData name="IST_NO">12-024</SimpleData>
		<SimpleData name="IST_AD">Kümbet (Seyitgazi-Inönü)</SimpleData>
		<SimpleData name="IST_TIP">MGI</SimpleData>
		<SimpleData name="BOLGE_NO">03</SimpleData>
		<SimpleData name="RASAT_TIP">Y</SimpleData>
		<SimpleData name="ILI">Eskisehir</SimpleData>
		<SimpleData name="ILCESI">Seyitgazi</SimpleData>
		<SimpleData name="IST_KOT">1050</SimpleData>
		<SimpleData name="DURUMU">A</SimpleData>
		<SimpleData name="IST_AC">1965/08/27 00:00:00</SimpleData>
		<SimpleData name="P25_PNO">J25-d1</SimpleData>
		<SimpleData name="UTM_ZONE">36</SimpleData>
		<SimpleData name="UTMY">4343163</SimpleData>
		<SimpleData name="UTMX">293141</SimpleData>
		<SimpleData name="COORH_X">706513.6875</SimpleData>
	</SchemaData></ExtendedData>
      <Point><coordinates>30.6037787974951,39.211461148019</coordinates></Point>
  </Placemark>
  <Placemark id="cikti_dsimgi.337">
	<ExtendedData><SchemaData schemaUrl="#cikti_dsimgi">
		<SimpleData name="OBJECTID">337</SimpleData>
		<SimpleData name="HAVZA_NO">12</SimpleData>
		<SimpleData name="IST_NO">12-043</SimpleData>
		<SimpleData name="IST_AD">Çaykisla</SimpleData>
		<SimpleData name="IST_TIP">MGI</SimpleData>
		<SimpleData name="BOLGE_NO">03</SimpleData>
		<SimpleData name="RASAT_TIP">Y</SimpleData>
		<SimpleData name="ILI">Sakarya</SimpleData>
		<SimpleData name="ILCESI">Merkez</SimpleData>
		<SimpleData name="IST_KOT">35</SimpleData>
		<SimpleData name="DURUMU">K</SimpleData>
		<SimpleData name="IST_AC">1962/08/19 00:00:00</SimpleData>
		<SimpleData name="IST_KAP">1973/01/25 00:00:00</SimpleData>
		<SimpleData name="P25_PNO">G24-c2</SimpleData>
		<SimpleData name="UTM_ZONE">36</SimpleData>
		<SimpleData name="UTMY">4514047</SimpleData>
		<SimpleData name="UTMX">290341</SimpleData>
		<SimpleData name="COORH_X">705901.5</SimpleData>
	</SchemaData></ExtendedData>
      <Point><coordinates>30.5162606251778,40.7490004128697</coordinates></Point>
  </Placemark>
  <Placemark id="cikti_dsimgi.338">
	<ExtendedData><SchemaData schemaUrl="#cikti_dsimgi">
		<SimpleData name="OBJECTID">338</SimpleData>
		<SimpleData name="HAVZA_NO">12</SimpleData>
		<SimpleData name="IST_NO">12-044</SimpleData>
		<SimpleData name="IST_AD">Isikkara</SimpleData>
		<SimpleData name="IST_TIP">MGI</SimpleData>
		<SimpleData name="BOLGE_NO">03</SimpleData>
		<SimpleData name="RASAT_TIP">Y</SimpleData>
		<SimpleData name="ILI">Kütahya</SimpleData>
		<SimpleData name="ILCESI">Merkez</SimpleData>
		<SimpleData name="IST_KOT">1135</SimpleData>
		<SimpleData name="DURUMU">A</SimpleData>
		<SimpleData name="IST_AC">1963/05/01 00:00:00</SimpleData>
		<SimpleData name="P25_PNO">J24-d4</SimpleData>
		<SimpleData name="UTM_ZONE">36</SimpleData>
		<SimpleData name="UTMY">4388412</SimpleData>
		<SimpleData name="UTMX">249944</SimpleData>
		<SimpleData name="COORH_X">663899</SimpleData>
	</SchemaData></ExtendedData>
      <Point><coordinates>30.0871006534297,39.6073003662869</coordinates></Point>
  </Placemark>
  <Placemark id="cikti_dsimgi.339">
	<ExtendedData><SchemaData schemaUrl="#cikti_dsimgi">
		<SimpleData name="OBJECTID">339</SimpleData>
		<SimpleData name="HAVZA_NO">12</SimpleData>
		<SimpleData name="IST_NO">12-045</SimpleData>
		<SimpleData name="IST_AD">Karaalan</SimpleData>
		<SimpleData name="IST_TIP">MGI</SimpleData>
		<SimpleData name="BOLGE_NO">03</SimpleData>
		<SimpleData name="RASAT_TIP">Y</SimpleData>
		<SimpleData name="ILI">Eskisehir</SimpleData>
		<SimpleData name="ILCESI">Merkez</SimpleData>
		<SimpleData name="IST_KOT">935</SimpleData>
		<SimpleData name="DURUMU">K</SimpleData>
		<SimpleData name="IST_AC">1963/04/24 00:00:00</SimpleData>
		<SimpleData name="IST_KAP">1972/12/31 00:00:00</SimpleData>
		<SimpleData name="P25_PNO">I24-c2</SimpleData>
		<SimpleData name="UTM_ZONE">36</SimpleData>
		<SimpleData name="UTMY">4392050</SimpleData>
		<SimpleData name="UTMX">282632</SimpleData>
		<SimpleData name="COORH_X">696641.9375</SimpleData>
	</SchemaData></ExtendedData>
      <Point><coordinates>30.4662687187821,39.6489688632961</coordinates></Point>
  </Placemark>
  <Placemark id="cikti_dsimgi.340">
	<ExtendedData><SchemaData schemaUrl="#cikti_dsimgi">
		<SimpleData name="OBJECTID">340</SimpleData>
		<SimpleData name="HAVZA_NO">12</SimpleData>
		<SimpleData name="IST_NO">12-046</SimpleData>
		<SimpleData name="IST_AD">Daridere</SimpleData>
		<SimpleData name="IST_TIP">MGI</SimpleData>
		<SimpleData name="BOLGE_NO">03</SimpleData>
		<SimpleData name="RASAT_TIP">Y</SimpleData>
		<SimpleData name="ILI">Bilecik</SimpleData>
		<SimpleData name="ILCESI">Bozhüyük</SimpleData>
		<SimpleData name="IST_KOT">1095</SimpleData>
		<SimpleData name="DURUMU">K</SimpleData>
		<SimpleData name="IST_AC">1964/04/26 00:00:00</SimpleData>
		<SimpleData name="IST_KAP">1973/01/31 00:00:00</SimpleData>
		<SimpleData name="P25_PNO">I23-b3</SimpleData>
		<SimpleData name="UTM_ZONE">36</SimpleData>
		<SimpleData name="UTMY">4411740</SimpleData>
		<SimpleData name="UTMX">244631</SimpleData>
		<SimpleData name="COORH_X">658894.125</SimpleData>
	</SchemaData></ExtendedData>
      <Point><coordinates>30.016256538502,39.8156382162838</coordinates></Point>
  </Placemark>
  <Placemark id="cikti_dsimgi.341">
	<ExtendedData><SchemaData schemaUrl="#cikti_dsimgi">
		<SimpleData name="OBJECTID">341</SimpleData>
		<SimpleData name="HAVZA_NO">12</SimpleData>
		<SimpleData name="IST_NO">12-054</SimpleData>
		<SimpleData name="IST_AD">Babadat</SimpleData>
		<SimpleData name="IST_TIP">MGI</SimpleData>
		<SimpleData name="BOLGE_NO">03</SimpleData>
		<SimpleData name="RASAT_TIP">Y</SimpleData>
		<SimpleData name="ILI">Eskisehir</SimpleData>
		<SimpleData name="ILCESI">Sivrihisar</SimpleData>
		<SimpleData name="IST_KOT">520</SimpleData>
		<SimpleData name="DURUMU">K</SimpleData>
		<SimpleData name="IST_AC">1969/07/01 00:00:00</SimpleData>
		<SimpleData name="IST_KAP">1981/06/01 00:00:00</SimpleData>
		<SimpleData name="P25_PNO">I27-d3</SimpleData>
		<SimpleData name="UTM_ZONE">36</SimpleData>
		<SimpleData name="UTMY">4376904</SimpleData>
		<SimpleData name="UTMX">383977</SimpleData>
		<SimpleData name="COORH_X">797851.3125</SimpleData>
	</SchemaData></ExtendedData>
      <Point><coordinates>31.649641875286,39.5323014014079</coordinates></Point>
  </Placemark>
  <Placemark id="cikti_dsimgi.342">
	<ExtendedData><SchemaData schemaUrl="#cikti_dsimgi">
		<SimpleData name="OBJECTID">342</SimpleData>
		<SimpleData name="HAVZA_NO">12</SimpleData>
		<SimpleData name="IST_NO">12-055</SimpleData>
		<SimpleData name="IST_AD">Y.Kartal</SimpleData>
		<SimpleData name="IST_TIP">MGI</SimpleData>
		<SimpleData name="BOLGE_NO">03</SimpleData>
		<SimpleData name="RASAT_TIP">Y</SimpleData>
		<SimpleData name="ILI">Eskisehir</SimpleData>
		<SimpleData name="ILCESI">Merkez</SimpleData>
		<SimpleData name="IST_KOT">1020</SimpleData>
		<SimpleData name="DURUMU">K</SimpleData>
		<SimpleData name="IST_AC">1969/06/30 00:00:00</SimpleData>
		<SimpleData name="IST_KAP">1973/01/21 00:00:00</SimpleData>
		<SimpleData name="P25_PNO">I24-c1</SimpleData>
		<SimpleData name="UTM_ZONE">36</SimpleData>
		<SimpleData name="UTMY">4403568</SimpleData>
		<SimpleData name="UTMX">268664</SimpleData>
		<SimpleData name="COORH_X">682821.25</SimpleData>
	</SchemaData></ExtendedData>
      <Point><coordinates>30.2995975216961,39.7489691678406</coordinates></Point>
  </Placemark>
  <Placemark id="cikti_dsimgi.343">
	<ExtendedData><SchemaData schemaUrl="#cikti_dsimgi">
		<SimpleData name="OBJECTID">343</SimpleData>
		<SimpleData name="HAVZA_NO">10</SimpleData>
		<SimpleData name="IST_NO">10-002</SimpleData>
		<SimpleData name="IST_AD">Kuleönü</SimpleData>
		<SimpleData name="IST_TIP">MGI</SimpleData>
		<SimpleData name="BOLGE_NO">18</SimpleData>
		<SimpleData name="RASAT_TIP">YB</SimpleData>
		<SimpleData name="ILI">Isparta</SimpleData>
		<SimpleData name="ILCESI">Merkez</SimpleData>
		<SimpleData name="IST_KOT">930</SimpleData>
		<SimpleData name="DURUMU">K</SimpleData>
		<SimpleData name="IST_AC">1975/06/23 00:00:00</SimpleData>
		<SimpleData name="IST_KAP">1998/01/15 00:00:00</SimpleData>
		<SimpleData name="P25_PNO">M25-a4</SimpleData>
		<SimpleData name="CKS_BOYLAM">30:37:04,2</SimpleData>
		<SimpleData name="CKS_ENLEM">37:52:15,1</SimpleData>
		<SimpleData name="UTM_ZONE">36</SimpleData>
		<SimpleData name="UTMY">0</SimpleData>
		<SimpleData name="UTMX">0</SimpleData>
		<SimpleData name="COORH_X">701798.4375</SimpleData>
	</SchemaData></ExtendedData>
      <Point><coordinates>30.6173989077524,37.8698005814827</coordinates></Point>
  </Placemark>
  <Placemark id="cikti_dsimgi.344">
	<ExtendedData><SchemaData schemaUrl="#cikti_dsimgi">
		<SimpleData name="OBJECTID">344</SimpleData>
		<SimpleData name="HAVZA_NO">10</SimpleData>
		<SimpleData name="IST_NO">10-003</SimpleData>
		<SimpleData name="IST_AD">Bozanönü</SimpleData>
		<SimpleData name="IST_TIP">MGI</SimpleData>
		<SimpleData name="BOLGE_NO">18</SimpleData>
		<SimpleData name="RASAT_TIP">YB</SimpleData>
		<SimpleData name="IST_KOT">1000</SimpleData>
		<SimpleData name="DURUMU">K</SimpleData>
		<SimpleData name="IST_AC">1967/06/20 00:00:00</SimpleData>
		<SimpleData name="IST_KAP">1972/07/31 00:00:00</SimpleData>
		<SimpleData name="CKS_BOYLAM">30:35:00</SimpleData>
		<SimpleData name="CKS_ENLEM">37:52:00</SimpleData>
		<SimpleData name="UTM_ZONE">0</SimpleData>
		<SimpleData name="UTMY">0</SimpleData>
		<SimpleData name="UTMX">0</SimpleData>
		<SimpleData name="COORH_X">698744.6875</SimpleData>
	</SchemaData></ExtendedData>
      <Point><coordinates>30.5829536370153,37.8656336900017</coordinates></Point>
  </Placemark>
  <Placemark id="cikti_dsimgi.345">
	<ExtendedData><SchemaData schemaUrl="#cikti_dsimgi">
		<SimpleData name="OBJECTID">345</SimpleData>
		<SimpleData name="HAVZA_NO">10</SimpleData>
		<SimpleData name="IST_NO">10-004</SimpleData>
		<SimpleData name="IST_AD">Baladiz (Gümüsgün)</SimpleData>
		<SimpleData name="IST_TIP">MGI</SimpleData>
		<SimpleData name="BOLGE_NO">18</SimpleData>
		<SimpleData name="RASAT_TIP">Y</SimpleData>
		<SimpleData name="ILI">Isparta</SimpleData>
		<SimpleData name="ILCESI">Merkez</SimpleData>
		<SimpleData name="IST_KOT">1000</SimpleData>
		<SimpleData name="DURUMU">A</SimpleData>
		<SimpleData name="IST_AC">1967/07/08 00:00:00</SimpleData>
		<SimpleData name="P25_PNO">M24-b2</SimpleData>
		<SimpleData name="CKS_BOYLAM">30:25:06,7</SimpleData>
		<SimpleData name="CKS_ENLEM">37:54:08,1</SimpleData>
		<SimpleData name="UTM_ZONE">36</SimpleData>
		<SimpleData name="UTMY">0</SimpleData>
		<SimpleData name="UTMX">0</SimpleData>
		<SimpleData name="COORH_X">684369.9375</SimpleData>
	</SchemaData></ExtendedData>
      <Point><coordinates>30.4179493031204,37.9011892856104</coordinates></Point>
  </Placemark>
  <Placemark id="cikti_dsimgi.346">
	<ExtendedData><SchemaData schemaUrl="#cikti_dsimgi">
		<SimpleData name="OBJECTID">346</SimpleData>
		<SimpleData name="HAVZA_NO">10</SimpleData>
		<SimpleData name="IST_NO">10-005</SimpleData>
		<SimpleData name="IST_AD">Beyköy</SimpleData>
		<SimpleData name="IST_TIP">MGI</SimpleData>
		<SimpleData name="BOLGE_NO">18</SimpleData>
		<SimpleData name="RASAT_TIP">YB</SimpleData>
		<SimpleData name="ILI">Burdur</SimpleData>
		<SimpleData name="ILCESI">Yesilova</SimpleData>
		<SimpleData name="IST_KOT">1070</SimpleData>
		<SimpleData name="DURUMU">K</SimpleData>
		<SimpleData name="IST_AC">1970/07/01 00:00:00</SimpleData>
		<SimpleData name="IST_KAP">1992/03/26 00:00:00</SimpleData>
		<SimpleData name="P25_PNO">M23-c1</SimpleData>
		<SimpleData name="CKS_BOYLAM">29:50:35,1</SimpleData>
		<SimpleData name="CKS_ENLEM">37:39:24,6</SimpleData>
		<SimpleData name="UTM_ZONE">35</SimpleData>
		<SimpleData name="UTMY">0</SimpleData>
		<SimpleData name="UTMX">0</SimpleData>
		<SimpleData name="COORH_X">632385.4375</SimpleData>
	</SchemaData></ExtendedData>
      <Point><coordinates>29.8426591754603,37.6556260728282</coordinates></Point>
  </Placemark>
  <Placemark id="cikti_dsimgi.347">
	<ExtendedData><SchemaData schemaUrl="#cikti_dsimgi">
		<SimpleData name="OBJECTID">347</SimpleData>
		<SimpleData name="HAVZA_NO">10</SimpleData>
		<SimpleData name="IST_NO">10-007</SimpleData>
		<SimpleData name="IST_AD">Yaziköy</SimpleData>
		<SimpleData name="IST_TIP">MGI</SimpleData>
		<SimpleData name="BOLGE_NO">18</SimpleData>
		<SimpleData name="RASAT_TIP">YB</SimpleData>
		<SimpleData name="ILI">Burdur</SimpleData>
		<SimpleData name="ILCESI">Merkez</SimpleData>
		<SimpleData name="IST_KOT">850</SimpleData>
		<SimpleData name="DURUMU">A</SimpleData>
		<SimpleData name="IST_AC">1963/06/21 00:00:00</SimpleData>
		<SimpleData name="P25_PNO">M24-d1</SimpleData>
		<SimpleData name="CKS_BOYLAM">30:05:28,0</SimpleData>
		<SimpleData name="CKS_ENLEM">37:38:12,6</SimpleData>
		<SimpleData name="UTM_ZONE">36</SimpleData>
		<SimpleData name="UTMY">0</SimpleData>
		<SimpleData name="UTMX">0</SimpleData>
		<SimpleData name="COORH_X">654204.625</SimpleData>
	</SchemaData></ExtendedData>
      <Point><coordinates>30.0907209300583,37.6356267453176</coordinates></Point>
  </Placemark>
  <Placemark id="cikti_dsimgi.348">
	<ExtendedData><SchemaData schemaUrl="#cikti_dsimgi">
		<SimpleData name="OBJECTID">348</SimpleData>
		<SimpleData name="HAVZA_NO">10</SimpleData>
		<SimpleData name="IST_NO">10-008</SimpleData>
		<SimpleData name="IST_AD">Kilavuzlar</SimpleData>
		<SimpleData name="IST_TIP">MGI</SimpleData>
		<SimpleData name="BOLGE_NO">18</SimpleData>
		<SimpleData name="RASAT_TIP">YB</SimpleData>
		<SimpleData name="ILI">Burdur</SimpleData>
		<SimpleData name="ILCESI">Tefenni</SimpleData>
		<SimpleData name="IST_KOT">1100</SimpleData>
		<SimpleData name="DURUMU">K</SimpleData>
		<SimpleData name="IST_AC">1965/05/01 00:00:00</SimpleData>
		<SimpleData name="IST_KAP">1993/12/31 00:00:00</SimpleData>
		<SimpleData name="P25_PNO">N23-b2</SimpleData>
		<SimpleData name="CKS_BOYLAM">29:50:37,3</SimpleData>
		<SimpleData name="CKS_ENLEM">37:20:56,2</SimpleData>
		<SimpleData name="UTM_ZONE">35</SimpleData>
		<SimpleData name="UTMY">0</SimpleData>
		<SimpleData name="UTMX">0</SimpleData>
		<SimpleData name="COORH_X">630772.3125</SimpleData>
	</SchemaData></ExtendedData>
      <Point><coordinates>29.8432168916458,37.3478419763229</coordinates></Point>
  </Placemark>
  <Placemark id="cikti_dsimgi.349">
	<ExtendedData><SchemaData schemaUrl="#cikti_dsimgi">
		<SimpleData name="OBJECTID">349</SimpleData>
		<SimpleData name="HAVZA_NO">10</SimpleData>
		<SimpleData name="IST_NO">10-009</SimpleData>
		<SimpleData name="IST_AD">Sazak</SimpleData>
		<SimpleData name="IST_TIP">MGI</SimpleData>
		<SimpleData name="BOLGE_NO">18</SimpleData>
		<SimpleData name="RASAT_TIP">YB</SimpleData>
		<SimpleData name="ILI">Burdur</SimpleData>
		<SimpleData name="ILCESI">Yesilova</SimpleData>
		<SimpleData name="IST_KOT">1200</SimpleData>
		<SimpleData name="DURUMU">K</SimpleData>
		<SimpleData name="IST_AC">1972/10/06 00:00:00</SimpleData>
		<SimpleData name="IST_KAP">1997/01/01 00:00:00</SimpleData>
		<SimpleData name="P25_PNO">M23-c3</SimpleData>
		<SimpleData name="CKS_BOYLAM">29:54:56,1</SimpleData>
		<SimpleData name="CKS_ENLEM">37:33:46,5</SimpleData>
		<SimpleData name="UTM_ZONE">36</SimpleData>
		<SimpleData name="UTMY">0</SimpleData>
		<SimpleData name="UTMX">0</SimpleData>
		<SimpleData name="COORH_X">638293.75</SimpleData>
	</SchemaData></ExtendedData>
      <Point><coordinates>29.915161580787,37.561735582387</coordinates></Point>
  </Placemark>
  <Placemark id="cikti_dsimgi.350">
	<ExtendedData><SchemaData schemaUrl="#cikti_dsimgi">
		<SimpleData name="OBJECTID">350</SimpleData>
		<SimpleData name="HAVZA_NO">10</SimpleData>
		<SimpleData name="IST_NO">10-010</SimpleData>
		<SimpleData name="IST_AD">Bogaziçi (Kepekli)</SimpleData>
		<SimpleData name="IST_TIP">MGI</SimpleData>
		<SimpleData name="BOLGE_NO">18</SimpleData>
		<SimpleData name="RASAT_TIP">YB</SimpleData>
		<SimpleData name="ILI">Burdur</SimpleData>
		<SimpleData name="ILCESI">Merkez</SimpleData>
		<SimpleData name="IST_KOT">980</SimpleData>
		<SimpleData name="DURUMU">K</SimpleData>
		<SimpleData name="IST_AC">1972/09/21 00:00:00</SimpleData>
		<SimpleData name="IST_KAP">1997/10/01 00:00:00</SimpleData>
		<SimpleData name="P25_PNO">M24-d4</SimpleData>
		<SimpleData name="CKS_BOYLAM">30:04:14,5</SimpleData>
		<SimpleData name="CKS_ENLEM">37:30:56,5</SimpleData>
		<SimpleData name="UTM_ZONE">36</SimpleData>
		<SimpleData name="UTMY">0</SimpleData>
		<SimpleData name="UTMX">0</SimpleData>
		<SimpleData name="COORH_X">651769.1875</SimpleData>
	</SchemaData></ExtendedData>
      <Point><coordinates>30.07016572384,37.5145130519511</coordinates></Point>
  </Placemark>
  <Placemark id="cikti_dsimgi.351">
	<ExtendedData><SchemaData schemaUrl="#cikti_dsimgi">
		<SimpleData name="OBJECTID">351</SimpleData>
		<SimpleData name="HAVZA_NO">10</SimpleData>
		<SimpleData name="IST_NO">10-011</SimpleData>
		<SimpleData name="IST_AD">Bedirli</SimpleData>
		<SimpleData name="IST_TIP">MGI</SimpleData>
		<SimpleData name="BOLGE_NO">18</SimpleData>
		<SimpleData name="RASAT_TIP">YB</SimpleData>
		<SimpleData name="ILI">Burdur</SimpleData>
		<SimpleData name="ILCESI">Yesilova</SimpleData>
		<SimpleData name="IST_KOT">1300</SimpleData>
		<SimpleData name="DURUMU">A</SimpleData>
		<SimpleData name="IST_AC">1972/10/07 00:00:00</SimpleData>
		<SimpleData name="P25_PNO">N23-b1</SimpleData>
		<SimpleData name="CKS_BOYLAM">29:50:18,5</SimpleData>
		<SimpleData name="CKS_ENLEM">37:27:47,2</SimpleData>
		<SimpleData name="UTM_ZONE">35</SimpleData>
		<SimpleData name="UTMY">0</SimpleData>
		<SimpleData name="UTMX">0</SimpleData>
		<SimpleData name="COORH_X">630921.25</SimpleData>
	</SchemaData></ExtendedData>
      <Point><coordinates>29.8379381771789,37.4620109757697</coordinates></Point>
  </Placemark>
  <Placemark id="cikti_dsimgi.352">
	<ExtendedData><SchemaData schemaUrl="#cikti_dsimgi">
		<SimpleData name="OBJECTID">352</SimpleData>
		<SimpleData name="HAVZA_NO">11</SimpleData>
		<SimpleData name="IST_NO">11-001</SimpleData>
		<SimpleData name="IST_AD">Seyitler baraji</SimpleData>
		<SimpleData name="IST_TIP">MGI</SimpleData>
		<SimpleData name="BOLGE_NO">18</SimpleData>
		<SimpleData name="RASAT_TIP">YB</SimpleData>
		<SimpleData name="ILI">Afyon</SimpleData>
		<SimpleData name="ILCESI">Merkez</SimpleData>
		<SimpleData name="IST_KOT">1035</SimpleData>
		<SimpleData name="DURUMU">A</SimpleData>
		<SimpleData name="IST_AC">1963/08/01 00:00:00</SimpleData>
		<SimpleData name="P25_PNO">K25-b4</SimpleData>
		<SimpleData name="CKS_BOYLAM">30:46:58,9</SimpleData>
		<SimpleData name="CKS_ENLEM">38:47:19,9</SimpleData>
		<SimpleData name="UTM_ZONE">36</SimpleData>
		<SimpleData name="UTMY">0</SimpleData>
		<SimpleData name="UTMX">0</SimpleData>
		<SimpleData name="COORH_X">720173</SimpleData>
	</SchemaData></ExtendedData>
      <Point><coordinates>30.7823965417225,38.7875987586136</coordinates></Point>
  </Placemark>
  <Placemark id="cikti_dsimgi.353">
	<ExtendedData><SchemaData schemaUrl="#cikti_dsimgi">
		<SimpleData name="OBJECTID">353</SimpleData>
		<SimpleData name="HAVZA_NO">11</SimpleData>
		<SimpleData name="IST_NO">11-002</SimpleData>
		<SimpleData name="IST_AD">Koçbeyli (Sevikli)</SimpleData>
		<SimpleData name="IST_TIP">MGI</SimpleData>
		<SimpleData name="BOLGE_NO">18</SimpleData>
		<SimpleData name="RASAT_TIP">YB</SimpleData>
		<SimpleData name="ILI">Afyon</SimpleData>
		<SimpleData name="ILCESI">Çay</SimpleData>
		<SimpleData name="IST_KOT">1085</SimpleData>
		<SimpleData name="DURUMU">A</SimpleData>
		<SimpleData name="IST_AC">1965/08/18 00:00:00</SimpleData>
		<SimpleData name="P25_PNO">L25-b2</SimpleData>
		<SimpleData name="CKS_BOYLAM">30:54:48,6</SimpleData>
		<SimpleData name="CKS_ENLEM">38:26:32,3</SimpleData>
		<SimpleData name="UTM_ZONE">36</SimpleData>
		<SimpleData name="UTMY">0</SimpleData>
		<SimpleData name="UTMX">0</SimpleData>
		<SimpleData name="COORH_X">730135.4375</SimpleData>
	</SchemaData></ExtendedData>
      <Point><coordinates>30.9129578146002,38.4412029051986</coordinates></Point>
  </Placemark>
  <Placemark id="cikti_dsimgi.354">
	<ExtendedData><SchemaData schemaUrl="#cikti_dsimgi">
		<SimpleData name="OBJECTID">354</SimpleData>
		<SimpleData name="HAVZA_NO">11</SimpleData>
		<SimpleData name="IST_NO">11-003</SimpleData>
		<SimpleData name="IST_AD">Karaadiller</SimpleData>
		<SimpleData name="IST_TIP">MGI</SimpleData>
		<SimpleData name="BOLGE_NO">18</SimpleData>
		<SimpleData name="RASAT_TIP">Y</SimpleData>
		<SimpleData name="ILI">Afyon</SimpleData>
		<SimpleData name="ILCESI">Suhut</SimpleData>
		<SimpleData name="IST_KOT">1090</SimpleData>
		<SimpleData name="DURUMU">K</SimpleData>
		<SimpleData name="IST_AC">1963/08/10 00:00:00</SimpleData>
		<SimpleData name="IST_KAP">1972/08/23 00:00:00</SimpleData>
		<SimpleData name="CKS_BOYLAM">30:39:00</SimpleData>
		<SimpleData name="CKS_ENLEM">38:19:00</SimpleData>
		<SimpleData name="UTM_ZONE">0</SimpleData>
		<SimpleData name="UTMY">0</SimpleData>
		<SimpleData name="UTMX">0</SimpleData>
		<SimpleData name="COORH_X">706577.625</SimpleData>
	</SchemaData></ExtendedData>
      <Point><coordinates>30.6496188184728,38.3156435124596</coordinates></Point>
  </Placemark>
  <Placemark id="cikti_dsimgi.355">
	<ExtendedData><SchemaData schemaUrl="#cikti_dsimgi">
		<SimpleData name="OBJECTID">355</SimpleData>
		<SimpleData name="HAVZA_NO">11</SimpleData>
		<SimpleData name="IST_NO">11-004</SimpleData>
		<SimpleData name="IST_AD">Selevir baraji</SimpleData>
		<SimpleData name="IST_TIP">MGI</SimpleData>
		<SimpleData name="BOLGE_NO">18</SimpleData>
		<SimpleData name="RASAT_TIP">YB</SimpleData>
		<SimpleData name="ILI">Afyon</SimpleData>
		<SimpleData name="ILCESI">Çay</SimpleData>
		<SimpleData name="IST_KOT">1130</SimpleData>
		<SimpleData name="DURUMU">K</SimpleData>
		<SimpleData name="IST_AC">1965/11/08 00:00:00</SimpleData>
		<SimpleData name="IST_KAP">1996/04/01 00:00:00</SimpleData>
		<SimpleData name="P25_PNO">K25-d3</SimpleData>
		<SimpleData name="CKS_BOYLAM">30:42:47,9</SimpleData>
		<SimpleData name="CKS_ENLEM">38:31:04,2</SimpleData>
		<SimpleData name="UTM_ZONE">36</SimpleData>
		<SimpleData name="UTMY">0</SimpleData>
		<SimpleData name="UTMX">0</SimpleData>
		<SimpleData name="COORH_X">712956.125</SimpleData>
	</SchemaData></ExtendedData>
      <Point><coordinates>30.7126745057707,38.51675921085</coordinates></Point>
  </Placemark>
  <Placemark id="cikti_dsimgi.356">
	<ExtendedData><SchemaData schemaUrl="#cikti_dsimgi">
		<SimpleData name="OBJECTID">356</SimpleData>
		<SimpleData name="HAVZA_NO">11</SimpleData>
		<SimpleData name="IST_NO">11-005</SimpleData>
		<SimpleData name="IST_AD">Seydiler</SimpleData>
		<SimpleData name="IST_TIP">MGI</SimpleData>
		<SimpleData name="BOLGE_NO">18</SimpleData>
		<SimpleData name="RASAT_TIP">Y</SimpleData>
		<SimpleData name="ILI">Afyon</SimpleData>
		<SimpleData name="ILCESI">Merkez</SimpleData>
		<SimpleData name="IST_KOT">1125</SimpleData>
		<SimpleData name="DURUMU">A</SimpleData>
		<SimpleData name="IST_AC">1966/08/27 00:00:00</SimpleData>
		<SimpleData name="P25_PNO">K25-b1</SimpleData>
		<SimpleData name="CKS_BOYLAM">30:49:59,8</SimpleData>
		<SimpleData name="CKS_ENLEM">38:53:23,0</SimpleData>
		<SimpleData name="UTM_ZONE">36</SimpleData>
		<SimpleData name="UTMY">0</SimpleData>
		<SimpleData name="UTMX">0</SimpleData>
		<SimpleData name="COORH_X">724959.6875</SimpleData>
	</SchemaData></ExtendedData>
      <Point><coordinates>30.8326748657431,38.8887123036408</coordinates></Point>
  </Placemark>
  <Placemark id="cikti_dsimgi.357">
	<ExtendedData><SchemaData schemaUrl="#cikti_dsimgi">
		<SimpleData name="OBJECTID">357</SimpleData>
		<SimpleData name="HAVZA_NO">11</SimpleData>
		<SimpleData name="IST_NO">11-006</SimpleData>
		<SimpleData name="IST_AD">Bozhöyük</SimpleData>
		<SimpleData name="IST_TIP">MGI</SimpleData>
		<SimpleData name="BOLGE_NO">18</SimpleData>
		<SimpleData name="RASAT_TIP">YB</SimpleData>
		<SimpleData name="ILI">Afyon</SimpleData>
		<SimpleData name="ILCESI">Ihsaniye</SimpleData>
		<SimpleData name="IST_KOT">1145</SimpleData>
		<SimpleData name="DURUMU">K</SimpleData>
		<SimpleData name="IST_AC">1966/09/01 00:00:00</SimpleData>
		<SimpleData name="IST_KAP">1997/01/01 00:00:00</SimpleData>
		<SimpleData name="P25_PNO">K25-a1</SimpleData>
		<SimpleData name="CKS_BOYLAM">30:34:34,9</SimpleData>
		<SimpleData name="CKS_ENLEM">38:57:33,4</SimpleData>
		<SimpleData name="UTM_ZONE">36</SimpleData>
		<SimpleData name="UTMY">0</SimpleData>
		<SimpleData name="UTMX">0</SimpleData>
		<SimpleData name="COORH_X">702964.75</SimpleData>
	</SchemaData></ExtendedData>
      <Point><coordinates>30.5757234915128,38.9581571578992</coordinates></Point>
  </Placemark>
  <Placemark id="cikti_dsimgi.358">
	<ExtendedData><SchemaData schemaUrl="#cikti_dsimgi">
		<SimpleData name="OBJECTID">358</SimpleData>
		<SimpleData name="HAVZA_NO">11</SimpleData>
		<SimpleData name="IST_NO">11-007</SimpleData>
		<SimpleData name="IST_AD">Cankurtaran</SimpleData>
		<SimpleData name="IST_TIP">MGI</SimpleData>
		<SimpleData name="BOLGE_NO">18</SimpleData>
		<SimpleData name="RASAT_TIP">YB</SimpleData>
		<SimpleData name="ILI">Konya</SimpleData>
		<SimpleData name="ILCESI">Aksehir</SimpleData>
		<SimpleData name="IST_KOT">1300</SimpleData>
		<SimpleData name="DURUMU">A</SimpleData>
		<SimpleData name="IST_AC">1970/07/06 00:00:00</SimpleData>
		<SimpleData name="P25_PNO">L26-b3</SimpleData>
		<SimpleData name="CKS_BOYLAM">31:24:12,7</SimpleData>
		<SimpleData name="CKS_ENLEM">38:16:10,9</SimpleData>
		<SimpleData name="UTM_ZONE">36</SimpleData>
		<SimpleData name="UTMY">0</SimpleData>
		<SimpleData name="UTMX">0</SimpleData>
		<SimpleData name="COORH_X">772378.75</SimpleData>
	</SchemaData></ExtendedData>
      <Point><coordinates>31.4029711868312,38.2684235062136</coordinates></Point>
  </Placemark>
  <Placemark id="cikti_dsimgi.359">
	<ExtendedData><SchemaData schemaUrl="#cikti_dsimgi">
		<SimpleData name="OBJECTID">359</SimpleData>
		<SimpleData name="HAVZA_NO">11</SimpleData>
		<SimpleData name="IST_NO">11-008</SimpleData>
		<SimpleData name="IST_AD">Kulak</SimpleData>
		<SimpleData name="IST_TIP">MGI</SimpleData>
		<SimpleData name="BOLGE_NO">18</SimpleData>
		<SimpleData name="RASAT_TIP">Y</SimpleData>
		<SimpleData name="ILI">Afyon</SimpleData>
		<SimpleData name="ILCESI">Suhut</SimpleData>
		<SimpleData name="IST_KOT">1300</SimpleData>
		<SimpleData name="DURUMU">K</SimpleData>
		<SimpleData name="IST_AC">1967/09/01 00:00:00</SimpleData>
		<SimpleData name="IST_KAP">1990/03/14 00:00:00</SimpleData>
		<SimpleData name="P25_PNO">L25-a1</SimpleData>
		<SimpleData name="CKS_BOYLAM">30:35:18,7</SimpleData>
		<SimpleData name="CKS_ENLEM">38:22:46,8</SimpleData>
		<SimpleData name="UTM_ZONE">36</SimpleData>
		<SimpleData name="UTMY">0</SimpleData>
		<SimpleData name="UTMX">0</SimpleData>
		<SimpleData name="COORH_X">701457.25</SimpleData>
	</SchemaData></ExtendedData>
      <Point><coordinates>30.5879501597384,38.3784223506417</coordinates></Point>
  </Placemark>
  <Placemark id="cikti_dsimgi.360">
	<ExtendedData><SchemaData schemaUrl="#cikti_dsimgi">
		<SimpleData name="OBJECTID">360</SimpleData>
		<SimpleData name="HAVZA_NO">11</SimpleData>
		<SimpleData name="IST_NO">11-009</SimpleData>
		<SimpleData name="IST_AD">Maltepe</SimpleData>
		<SimpleData name="IST_TIP">MGI</SimpleData>
		<SimpleData name="BOLGE_NO">18</SimpleData>
		<SimpleData name="RASAT_TIP">YB</SimpleData>
		<SimpleData name="ILI">Afyon</SimpleData>
		<SimpleData name="ILCESI">Çay</SimpleData>
		<SimpleData name="IST_KOT">1000</SimpleData>
		<SimpleData name="DURUMU">K</SimpleData>
		<SimpleData name="IST_AC">1974/12/06 00:00:00</SimpleData>
		<SimpleData name="IST_KAP">1998/07/15 00:00:00</SimpleData>
		<SimpleData name="P25_PNO">K25-c3</SimpleData>
		<SimpleData name="CKS_BOYLAM">30:54:38,1</SimpleData>
		<SimpleData name="CKS_ENLEM">38:36:27,3</SimpleData>
		<SimpleData name="UTM_ZONE">36</SimpleData>
		<SimpleData name="UTMY">0</SimpleData>
		<SimpleData name="UTMX">0</SimpleData>
		<SimpleData name="COORH_X">730555.625</SimpleData>
	</SchemaData></ExtendedData>
      <Point><coordinates>30.9101788178482,38.6064842463531</coordinates></Point>
  </Placemark>
  <Placemark id="cikti_dsimgi.361">
	<ExtendedData><SchemaData schemaUrl="#cikti_dsimgi">
		<SimpleData name="OBJECTID">361</SimpleData>
		<SimpleData name="HAVZA_NO">11</SimpleData>
		<SimpleData name="IST_NO">11-010</SimpleData>
		<SimpleData name="IST_AD">Üçkuyu</SimpleData>
		<SimpleData name="IST_TIP">MGI</SimpleData>
		<SimpleData name="BOLGE_NO">18</SimpleData>
		<SimpleData name="RASAT_TIP">YB</SimpleData>
		<SimpleData name="ILI">Afyon</SimpleData>
		<SimpleData name="ILCESI">Sultandag</SimpleData>
		<SimpleData name="IST_KOT">960</SimpleData>
		<SimpleData name="DURUMU">A</SimpleData>
		<SimpleData name="IST_AC">1970/06/08 00:00:00</SimpleData>
		<SimpleData name="CKS_BOYLAM">31:27:00</SimpleData>
		<SimpleData name="CKS_ENLEM">38:39:00</SimpleData>
		<SimpleData name="UTM_ZONE">36</SimpleData>
		<SimpleData name="UTMY">0</SimpleData>
		<SimpleData name="UTMX">0</SimpleData>
		<SimpleData name="COORH_X">777728.3125</SimpleData>
	</SchemaData></ExtendedData>
      <Point><coordinates>31.4496364186671,38.6489874848353</coordinates></Point>
  </Placemark>
  <Placemark id="cikti_dsimgi.362">
	<ExtendedData><SchemaData schemaUrl="#cikti_dsimgi">
		<SimpleData name="OBJECTID">362</SimpleData>
		<SimpleData name="HAVZA_NO">11</SimpleData>
		<SimpleData name="IST_NO">11-011</SimpleData>
		<SimpleData name="IST_AD">Tasköprü</SimpleData>
		<SimpleData name="IST_TIP">MGI</SimpleData>
		<SimpleData name="BOLGE_NO">18</SimpleData>
		<SimpleData name="RASAT_TIP">Y</SimpleData>
		<SimpleData name="ILI">Afyon</SimpleData>
		<SimpleData name="ILCESI">Sultandagi</SimpleData>
		<SimpleData name="IST_KOT">1060</SimpleData>
		<SimpleData name="DURUMU">K</SimpleData>
		<SimpleData name="IST_AC">1970/06/08 00:00:00</SimpleData>
		<SimpleData name="IST_KAP">1979/10/01 00:00:00</SimpleData>
		<SimpleData name="P25_PNO">K26-c4</SimpleData>
		<SimpleData name="CKS_BOYLAM">31:17:30,4</SimpleData>
		<SimpleData name="CKS_ENLEM">38:35:00,2</SimpleData>
		<SimpleData name="UTM_ZONE">36</SimpleData>
		<SimpleData name="UTMY">0</SimpleData>
		<SimpleData name="UTMX">0</SimpleData>
		<SimpleData name="COORH_X">763697.1875</SimpleData>
	</SchemaData></ExtendedData>
      <Point><coordinates>31.2912996046267,38.5823186887766</coordinates></Point>
  </Placemark>
  <Placemark id="cikti_dsimgi.363">
	<ExtendedData><SchemaData schemaUrl="#cikti_dsimgi">
		<SimpleData name="OBJECTID">363</SimpleData>
		<SimpleData name="HAVZA_NO">11</SimpleData>
		<SimpleData name="IST_NO">11-012</SimpleData>
		<SimpleData name="IST_AD">Doganeber (Eberköyü)</SimpleData>
		<SimpleData name="IST_TIP">MGI</SimpleData>
		<SimpleData name="BOLGE_NO">18</SimpleData>
		<SimpleData name="RASAT_TIP">YB</SimpleData>
		<SimpleData name="ILI">Afyon</SimpleData>
		<SimpleData name="ILCESI">Sultandagi</SimpleData>
		<SimpleData name="IST_KOT">1010</SimpleData>
		<SimpleData name="DURUMU">A</SimpleData>
		<SimpleData name="IST_AC">1973/10/14 00:00:00</SimpleData>
		<SimpleData name="P25_PNO">K26-d3</SimpleData>
		<SimpleData name="CKS_BOYLAM">31:07:40,6</SimpleData>
		<SimpleData name="CKS_ENLEM">38:36:33,2</SimpleData>
		<SimpleData name="UTM_ZONE">36</SimpleData>
		<SimpleData name="UTMY">0</SimpleData>
		<SimpleData name="UTMX">0</SimpleData>
		<SimpleData name="COORH_X">749499.375</SimpleData>
	</SchemaData></ExtendedData>
      <Point><coordinates>31.1274064240525,38.6081519117368</coordinates></Point>
  </Placemark>
  <Placemark id="cikti_dsimgi.364">
	<ExtendedData><SchemaData schemaUrl="#cikti_dsimgi">
		<SimpleData name="OBJECTID">364</SimpleData>
		<SimpleData name="HAVZA_NO">12</SimpleData>
		<SimpleData name="IST_NO">12-002</SimpleData>
		<SimpleData name="IST_AD">Y.Karaviran</SimpleData>
		<SimpleData name="IST_TIP">MGI</SimpleData>
		<SimpleData name="BOLGE_NO">05</SimpleData>
		<SimpleData name="RASAT_TIP">Y</SimpleData>
		<SimpleData name="ILI">Ankara</SimpleData>
		<SimpleData name="ILCESI">Pazar</SimpleData>
		<SimpleData name="IST_KOT">1035</SimpleData>
		<SimpleData name="DURUMU">K</SimpleData>
		<SimpleData name="IST_AC">1960/10/11 00:00:00</SimpleData>
		<SimpleData name="IST_KAP">1965/10/01 00:00:00</SimpleData>
		<SimpleData name="CKS_BOYLAM">32:45:00</SimpleData>
		<SimpleData name="CKS_ENLEM">40:22:00</SimpleData>
		<SimpleData name="UTM_ZONE">36</SimpleData>
		<SimpleData name="UTMY">0</SimpleData>
		<SimpleData name="UTMX">0</SimpleData>
		<SimpleData name="COORH_X">893815.5625</SimpleData>
	</SchemaData></ExtendedData>
      <Point><coordinates>32.7496576188219,40.3656986687875</coordinates></Point>
  </Placemark>
  <Placemark id="cikti_dsimgi.365">
	<ExtendedData><SchemaData schemaUrl="#cikti_dsimgi">
		<SimpleData name="OBJECTID">365</SimpleData>
		<SimpleData name="HAVZA_NO">12</SimpleData>
		<SimpleData name="IST_NO">12-004</SimpleData>
		<SimpleData name="IST_AD">Selimiye</SimpleData>
		<SimpleData name="IST_TIP">MGI</SimpleData>
		<SimpleData name="BOLGE_NO">18</SimpleData>
		<SimpleData name="RASAT_TIP">Y</SimpleData>
		<SimpleData name="ILI">Afyon</SimpleData>
		<SimpleData name="ILCESI">Merkez</SimpleData>
		<SimpleData name="IST_KOT">1400</SimpleData>
		<SimpleData name="DURUMU">K</SimpleData>
		<SimpleData name="IST_AC">1969/08/01 00:00:00</SimpleData>
		<SimpleData name="IST_KAP">1972/10/23 00:00:00</SimpleData>
		<SimpleData name="CKS_BOYLAM">30:43:00</SimpleData>
		<SimpleData name="CKS_ENLEM">38:59:00</SimpleData>
		<SimpleData name="UTM_ZONE">36</SimpleData>
		<SimpleData name="UTMY">0</SimpleData>
		<SimpleData name="UTMX">0</SimpleData>
		<SimpleData name="COORH_X">715255.375</SimpleData>
	</SchemaData></ExtendedData>
      <Point><coordinates>30.7162824146678,38.9823249955683</coordinates></Point>
  </Placemark>
  <Placemark id="cikti_dsimgi.366">
	<ExtendedData><SchemaData schemaUrl="#cikti_dsimgi">
		<SimpleData name="OBJECTID">366</SimpleData>
		<SimpleData name="HAVZA_NO">12</SimpleData>
		<SimpleData name="IST_NO">12-005</SimpleData>
		<SimpleData name="IST_AD">Kutludügün</SimpleData>
		<SimpleData name="IST_TIP">MGI</SimpleData>
		<SimpleData name="BOLGE_NO">05</SimpleData>
		<SimpleData name="RASAT_TIP">Y</SimpleData>
		<SimpleData name="ILI">Ankara</SimpleData>
		<SimpleData name="ILCESI">Kutludügün</SimpleData>
		<SimpleData name="IST_KOT">1075</SimpleData>
		<SimpleData name="DURUMU">K</SimpleData>
		<SimpleData name="IST_AC">1960/04/07 00:00:00</SimpleData>
		<SimpleData name="IST_KAP">1965/10/28 00:00:00</SimpleData>
		<SimpleData name="CKS_BOYLAM">33:04:00</SimpleData>
		<SimpleData name="CKS_ENLEM">39:53:00</SimpleData>
		<SimpleData name="UTM_ZONE">36</SimpleData>
		<SimpleData name="UTMY">0</SimpleData>
		<SimpleData name="UTMX">0</SimpleData>
		<SimpleData name="COORH_X">920129.1875</SimpleData>
	</SchemaData></ExtendedData>
      <Point><coordinates>33.0663357677034,39.8823552402361</coordinates></Point>
  </Placemark>
  <Placemark id="cikti_dsimgi.367">
	<ExtendedData><SchemaData schemaUrl="#cikti_dsimgi">
		<SimpleData name="OBJECTID">367</SimpleData>
		<SimpleData name="HAVZA_NO">12</SimpleData>
		<SimpleData name="IST_NO">12-006</SimpleData>
		<SimpleData name="IST_AD">Çubuk-1 Baraji</SimpleData>
		<SimpleData name="IST_TIP">MGI</SimpleData>
		<SimpleData name="BOLGE_NO">05</SimpleData>
		<SimpleData name="RASAT_TIP">YB</SimpleData>
		<SimpleData name="ILI">Ankara</SimpleData>
		<SimpleData name="ILCESI">Altindag</SimpleData>
		<SimpleData name="IST_KOT">890</SimpleData>
		<SimpleData name="DURUMU">K</SimpleData>
		<SimpleData name="IST_AC">1959/01/01 00:00:00</SimpleData>
		<SimpleData name="IST_KAP">1993/07/01 00:00:00</SimpleData>
		<SimpleData name="CKS_BOYLAM">32:57:00</SimpleData>
		<SimpleData name="CKS_ENLEM">40:01:00</SimpleData>
		<SimpleData name="UTM_ZONE">36</SimpleData>
		<SimpleData name="UTMY">0</SimpleData>
		<SimpleData name="UTMX">0</SimpleData>
		<SimpleData name="COORH_X">910327.4375</SimpleData>
	</SchemaData></ExtendedData>
      <Point><coordinates>32.9496651724937,40.0156912288899</coordinates></Point>
  </Placemark>
  <Placemark id="cikti_dsimgi.368">
	<ExtendedData><SchemaData schemaUrl="#cikti_dsimgi">
		<SimpleData name="OBJECTID">368</SimpleData>
		<SimpleData name="HAVZA_NO">12</SimpleData>
		<SimpleData name="IST_NO">12-007</SimpleData>
		<SimpleData name="IST_AD">Gölbasi</SimpleData>
		<SimpleData name="IST_TIP">MGI</SimpleData>
		<SimpleData name="BOLGE_NO">05</SimpleData>
		<SimpleData name="RASAT_TIP">YB</SimpleData>
		<SimpleData name="ILI">Ankara</SimpleData>
		<SimpleData name="ILCESI">Gölbasi</SimpleData>
		<SimpleData name="IST_KOT">940</SimpleData>
		<SimpleData name="DURUMU">K</SimpleData>
		<SimpleData name="IST_AC">1960/08/01 00:00:00</SimpleData>
		<SimpleData name="IST_KAP">1967/08/31 00:00:00</SimpleData>
		<SimpleData name="CKS_BOYLAM">32:49:00</SimpleData>
		<SimpleData name="CKS_ENLEM">39:47:00</SimpleData>
		<SimpleData name="UTM_ZONE">36</SimpleData>
		<SimpleData name="UTMY">0</SimpleData>
		<SimpleData name="UTMX">0</SimpleData>
		<SimpleData name="COORH_X">898582.875</SimpleData>
	</SchemaData></ExtendedData>
      <Point><coordinates>32.8163299883655,39.7823519223652</coordinates></Point>
  </Placemark>
  <Placemark id="cikti_dsimgi.369">
	<ExtendedData><SchemaData schemaUrl="#cikti_dsimgi">
		<SimpleData name="OBJECTID">369</SimpleData>
		<SimpleData name="HAVZA_NO">12</SimpleData>
		<SimpleData name="IST_NO">12-008</SimpleData>
		<SimpleData name="IST_AD">Çaga</SimpleData>
		<SimpleData name="IST_TIP">MGI</SimpleData>
		<SimpleData name="BOLGE_NO">05</SimpleData>
		<SimpleData name="RASAT_TIP">YB</SimpleData>
		<SimpleData name="ILI">Ankara</SimpleData>
		<SimpleData name="ILCESI">Güdül</SimpleData>
		<SimpleData name="IST_KOT">835</SimpleData>
		<SimpleData name="DURUMU">K</SimpleData>
		<SimpleData name="IST_AC">1960/05/24 00:00:00</SimpleData>
		<SimpleData name="IST_KAP">1972/12/01 00:00:00</SimpleData>
		<SimpleData name="CKS_BOYLAM">32:14:00</SimpleData>
		<SimpleData name="CKS_ENLEM">40:07:00</SimpleData>
		<SimpleData name="UTM_ZONE">36</SimpleData>
		<SimpleData name="UTMY">0</SimpleData>
		<SimpleData name="UTMX">0</SimpleData>
		<SimpleData name="COORH_X">849358.375</SimpleData>
	</SchemaData></ExtendedData>
      <Point><coordinates>32.2329794159926,40.1156906247789</coordinates></Point>
  </Placemark>
  <Placemark id="cikti_dsimgi.370">
	<ExtendedData><SchemaData schemaUrl="#cikti_dsimgi">
		<SimpleData name="OBJECTID">370</SimpleData>
		<SimpleData name="HAVZA_NO">12</SimpleData>
		<SimpleData name="IST_NO">12-013</SimpleData>
		<SimpleData name="IST_AD">Çubuk-2 Baraji</SimpleData>
		<SimpleData name="IST_TIP">MGI</SimpleData>
		<SimpleData name="BOLGE_NO">05</SimpleData>
		<SimpleData name="RASAT_TIP">YB</SimpleData>
		<SimpleData name="ILI">Ankara</SimpleData>
		<SimpleData name="ILCESI">Çubuk</SimpleData>
		<SimpleData name="IST_KOT">1005</SimpleData>
		<SimpleData name="DURUMU">K</SimpleData>
		<SimpleData name="IST_AC">1964/09/01 00:00:00</SimpleData>
		<SimpleData name="IST_KAP">1989/10/01 00:00:00</SimpleData>
		<SimpleData name="CKS_BOYLAM">33:03:00</SimpleData>
		<SimpleData name="CKS_ENLEM">40:16:00</SimpleData>
		<SimpleData name="UTM_ZONE">36</SimpleData>
		<SimpleData name="UTMY">0</SimpleData>
		<SimpleData name="UTMX">0</SimpleData>
		<SimpleData name="COORH_X">919175.375</SimpleData>
	</SchemaData></ExtendedData>
      <Point><coordinates>33.049666062482,40.265697511762</coordinates></Point>
  </Placemark>
  <Placemark id="cikti_dsimgi.371">
	<ExtendedData><SchemaData schemaUrl="#cikti_dsimgi">
		<SimpleData name="OBJECTID">371</SimpleData>
		<SimpleData name="HAVZA_NO">12</SimpleData>
		<SimpleData name="IST_NO">12-015</SimpleData>
		<SimpleData name="IST_AD">Sülüklü</SimpleData>
		<SimpleData name="IST_TIP">MGI</SimpleData>
		<SimpleData name="BOLGE_NO">04</SimpleData>
		<SimpleData name="RASAT_TIP">Y</SimpleData>
		<SimpleData name="ILI">Konya</SimpleData>
		<SimpleData name="ILCESI">Cihanbeyli</SimpleData>
		<SimpleData name="IST_KOT">1050</SimpleData>
		<SimpleData name="DURUMU">A</SimpleData>
		<SimpleData name="IST_AC">1964/12/01 00:00:00</SimpleData>
		<SimpleData name="P25_PNO">K28-b1</SimpleData>
		<SimpleData name="CKS_BOYLAM">32:20:21</SimpleData>
		<SimpleData name="CKS_ENLEM">36:52:37</SimpleData>
		<SimpleData name="UTM_ZONE">36</SimpleData>
		<SimpleData name="UTMY">0</SimpleData>
		<SimpleData name="UTMX">0</SimpleData>
		<SimpleData name="COORH_X">851393.9375</SimpleData>
	</SchemaData></ExtendedData>
      <Point><coordinates>32.3388365501227,36.8758983813945</coordinates></Point>
  </Placemark>
  <Placemark id="cikti_dsimgi.372">
	<ExtendedData><SchemaData schemaUrl="#cikti_dsimgi">
		<SimpleData name="OBJECTID">372</SimpleData>
		<SimpleData name="HAVZA_NO">12</SimpleData>
		<SimpleData name="IST_NO">12-021</SimpleData>
		<SimpleData name="IST_AD">Gümüsyayla</SimpleData>
		<SimpleData name="IST_TIP">MGI</SimpleData>
		<SimpleData name="BOLGE_NO">05</SimpleData>
		<SimpleData name="RASAT_TIP">Y</SimpleData>
		<SimpleData name="ILI">Ankara</SimpleData>
		<SimpleData name="ILCESI">Çubuk</SimpleData>
		<SimpleData name="IST_KOT">1320</SimpleData>
		<SimpleData name="DURUMU">K</SimpleData>
		<SimpleData name="IST_AC">1965/08/03 00:00:00</SimpleData>
		<SimpleData name="IST_KAP">1975/04/04 00:00:00</SimpleData>
		<SimpleData name="CKS_BOYLAM">32:55:00</SimpleData>
		<SimpleData name="CKS_ENLEM">40:12:00</SimpleData>
		<SimpleData name="UTM_ZONE">36</SimpleData>
		<SimpleData name="UTMY">0</SimpleData>
		<SimpleData name="UTMX">0</SimpleData>
		<SimpleData name="COORH_X">907738.4375</SimpleData>
	</SchemaData></ExtendedData>
      <Point><coordinates>32.9163297600407,40.1990287410943</coordinates></Point>
  </Placemark>
  <Placemark id="cikti_dsimgi.373">
	<ExtendedData><SchemaData schemaUrl="#cikti_dsimgi">
		<SimpleData name="OBJECTID">373</SimpleData>
		<SimpleData name="HAVZA_NO">12</SimpleData>
		<SimpleData name="IST_NO">12-025</SimpleData>
		<SimpleData name="IST_AD">Hasanoglan</SimpleData>
		<SimpleData name="IST_TIP">MGI</SimpleData>
		<SimpleData name="BOLGE_NO">05</SimpleData>
		<SimpleData name="RASAT_TIP">YB</SimpleData>
		<SimpleData name="ILI">Ankara</SimpleData>
		<SimpleData name="ILCESI">Elmadag</SimpleData>
		<SimpleData name="IST_KOT">1170</SimpleData>
		<SimpleData name="DURUMU">K</SimpleData>
		<SimpleData name="IST_AC">1960/04/24 00:00:00</SimpleData>
		<SimpleData name="IST_KAP">1994/08/01 00:00:00</SimpleData>
		<SimpleData name="CKS_BOYLAM">33:13:00</SimpleData>
		<SimpleData name="CKS_ENLEM">40:00:00</SimpleData>
		<SimpleData name="UTM_ZONE">36</SimpleData>
		<SimpleData name="UTMY">0</SimpleData>
		<SimpleData name="UTMX">0</SimpleData>
		<SimpleData name="COORH_X">933083.75</SimpleData>
	</SchemaData></ExtendedData>
      <Point><coordinates>33.2163388253908,39.9990252429474</coordinates></Point>
  </Placemark>
  <Placemark id="cikti_dsimgi.374">
	<ExtendedData><SchemaData schemaUrl="#cikti_dsimgi">
		<SimpleData name="OBJECTID">374</SimpleData>
		<SimpleData name="HAVZA_NO">12</SimpleData>
		<SimpleData name="IST_NO">12-026</SimpleData>
		<SimpleData name="IST_AD">Odabasi</SimpleData>
		<SimpleData name="IST_TIP">MGI</SimpleData>
		<SimpleData name="BOLGE_NO">05</SimpleData>
		<SimpleData name="RASAT_TIP">Y</SimpleData>
		<SimpleData name="ILI">Ankara</SimpleData>
		<SimpleData name="ILCESI">Yok</SimpleData>
		<SimpleData name="IST_KOT">1200</SimpleData>
		<SimpleData name="DURUMU">K</SimpleData>
		<SimpleData name="IST_AC">1960/04/19 00:00:00</SimpleData>
		<SimpleData name="IST_KAP">1975/05/27 00:00:00</SimpleData>
		<SimpleData name="CKS_BOYLAM">33:08:00</SimpleData>
		<SimpleData name="CKS_ENLEM">39:55:00</SimpleData>
		<SimpleData name="UTM_ZONE">36</SimpleData>
		<SimpleData name="UTMY">0</SimpleData>
		<SimpleData name="UTMX">0</SimpleData>
		<SimpleData name="COORH_X">925871.5</SimpleData>
	</SchemaData></ExtendedData>
      <Point><coordinates>33.1330039034507,39.9156896127411</coordinates></Point>
  </Placemark>
  <Placemark id="cikti_dsimgi.375">
	<ExtendedData><SchemaData schemaUrl="#cikti_dsimgi">
		<SimpleData name="OBJECTID">375</SimpleData>
		<SimpleData name="HAVZA_NO">12</SimpleData>
		<SimpleData name="IST_NO">12-027</SimpleData>
		<SimpleData name="IST_AD">Yakupaptal</SimpleData>
		<SimpleData name="IST_TIP">MGI</SimpleData>
		<SimpleData name="BOLGE_NO">05</SimpleData>
		<SimpleData name="RASAT_TIP">Y</SimpleData>
		<SimpleData name="ILI">Ankara</SimpleData>
		<SimpleData name="ILCESI">Çankaya</SimpleData>
		<SimpleData name="IST_KOT">1365</SimpleData>
		<SimpleData name="DURUMU">K</SimpleData>
		<SimpleData name="IST_AC">1960/04/12 00:00:00</SimpleData>
		<SimpleData name="IST_KAP">1972/12/31 00:00:00</SimpleData>
		<SimpleData name="CKS_BOYLAM">32:58:00</SimpleData>
		<SimpleData name="CKS_ENLEM">39:50:00</SimpleData>
		<SimpleData name="UTM_ZONE">36</SimpleData>
		<SimpleData name="UTMY">0</SimpleData>
		<SimpleData name="UTMX">0</SimpleData>
		<SimpleData name="COORH_X">911504.9375</SimpleData>
	</SchemaData></ExtendedData>
      <Point><coordinates>32.9663335062572,39.8323536965969</coordinates></Point>
  </Placemark>
  <Placemark id="cikti_dsimgi.376">
	<ExtendedData><SchemaData schemaUrl="#cikti_dsimgi">
		<SimpleData name="OBJECTID">376</SimpleData>
		<SimpleData name="HAVZA_NO">12</SimpleData>
		<SimpleData name="IST_NO">12-028</SimpleData>
		<SimpleData name="IST_AD">Kavakli</SimpleData>
		<SimpleData name="IST_TIP">MGI</SimpleData>
		<SimpleData name="BOLGE_NO">05</SimpleData>
		<SimpleData name="RASAT_TIP">Y</SimpleData>
		<SimpleData name="ILI">Ankara</SimpleData>
		<SimpleData name="ILCESI">Altindag</SimpleData>
		<SimpleData name="IST_KOT">1150</SimpleData>
		<SimpleData name="DURUMU">K</SimpleData>
		<SimpleData name="IST_AC">1960/04/15 00:00:00</SimpleData>
		<SimpleData name="IST_KAP">1975/03/31 00:00:00</SimpleData>
		<SimpleData name="CKS_BOYLAM">33:05:00</SimpleData>
		<SimpleData name="CKS_ENLEM">40:04:00</SimpleData>
		<SimpleData name="UTM_ZONE">36</SimpleData>
		<SimpleData name="UTMY">0</SimpleData>
		<SimpleData name="UTMX">0</SimpleData>
		<SimpleData name="COORH_X">921773.375</SimpleData>
	</SchemaData></ExtendedData>
      <Point><coordinates>33.0830016344039,40.0656929172047</coordinates></Point>
  </Placemark>
  <Placemark id="cikti_dsimgi.377">
	<ExtendedData><SchemaData schemaUrl="#cikti_dsimgi">
		<SimpleData name="OBJECTID">377</SimpleData>
		<SimpleData name="HAVZA_NO">12</SimpleData>
		<SimpleData name="IST_NO">12-029</SimpleData>
		<SimpleData name="IST_AD">Kizilcaköy</SimpleData>
		<SimpleData name="IST_TIP">MGI</SimpleData>
		<SimpleData name="BOLGE_NO">05</SimpleData>
		<SimpleData name="RASAT_TIP">Y</SimpleData>
		<SimpleData name="ILI">Kirikkale</SimpleData>
		<SimpleData name="ILCESI">Merkez</SimpleData>
		<SimpleData name="IST_KOT">1040</SimpleData>
		<SimpleData name="DURUMU">K</SimpleData>
		<SimpleData name="IST_AC">1960/04/06 00:00:00</SimpleData>
		<SimpleData name="IST_KAP">1971/05/13 00:00:00</SimpleData>
		<SimpleData name="CKS_BOYLAM">33:02:00</SimpleData>
		<SimpleData name="CKS_ENLEM">39:56:00</SimpleData>
		<SimpleData name="UTM_ZONE">36</SimpleData>
		<SimpleData name="UTMY">0</SimpleData>
		<SimpleData name="UTMX">0</SimpleData>
		<SimpleData name="COORH_X">917339.4375</SimpleData>
	</SchemaData></ExtendedData>
      <Point><coordinates>33.0330012213144,39.9323562822749</coordinates></Point>
  </Placemark>
  <Placemark id="cikti_dsimgi.378">
	<ExtendedData><SchemaData schemaUrl="#cikti_dsimgi">
		<SimpleData name="OBJECTID">378</SimpleData>
		<SimpleData name="HAVZA_NO">12</SimpleData>
		<SimpleData name="IST_NO">12-030</SimpleData>
		<SimpleData name="IST_AD">Bayindir Baraji</SimpleData>
		<SimpleData name="IST_TIP">MGI</SimpleData>
		<SimpleData name="BOLGE_NO">05</SimpleData>
		<SimpleData name="RASAT_TIP">Y</SimpleData>
		<SimpleData name="ILI">Ankara</SimpleData>
		<SimpleData name="ILCESI">Mamak</SimpleData>
		<SimpleData name="IST_KOT">890</SimpleData>
		<SimpleData name="DURUMU">K</SimpleData>
		<SimpleData name="IST_AC">1965/11/03 00:00:00</SimpleData>
		<SimpleData name="IST_KAP">1994/08/01 00:00:00</SimpleData>
		<SimpleData name="CKS_BOYLAM">33:00:00</SimpleData>
		<SimpleData name="CKS_ENLEM">39:55:00</SimpleData>
		<SimpleData name="UTM_ZONE">36</SimpleData>
		<SimpleData name="UTMY">0</SimpleData>
		<SimpleData name="UTMX">0</SimpleData>
		<SimpleData name="COORH_X">914467.625</SimpleData>
	</SchemaData></ExtendedData>
      <Point><coordinates>32.9996671525622,39.9156890762133</coordinates></Point>
  </Placemark>
  <Placemark id="cikti_dsimgi.379">
	<ExtendedData><SchemaData schemaUrl="#cikti_dsimgi">
		<SimpleData name="OBJECTID">379</SimpleData>
		<SimpleData name="HAVZA_NO">12</SimpleData>
		<SimpleData name="IST_NO">12-031</SimpleData>
		<SimpleData name="IST_AD">Karacaviran</SimpleData>
		<SimpleData name="IST_TIP">MGI</SimpleData>
		<SimpleData name="BOLGE_NO">05</SimpleData>
		<SimpleData name="RASAT_TIP">Y</SimpleData>
		<SimpleData name="ILI">Ankara</SimpleData>
		<SimpleData name="ILCESI">Pursaklar</SimpleData>
		<SimpleData name="IST_KOT">1120</SimpleData>
		<SimpleData name="DURUMU">K</SimpleData>
		<SimpleData name="IST_AC">1960/06/22 00:00:00</SimpleData>
		<SimpleData name="IST_KAP">1971/06/01 00:00:00</SimpleData>
		<SimpleData name="CKS_BOYLAM">32:57:00</SimpleData>
		<SimpleData name="CKS_ENLEM">40:03:00</SimpleData>
		<SimpleData name="UTM_ZONE">36</SimpleData>
		<SimpleData name="UTMY">0</SimpleData>
		<SimpleData name="UTMX">0</SimpleData>
		<SimpleData name="COORH_X">910372.8125</SimpleData>
	</SchemaData></ExtendedData>
      <Point><coordinates>32.9496649469907,40.0490253448386</coordinates></Point>
  </Placemark>
  <Placemark id="cikti_dsimgi.380">
	<ExtendedData><SchemaData schemaUrl="#cikti_dsimgi">
		<SimpleData name="OBJECTID">380</SimpleData>
		<SimpleData name="HAVZA_NO">12</SimpleData>
		<SimpleData name="IST_NO">12-032</SimpleData>
		<SimpleData name="IST_AD">Mamak</SimpleData>
		<SimpleData name="IST_TIP">MGI</SimpleData>
		<SimpleData name="BOLGE_NO">05</SimpleData>
		<SimpleData name="RASAT_TIP">Y</SimpleData>
		<SimpleData name="ILI">Ankara</SimpleData>
		<SimpleData name="ILCESI">Mamak</SimpleData>
		<SimpleData name="IST_KOT">910</SimpleData>
		<SimpleData name="DURUMU">K</SimpleData>
		<SimpleData name="IST_AC">1960/10/18 00:00:00</SimpleData>
		<SimpleData name="IST_KAP">1971/05/14 00:00:00</SimpleData>
		<SimpleData name="CKS_BOYLAM">32:56:00</SimpleData>
		<SimpleData name="CKS_ENLEM">39:56:00</SimpleData>
		<SimpleData name="UTM_ZONE">36</SimpleData>
		<SimpleData name="UTMY">0</SimpleData>
		<SimpleData name="UTMX">0</SimpleData>
		<SimpleData name="COORH_X">908788.8125</SimpleData>
	</SchemaData></ExtendedData>
      <Point><coordinates>32.9329986752073,39.9323558656709</coordinates></Point>
  </Placemark>
  <Placemark id="cikti_dsimgi.381">
	<ExtendedData><SchemaData schemaUrl="#cikti_dsimgi">
		<SimpleData name="OBJECTID">381</SimpleData>
		<SimpleData name="HAVZA_NO">12</SimpleData>
		<SimpleData name="IST_NO">12-033</SimpleData>
		<SimpleData name="IST_AD">Kibrisköyü</SimpleData>
		<SimpleData name="IST_TIP">MGI</SimpleData>
		<SimpleData name="BOLGE_NO">05</SimpleData>
		<SimpleData name="RASAT_TIP">Y</SimpleData>
		<SimpleData name="ILI">Ankara</SimpleData>
		<SimpleData name="ILCESI">Mamak</SimpleData>
		<SimpleData name="IST_KOT">1090</SimpleData>
		<SimpleData name="DURUMU">K</SimpleData>
		<SimpleData name="IST_AC">1960/11/01 00:00:00</SimpleData>
		<SimpleData name="IST_KAP">1972/12/31 00:00:00</SimpleData>
		<SimpleData name="CKS_BOYLAM">33:02:00</SimpleData>
		<SimpleData name="CKS_ENLEM">39:52:00</SimpleData>
		<SimpleData name="UTM_ZONE">36</SimpleData>
		<SimpleData name="UTMY">0</SimpleData>
		<SimpleData name="UTMX">0</SimpleData>
		<SimpleData name="COORH_X">917255.875</SimpleData>
	</SchemaData></ExtendedData>
      <Point><coordinates>33.0330016550541,39.865688048144</coordinates></Point>
  </Placemark>
  <Placemark id="cikti_dsimgi.382">
	<ExtendedData><SchemaData schemaUrl="#cikti_dsimgi">
		<SimpleData name="OBJECTID">382</SimpleData>
		<SimpleData name="HAVZA_NO">12</SimpleData>
		<SimpleData name="IST_NO">12-034</SimpleData>
		<SimpleData name="IST_AD">Karapürçek</SimpleData>
		<SimpleData name="IST_TIP">MGI</SimpleData>
		<SimpleData name="BOLGE_NO">05</SimpleData>
		<SimpleData name="RASAT_TIP">Y</SimpleData>
		<SimpleData name="ILI">Ankara</SimpleData>
		<SimpleData name="ILCESI">Karapürçek</SimpleData>
		<SimpleData name="IST_KOT">1060</SimpleData>
		<SimpleData name="DURUMU">K</SimpleData>
		<SimpleData name="IST_AC">1960/10/24 00:00:00</SimpleData>
		<SimpleData name="IST_KAP">1972/12/01 00:00:00</SimpleData>
		<SimpleData name="CKS_BOYLAM">33:00:00</SimpleData>
		<SimpleData name="CKS_ENLEM">39:59:00</SimpleData>
		<SimpleData name="UTM_ZONE">36</SimpleData>
		<SimpleData name="UTMY">0</SimpleData>
		<SimpleData name="UTMX">0</SimpleData>
		<SimpleData name="COORH_X">914554.0625</SimpleData>
	</SchemaData></ExtendedData>
      <Point><coordinates>32.9996666999138,39.9823573333072</coordinates></Point>
  </Placemark>
  <Placemark id="cikti_dsimgi.383">
	<ExtendedData><SchemaData schemaUrl="#cikti_dsimgi">
		<SimpleData name="OBJECTID">383</SimpleData>
		<SimpleData name="HAVZA_NO">12</SimpleData>
		<SimpleData name="IST_NO">12-035</SimpleData>
		<SimpleData name="IST_AD">Nenek</SimpleData>
		<SimpleData name="IST_TIP">MGI</SimpleData>
		<SimpleData name="BOLGE_NO">05</SimpleData>
		<SimpleData name="RASAT_TIP">Y</SimpleData>
		<SimpleData name="ILI">Ankara</SimpleData>
		<SimpleData name="ILCESI">Mamak</SimpleData>
		<SimpleData name="IST_KOT">1065</SimpleData>
		<SimpleData name="DURUMU">K</SimpleData>
		<SimpleData name="IST_AC">1960/10/19 00:00:00</SimpleData>
		<SimpleData name="IST_KAP">1971/03/09 00:00:00</SimpleData>
		<SimpleData name="CKS_BOYLAM">33:04:00</SimpleData>
		<SimpleData name="CKS_ENLEM">39:58:00</SimpleData>
		<SimpleData name="UTM_ZONE">36</SimpleData>
		<SimpleData name="UTMY">0</SimpleData>
		<SimpleData name="UTMX">0</SimpleData>
		<SimpleData name="COORH_X">920230.0625</SimpleData>
	</SchemaData></ExtendedData>
      <Point><coordinates>33.0663351808951,39.9656905224103</coordinates></Point>
  </Placemark>
  <Placemark id="cikti_dsimgi.384">
	<ExtendedData><SchemaData schemaUrl="#cikti_dsimgi">
		<SimpleData name="OBJECTID">384</SimpleData>
		<SimpleData name="HAVZA_NO">12</SimpleData>
		<SimpleData name="IST_NO">12-036</SimpleData>
		<SimpleData name="IST_AD">Lalahan</SimpleData>
		<SimpleData name="IST_TIP">MGI</SimpleData>
		<SimpleData name="BOLGE_NO">05</SimpleData>
		<SimpleData name="RASAT_TIP">Y</SimpleData>
		<SimpleData name="ILI">Ankara</SimpleData>
		<SimpleData name="ILCESI">Lalahan</SimpleData>
		<SimpleData name="IST_KOT">1110</SimpleData>
		<SimpleData name="DURUMU">K</SimpleData>
		<SimpleData name="IST_AC">1965/10/27 00:00:00</SimpleData>
		<SimpleData name="IST_KAP">1971/05/13 00:00:00</SimpleData>
		<SimpleData name="CKS_BOYLAM">33:08:00</SimpleData>
		<SimpleData name="CKS_ENLEM">39:58:00</SimpleData>
		<SimpleData name="UTM_ZONE">36</SimpleData>
		<SimpleData name="UTMY">0</SimpleData>
		<SimpleData name="UTMX">0</SimpleData>
		<SimpleData name="COORH_X">925927.75</SimpleData>
	</SchemaData></ExtendedData>
      <Point><coordinates>33.1330035727466,39.965690806749</coordinates></Point>
  </Placemark>
  <Placemark id="cikti_dsimgi.385">
	<ExtendedData><SchemaData schemaUrl="#cikti_dsimgi">
		<SimpleData name="OBJECTID">385</SimpleData>
		<SimpleData name="HAVZA_NO">12</SimpleData>
		<SimpleData name="IST_NO">12-037</SimpleData>
		<SimpleData name="IST_AD">Firuz</SimpleData>
		<SimpleData name="IST_TIP">MGI</SimpleData>
		<SimpleData name="BOLGE_NO">05</SimpleData>
		<SimpleData name="RASAT_TIP">Y</SimpleData>
		<SimpleData name="ILI">Ankara</SimpleData>
		<SimpleData name="ILCESI">Ayas</SimpleData>
		<SimpleData name="IST_KOT">1040</SimpleData>
		<SimpleData name="DURUMU">K</SimpleData>
		<SimpleData name="IST_AC">1961/10/12 00:00:00</SimpleData>
		<SimpleData name="IST_KAP">1977/01/02 00:00:00</SimpleData>
		<SimpleData name="CKS_BOYLAM">32:31:00</SimpleData>
		<SimpleData name="CKS_ENLEM">40:12:00</SimpleData>
		<SimpleData name="UTM_ZONE">36</SimpleData>
		<SimpleData name="UTMY">0</SimpleData>
		<SimpleData name="UTMX">0</SimpleData>
		<SimpleData name="COORH_X">873675.625</SimpleData>
	</SchemaData></ExtendedData>
      <Point><coordinates>32.5163194134974,40.1990270991411</coordinates></Point>
  </Placemark>
  <Placemark id="cikti_dsimgi.386">
	<ExtendedData><SchemaData schemaUrl="#cikti_dsimgi">
		<SimpleData name="OBJECTID">386</SimpleData>
		<SimpleData name="HAVZA_NO">12</SimpleData>
		<SimpleData name="IST_NO">12-038</SimpleData>
		<SimpleData name="IST_AD">Avda</SimpleData>
		<SimpleData name="IST_TIP">MGI</SimpleData>
		<SimpleData name="BOLGE_NO">05</SimpleData>
		<SimpleData name="RASAT_TIP">Y</SimpleData>
		<SimpleData name="ILI">Ankara</SimpleData>
		<SimpleData name="ILCESI">Çamlidere</SimpleData>
		<SimpleData name="IST_KOT">1370</SimpleData>
		<SimpleData name="DURUMU">K</SimpleData>
		<SimpleData name="IST_AC">1960/10/11 00:00:00</SimpleData>
		<SimpleData name="IST_KAP">1975/04/02 00:00:00</SimpleData>
		<SimpleData name="CKS_BOYLAM">32:33:00</SimpleData>
		<SimpleData name="CKS_ENLEM">40:33:00</SimpleData>
		<SimpleData name="UTM_ZONE">36</SimpleData>
		<SimpleData name="UTMY">0</SimpleData>
		<SimpleData name="UTMX">0</SimpleData>
		<SimpleData name="COORH_X">877172.3125</SimpleData>
	</SchemaData></ExtendedData>
      <Point><coordinates>32.5496511296262,40.5490355218971</coordinates></Point>
  </Placemark>
  <Placemark id="cikti_dsimgi.387">
	<ExtendedData><SchemaData schemaUrl="#cikti_dsimgi">
		<SimpleData name="OBJECTID">387</SimpleData>
		<SimpleData name="HAVZA_NO">12</SimpleData>
		<SimpleData name="IST_NO">12-039</SimpleData>
		<SimpleData name="IST_AD">Yagcihüseyin</SimpleData>
		<SimpleData name="IST_TIP">MGI</SimpleData>
		<SimpleData name="BOLGE_NO">05</SimpleData>
		<SimpleData name="RASAT_TIP">Y</SimpleData>
		<SimpleData name="ILI">Ankara</SimpleData>
		<SimpleData name="ILCESI">Kizilcahamam</SimpleData>
		<SimpleData name="IST_KOT">1550</SimpleData>
		<SimpleData name="DURUMU">A</SimpleData>
		<SimpleData name="IST_AC">1960/10/07 00:00:00</SimpleData>
		<SimpleData name="CKS_BOYLAM">32:45:02</SimpleData>
		<SimpleData name="CKS_ENLEM">40:38:51</SimpleData>
		<SimpleData name="UTM_ZONE">36</SimpleData>
		<SimpleData name="UTMY">0</SimpleData>
		<SimpleData name="UTMX">0</SimpleData>
		<SimpleData name="COORH_X">894317.875</SimpleData>
	</SchemaData></ExtendedData>
      <Point><coordinates>32.7502112140009,40.6465386885592</coordinates></Point>
  </Placemark>
  <Placemark id="cikti_dsimgi.388">
	<ExtendedData><SchemaData schemaUrl="#cikti_dsimgi">
		<SimpleData name="OBJECTID">388</SimpleData>
		<SimpleData name="HAVZA_NO">12</SimpleData>
		<SimpleData name="IST_NO">12-040</SimpleData>
		<SimpleData name="IST_AD">Yukariçavundur</SimpleData>
		<SimpleData name="IST_TIP">MGI</SimpleData>
		<SimpleData name="BOLGE_NO">05</SimpleData>
		<SimpleData name="RASAT_TIP">Y</SimpleData>
		<SimpleData name="ILI">Ankara</SimpleData>
		<SimpleData name="ILCESI">Çubuk</SimpleData>
		<SimpleData name="IST_KOT">1240</SimpleData>
		<SimpleData name="DURUMU">A</SimpleData>
		<SimpleData name="IST_AC">1960/11/05 00:00:00</SimpleData>
		<SimpleData name="CKS_BOYLAM">33:04:28</SimpleData>
		<SimpleData name="CKS_ENLEM">40:22:45</SimpleData>
		<SimpleData name="UTM_ZONE">36</SimpleData>
		<SimpleData name="UTMY">0</SimpleData>
		<SimpleData name="UTMX">0</SimpleData>
		<SimpleData name="COORH_X">921390.0625</SimpleData>
	</SchemaData></ExtendedData>
      <Point><coordinates>33.07411036134,40.3782002641598</coordinates></Point>
  </Placemark>
  <Placemark id="cikti_dsimgi.389">
	<ExtendedData><SchemaData schemaUrl="#cikti_dsimgi">
		<SimpleData name="OBJECTID">389</SimpleData>
		<SimpleData name="HAVZA_NO">12</SimpleData>
		<SimpleData name="IST_NO">12-041</SimpleData>
		<SimpleData name="IST_AD">Ilyakut</SimpleData>
		<SimpleData name="IST_TIP">MGI</SimpleData>
		<SimpleData name="BOLGE_NO">05</SimpleData>
		<SimpleData name="RASAT_TIP">Y</SimpleData>
		<SimpleData name="ILI">Ankara</SimpleData>
		<SimpleData name="ILCESI">Yenimahalle</SimpleData>
		<SimpleData name="IST_KOT">890</SimpleData>
		<SimpleData name="DURUMU">K</SimpleData>
		<SimpleData name="IST_AC">1960/10/07 00:00:00</SimpleData>
		<SimpleData name="IST_KAP">1994/07/01 00:00:00</SimpleData>
		<SimpleData name="CKS_BOYLAM">32:31:00</SimpleData>
		<SimpleData name="CKS_ENLEM">40:05:00</SimpleData>
		<SimpleData name="UTM_ZONE">36</SimpleData>
		<SimpleData name="UTMY">0</SimpleData>
		<SimpleData name="UTMX">0</SimpleData>
		<SimpleData name="COORH_X">873451.125</SimpleData>
	</SchemaData></ExtendedData>
      <Point><coordinates>32.5163202456706,40.0823576925042</coordinates></Point>
  </Placemark>
  <Placemark id="cikti_dsimgi.390">
	<ExtendedData><SchemaData schemaUrl="#cikti_dsimgi">
		<SimpleData name="OBJECTID">390</SimpleData>
		<SimpleData name="HAVZA_NO">12</SimpleData>
		<SimpleData name="IST_NO">12-042</SimpleData>
		<SimpleData name="IST_AD">Kurtbogazi</SimpleData>
		<SimpleData name="IST_TIP">MGI</SimpleData>
		<SimpleData name="BOLGE_NO">05</SimpleData>
		<SimpleData name="RASAT_TIP">YB</SimpleData>
		<SimpleData name="ILI">Ankara</SimpleData>
		<SimpleData name="ILCESI">Kizilcahamam</SimpleData>
		<SimpleData name="IST_KOT">981</SimpleData>
		<SimpleData name="DURUMU">A</SimpleData>
		<SimpleData name="IST_AC">1965/11/01 00:00:00</SimpleData>
		<SimpleData name="CKS_BOYLAM">32:14:54</SimpleData>
		<SimpleData name="CKS_ENLEM">40:16:27</SimpleData>
		<SimpleData name="UTM_ZONE">36</SimpleData>
		<SimpleData name="UTMY">0</SimpleData>
		<SimpleData name="UTMX">0</SimpleData>
		<SimpleData name="COORH_X">850995.125</SimpleData>
	</SchemaData></ExtendedData>
      <Point><coordinates>32.2479786828406,40.2731943929344</coordinates></Point>
  </Placemark>
  <Placemark id="cikti_dsimgi.391">
	<ExtendedData><SchemaData schemaUrl="#cikti_dsimgi">
		<SimpleData name="OBJECTID">391</SimpleData>
		<SimpleData name="HAVZA_NO">12</SimpleData>
		<SimpleData name="IST_NO">12-049</SimpleData>
		<SimpleData name="IST_AD">Adakasim</SimpleData>
		<SimpleData name="IST_TIP">MGI</SimpleData>
		<SimpleData name="BOLGE_NO">04</SimpleData>
		<SimpleData name="RASAT_TIP">YB</SimpleData>
		<SimpleData name="ILI">Konya</SimpleData>
		<SimpleData name="ILCESI">Yunak</SimpleData>
		<SimpleData name="IST_KOT">900</SimpleData>
		<SimpleData name="DURUMU">A</SimpleData>
		<SimpleData name="IST_AC">1963/07/25 00:00:00</SimpleData>
		<SimpleData name="P25_PNO">K27-b2</SimpleData>
		<SimpleData name="CKS_BOYLAM">31:53:31</SimpleData>
		<SimpleData name="CKS_ENLEM">38:57:15</SimpleData>
		<SimpleData name="UTM_ZONE">36</SimpleData>
		<SimpleData name="UTMY">0</SimpleData>
		<SimpleData name="UTMX">0</SimpleData>
		<SimpleData name="COORH_X">817074.3125</SimpleData>
	</SchemaData></ExtendedData>
      <Point><coordinates>31.8915899038832,38.9531626876264</coordinates></Point>
  </Placemark>
  <Placemark id="cikti_dsimgi.392">
	<ExtendedData><SchemaData schemaUrl="#cikti_dsimgi">
		<SimpleData name="OBJECTID">392</SimpleData>
		<SimpleData name="HAVZA_NO">12</SimpleData>
		<SimpleData name="IST_NO">12-050</SimpleData>
		<SimpleData name="IST_AD">Yenice</SimpleData>
		<SimpleData name="IST_TIP">MGI</SimpleData>
		<SimpleData name="BOLGE_NO">01</SimpleData>
		<SimpleData name="RASAT_TIP">YB</SimpleData>
		<SimpleData name="ILI">Bursa</SimpleData>
		<SimpleData name="ILCESI">Inegöl</SimpleData>
		<SimpleData name="IST_KOT">450</SimpleData>
		<SimpleData name="DURUMU">K</SimpleData>
		<SimpleData name="IST_AC">1963/09/09 00:00:00</SimpleData>
		<SimpleData name="IST_KAP">1970/05/31 00:00:00</SimpleData>
		<SimpleData name="CKS_BOYLAM">29:26:00</SimpleData>
		<SimpleData name="CKS_ENLEM">40:06:00</SimpleData>
		<SimpleData name="UTM_ZONE">0</SimpleData>
		<SimpleData name="UTMY">0</SimpleData>
		<SimpleData name="UTMX">0</SimpleData>
		<SimpleData name="COORH_X">610664</SimpleData>
	</SchemaData></ExtendedData>
      <Point><coordinates>29.4329082586794,40.0990110229977</coordinates></Point>
  </Placemark>
  <Placemark id="cikti_dsimgi.393">
	<ExtendedData><SchemaData schemaUrl="#cikti_dsimgi">
		<SimpleData name="OBJECTID">393</SimpleData>
		<SimpleData name="HAVZA_NO">12</SimpleData>
		<SimpleData name="IST_NO">12-051</SimpleData>
		<SimpleData name="IST_AD">Seyhler</SimpleData>
		<SimpleData name="IST_TIP">MGI</SimpleData>
		<SimpleData name="BOLGE_NO">05</SimpleData>
		<SimpleData name="RASAT_TIP">Y</SimpleData>
		<SimpleData name="ILI">Ankara</SimpleData>
		<SimpleData name="ILCESI">Ravli</SimpleData>
		<SimpleData name="IST_KOT">1170</SimpleData>
		<SimpleData name="DURUMU">A</SimpleData>
		<SimpleData name="IST_AC">1971/09/13 00:00:00</SimpleData>
		<SimpleData name="CKS_BOYLAM">32:20:17</SimpleData>
		<SimpleData name="CKS_ENLEM">39:08:39</SimpleData>
		<SimpleData name="UTM_ZONE">36</SimpleData>
		<SimpleData name="UTMY">0</SimpleData>
		<SimpleData name="UTMX">0</SimpleData>
		<SimpleData name="COORH_X">856189.75</SimpleData>
	</SchemaData></ExtendedData>
      <Point><coordinates>32.3377110192338,39.1431687795</coordinates></Point>
  </Placemark>
  <Placemark id="cikti_dsimgi.394">
	<ExtendedData><SchemaData schemaUrl="#cikti_dsimgi">
		<SimpleData name="OBJECTID">394</SimpleData>
		<SimpleData name="HAVZA_NO">12</SimpleData>
		<SimpleData name="IST_NO">12-053</SimpleData>
		<SimpleData name="IST_AD">Cerrah</SimpleData>
		<SimpleData name="IST_TIP">MGI</SimpleData>
		<SimpleData name="BOLGE_NO">01</SimpleData>
		<SimpleData name="RASAT_TIP">YB</SimpleData>
		<SimpleData name="ILI">Bursa</SimpleData>
		<SimpleData name="ILCESI">Merkez</SimpleData>
		<SimpleData name="IST_KOT">350</SimpleData>
		<SimpleData name="DURUMU">K</SimpleData>
		<SimpleData name="IST_AC">1969/10/20 00:00:00</SimpleData>
		<SimpleData name="IST_KAP">1972/12/31 00:00:00</SimpleData>
		<SimpleData name="CKS_BOYLAM">29:36:00</SimpleData>
		<SimpleData name="CKS_ENLEM">40:04:00</SimpleData>
		<SimpleData name="UTM_ZONE">0</SimpleData>
		<SimpleData name="UTMY">0</SimpleData>
		<SimpleData name="UTMX">0</SimpleData>
		<SimpleData name="COORH_X">624670.375</SimpleData>
	</SchemaData></ExtendedData>
      <Point><coordinates>29.5995793713654,40.065677693039</coordinates></Point>
  </Placemark>
  <Placemark id="cikti_dsimgi.395">
	<ExtendedData><SchemaData schemaUrl="#cikti_dsimgi">
		<SimpleData name="OBJECTID">395</SimpleData>
		<SimpleData name="HAVZA_NO">12</SimpleData>
		<SimpleData name="IST_NO">12-057</SimpleData>
		<SimpleData name="IST_AD">Uzunlar</SimpleData>
		<SimpleData name="IST_TIP">MGI</SimpleData>
		<SimpleData name="BOLGE_NO">05</SimpleData>
		<SimpleData name="RASAT_TIP">YB</SimpleData>
		<SimpleData name="ILI">Ankara</SimpleData>
		<SimpleData name="ILCESI">Polatli</SimpleData>
		<SimpleData name="IST_KOT">1250</SimpleData>
		<SimpleData name="DURUMU">K</SimpleData>
		<SimpleData name="IST_AC">1971/09/14 00:00:00</SimpleData>
		<SimpleData name="IST_KAP">1976/09/30 00:00:00</SimpleData>
		<SimpleData name="CKS_BOYLAM">33:08:00</SimpleData>
		<SimpleData name="CKS_ENLEM">40:49:00</SimpleData>
		<SimpleData name="UTM_ZONE">0</SimpleData>
		<SimpleData name="UTMY">0</SimpleData>
		<SimpleData name="UTMX">0</SimpleData>
		<SimpleData name="COORH_X">926883.25</SimpleData>
	</SchemaData></ExtendedData>
      <Point><coordinates>33.1329977501225,40.8157109990832</coordinates></Point>
  </Placemark>
  <Placemark id="cikti_dsimgi.396">
	<ExtendedData><SchemaData schemaUrl="#cikti_dsimgi">
		<SimpleData name="OBJECTID">396</SimpleData>
		<SimpleData name="HAVZA_NO">12</SimpleData>
		<SimpleData name="IST_NO">12-059</SimpleData>
		<SimpleData name="IST_AD">Kirazlioglu</SimpleData>
		<SimpleData name="IST_TIP">MGI</SimpleData>
		<SimpleData name="BOLGE_NO">05</SimpleData>
		<SimpleData name="RASAT_TIP">YB</SimpleData>
		<SimpleData name="ILI">Ankara</SimpleData>
		<SimpleData name="ILCESI">Haymana</SimpleData>
		<SimpleData name="IST_KOT">1010</SimpleData>
		<SimpleData name="DURUMU">K</SimpleData>
		<SimpleData name="IST_AC">1971/07/20 00:00:00</SimpleData>
		<SimpleData name="IST_KAP">1976/10/01 00:00:00</SimpleData>
		<SimpleData name="CKS_BOYLAM">32:26:00</SimpleData>
		<SimpleData name="CKS_ENLEM">39:14:00</SimpleData>
		<SimpleData name="UTM_ZONE">0</SimpleData>
		<SimpleData name="UTMY">0</SimpleData>
		<SimpleData name="UTMX">0</SimpleData>
		<SimpleData name="COORH_X">864614.625</SimpleData>
	</SchemaData></ExtendedData>
      <Point><coordinates>32.4329905799033,39.2323378292216</coordinates></Point>
  </Placemark>
  <Placemark id="cikti_dsimgi.397">
	<ExtendedData><SchemaData schemaUrl="#cikti_dsimgi">
		<SimpleData name="OBJECTID">397</SimpleData>
		<SimpleData name="HAVZA_NO">12</SimpleData>
		<SimpleData name="IST_NO">12-060</SimpleData>
		<SimpleData name="IST_AD">Çalseki</SimpleData>
		<SimpleData name="IST_TIP">MGI</SimpleData>
		<SimpleData name="BOLGE_NO">05</SimpleData>
		<SimpleData name="RASAT_TIP">Y</SimpleData>
		<SimpleData name="ILI">Ankara</SimpleData>
		<SimpleData name="ILCESI">Çubuk</SimpleData>
		<SimpleData name="IST_KOT">1240</SimpleData>
		<SimpleData name="DURUMU">A</SimpleData>
		<SimpleData name="IST_AC">1971/09/10 00:00:00</SimpleData>
		<SimpleData name="CKS_BOYLAM">32:47:57</SimpleData>
		<SimpleData name="CKS_ENLEM">40:08:47</SimpleData>
		<SimpleData name="UTM_ZONE">36</SimpleData>
		<SimpleData name="UTMY">0</SimpleData>
		<SimpleData name="UTMX">0</SimpleData>
		<SimpleData name="COORH_X">897648.75</SimpleData>
	</SchemaData></ExtendedData>
      <Point><coordinates>32.7988270664314,40.1454158632743</coordinates></Point>
  </Placemark>
  <Placemark id="cikti_dsimgi.398">
	<ExtendedData><SchemaData schemaUrl="#cikti_dsimgi">
		<SimpleData name="OBJECTID">398</SimpleData>
		<SimpleData name="HAVZA_NO">12</SimpleData>
		<SimpleData name="IST_NO">12-062</SimpleData>
		<SimpleData name="IST_AD">Çamlidere  Baraji</SimpleData>
		<SimpleData name="IST_TIP">MGI</SimpleData>
		<SimpleData name="BOLGE_NO">05</SimpleData>
		<SimpleData name="RASAT_TIP">YB</SimpleData>
		<SimpleData name="ILI">Ankara</SimpleData>
		<SimpleData name="ILCESI">Çamlidere</SimpleData>
		<SimpleData name="IST_KOT">1160</SimpleData>
		<SimpleData name="DURUMU">A</SimpleData>
		<SimpleData name="IST_AC">1989/04/01 00:00:00</SimpleData>
		<SimpleData name="CKS_BOYLAM">32:23:03</SimpleData>
		<SimpleData name="CKS_ENLEM">40:23:18</SimpleData>
		<SimpleData name="UTM_ZONE">36</SimpleData>
		<SimpleData name="UTMY">0</SimpleData>
		<SimpleData name="UTMX">0</SimpleData>
		<SimpleData name="COORH_X">862787.5625</SimpleData>
	</SchemaData></ExtendedData>
      <Point><coordinates>32.3838146782305,40.3873643174146</coordinates></Point>
  </Placemark>
  <Placemark id="cikti_dsimgi.399">
	<ExtendedData><SchemaData schemaUrl="#cikti_dsimgi">
		<SimpleData name="OBJECTID">399</SimpleData>
		<SimpleData name="HAVZA_NO">12</SimpleData>
		<SimpleData name="IST_NO">12-066</SimpleData>
		<SimpleData name="IST_AD">Eymir  Gölü</SimpleData>
		<SimpleData name="IST_TIP">MGI</SimpleData>
		<SimpleData name="BOLGE_NO">05</SimpleData>
		<SimpleData name="RASAT_TIP">YB</SimpleData>
		<SimpleData name="ILI">Ankara</SimpleData>
		<SimpleData name="ILCESI">Gölbasi</SimpleData>
		<SimpleData name="IST_KOT">1011</SimpleData>
		<SimpleData name="DURUMU">A</SimpleData>
		<SimpleData name="IST_AC">1994/12/31 00:00:00</SimpleData>
		<SimpleData name="CKS_BOYLAM">32:50:49</SimpleData>
		<SimpleData name="CKS_ENLEM">39:49:47</SimpleData>
		<SimpleData name="UTM_ZONE">36</SimpleData>
		<SimpleData name="UTMY">0</SimpleData>
		<SimpleData name="UTMX">0</SimpleData>
		<SimpleData name="COORH_X">901247.0625</SimpleData>
	</SchemaData></ExtendedData>
      <Point><coordinates>32.8466082311052,39.828742002119</coordinates></Point>
  </Placemark>
  <Placemark id="cikti_dsimgi.400">
	<ExtendedData><SchemaData schemaUrl="#cikti_dsimgi">
		<SimpleData name="OBJECTID">400</SimpleData>
		<SimpleData name="HAVZA_NO">13</SimpleData>
		<SimpleData name="IST_NO">13-001</SimpleData>
		<SimpleData name="IST_AD">Dikmen</SimpleData>
		<SimpleData name="IST_TIP">MGI</SimpleData>
		<SimpleData name="BOLGE_NO">07</SimpleData>
		<SimpleData name="RASAT_TIP">Y</SimpleData>
		<SimpleData name="ILI">Sinop</SimpleData>
		<SimpleData name="ILCESI">Gerze</SimpleData>
		<SimpleData name="IST_KOT">240</SimpleData>
		<SimpleData name="DURUMU">K</SimpleData>
		<SimpleData name="IST_AC">1960/06/12 00:00:00</SimpleData>
		<SimpleData name="IST_KAP">1964/10/01 00:00:00</SimpleData>
		<SimpleData name="CKS_BOYLAM">35:17:00</SimpleData>
		<SimpleData name="CKS_ENLEM">41:40:00</SimpleData>
		<SimpleData name="UTM_ZONE">0</SimpleData>
		<SimpleData name="UTMY">0</SimpleData>
		<SimpleData name="UTMX">0</SimpleData>
		<SimpleData name="COORH_X">1106852.125</SimpleData>
	</SchemaData></ExtendedData>
      <Point><coordinates>35.2830488032965,41.6657402300092</coordinates></Point>
  </Placemark>
  <Placemark id="cikti_dsimgi.401">
	<ExtendedData><SchemaData schemaUrl="#cikti_dsimgi">
		<SimpleData name="OBJECTID">401</SimpleData>
		<SimpleData name="HAVZA_NO">13</SimpleData>
		<SimpleData name="IST_NO">13-003</SimpleData>
		<SimpleData name="IST_AD">Hasanlar Baraji</SimpleData>
		<SimpleData name="IST_TIP">MGI</SimpleData>
		<SimpleData name="BOLGE_NO">05</SimpleData>
		<SimpleData name="RASAT_TIP">YB</SimpleData>
		<SimpleData name="ILI">Düzce</SimpleData>
		<SimpleData name="ILCESI">Merkez</SimpleData>
		<SimpleData name="IST_KOT">273</SimpleData>
		<SimpleData name="DURUMU">K</SimpleData>
		<SimpleData name="IST_AC">1970/08/17 00:00:00</SimpleData>
		<SimpleData name="IST_KAP">1994/08/01 00:00:00</SimpleData>
		<SimpleData name="CKS_BOYLAM">31:18:00</SimpleData>
		<SimpleData name="CKS_ENLEM">40:55:00</SimpleData>
		<SimpleData name="UTM_ZONE">0</SimpleData>
		<SimpleData name="UTMY">0</SimpleData>
		<SimpleData name="UTMX">0</SimpleData>
		<SimpleData name="COORH_X">772597.25</SimpleData>
	</SchemaData></ExtendedData>
      <Point><coordinates>31.2996160823975,40.9157056411388</coordinates></Point>
  </Placemark>
  <Placemark id="cikti_dsimgi.402">
	<ExtendedData><SchemaData schemaUrl="#cikti_dsimgi">
		<SimpleData name="OBJECTID">402</SimpleData>
		<SimpleData name="HAVZA_NO">13</SimpleData>
		<SimpleData name="IST_NO">13-007</SimpleData>
		<SimpleData name="IST_AD">Sakuç (Çinarli)</SimpleData>
		<SimpleData name="IST_TIP">MGI</SimpleData>
		<SimpleData name="BOLGE_NO">05</SimpleData>
		<SimpleData name="RASAT_TIP">Y</SimpleData>
		<SimpleData name="ILI">Düzce</SimpleData>
		<SimpleData name="ILCESI">Merkez</SimpleData>
		<SimpleData name="IST_KOT">1140</SimpleData>
		<SimpleData name="DURUMU">K</SimpleData>
		<SimpleData name="IST_AC">1962/08/28 00:00:00</SimpleData>
		<SimpleData name="IST_KAP">1994/08/01 00:00:00</SimpleData>
		<SimpleData name="CKS_BOYLAM">31:09:00</SimpleData>
		<SimpleData name="CKS_ENLEM">40:46:00</SimpleData>
		<SimpleData name="UTM_ZONE">0</SimpleData>
		<SimpleData name="UTMY">0</SimpleData>
		<SimpleData name="UTMX">0</SimpleData>
		<SimpleData name="COORH_X">759413.9375</SimpleData>
	</SchemaData></ExtendedData>
      <Point><coordinates>31.1496133964406,40.7657013654266</coordinates></Point>
  </Placemark>
  <Placemark id="cikti_dsimgi.403">
	<ExtendedData><SchemaData schemaUrl="#cikti_dsimgi">
		<SimpleData name="OBJECTID">403</SimpleData>
		<SimpleData name="HAVZA_NO">13</SimpleData>
		<SimpleData name="IST_NO">13-008</SimpleData>
		<SimpleData name="IST_AD">Kirik</SimpleData>
		<SimpleData name="IST_TIP">MGI</SimpleData>
		<SimpleData name="BOLGE_NO">05</SimpleData>
		<SimpleData name="RASAT_TIP">Y</SimpleData>
		<SimpleData name="ILI">Düzce</SimpleData>
		<SimpleData name="ILCESI">Yigilca</SimpleData>
		<SimpleData name="IST_KOT">450</SimpleData>
		<SimpleData name="DURUMU">K</SimpleData>
		<SimpleData name="IST_AC">1973/11/01 00:00:00</SimpleData>
		<SimpleData name="IST_KAP">1982/03/05 00:00:00</SimpleData>
		<SimpleData name="CKS_BOYLAM">31:22:00</SimpleData>
		<SimpleData name="CKS_ENLEM">40:54:00</SimpleData>
		<SimpleData name="UTM_ZONE">0</SimpleData>
		<SimpleData name="UTMY">0</SimpleData>
		<SimpleData name="UTMX">0</SimpleData>
		<SimpleData name="COORH_X">778153.375</SimpleData>
	</SchemaData></ExtendedData>
      <Point><coordinates>31.3662846264028,40.8990388702636</coordinates></Point>
  </Placemark>
  <Placemark id="cikti_dsimgi.404">
	<ExtendedData><SchemaData schemaUrl="#cikti_dsimgi">
		<SimpleData name="OBJECTID">404</SimpleData>
		<SimpleData name="HAVZA_NO">13</SimpleData>
		<SimpleData name="IST_NO">13-009</SimpleData>
		<SimpleData name="IST_AD">Abant Gölü</SimpleData>
		<SimpleData name="IST_TIP">MGI</SimpleData>
		<SimpleData name="BOLGE_NO">05</SimpleData>
		<SimpleData name="RASAT_TIP">Y</SimpleData>
		<SimpleData name="ILI">Bolu</SimpleData>
		<SimpleData name="ILCESI">Merkez</SimpleData>
		<SimpleData name="IST_KOT">1340</SimpleData>
		<SimpleData name="DURUMU">K</SimpleData>
		<SimpleData name="IST_AC">1973/11/01 00:00:00</SimpleData>
		<SimpleData name="IST_KAP">1990/12/01 00:00:00</SimpleData>
		<SimpleData name="CKS_BOYLAM">31:16:00</SimpleData>
		<SimpleData name="CKS_ENLEM">40:36:00</SimpleData>
		<SimpleData name="UTM_ZONE">0</SimpleData>
		<SimpleData name="UTMY">0</SimpleData>
		<SimpleData name="UTMX">0</SimpleData>
		<SimpleData name="COORH_X">768668.3125</SimpleData>
	</SchemaData></ExtendedData>
      <Point><coordinates>31.2662843214236,40.5990312159727</coordinates></Point>
  </Placemark>
  <Placemark id="cikti_dsimgi.405">
	<ExtendedData><SchemaData schemaUrl="#cikti_dsimgi">
		<SimpleData name="OBJECTID">405</SimpleData>
		<SimpleData name="HAVZA_NO">13</SimpleData>
		<SimpleData name="IST_NO">13-010</SimpleData>
		<SimpleData name="IST_AD">Ulumelen</SimpleData>
		<SimpleData name="IST_TIP">MGI</SimpleData>
		<SimpleData name="BOLGE_NO">05</SimpleData>
		<SimpleData name="RASAT_TIP">Y</SimpleData>
		<SimpleData name="ILI">Çankiri</SimpleData>
		<SimpleData name="IST_KOT">1115</SimpleData>
		<SimpleData name="DURUMU">K</SimpleData>
		<SimpleData name="IST_AC">1966/10/13 00:00:00</SimpleData>
		<SimpleData name="IST_KAP">1977/01/02 00:00:00</SimpleData>
		<SimpleData name="CKS_BOYLAM">33:18:00</SimpleData>
		<SimpleData name="CKS_ENLEM">40:57:00</SimpleData>
		<SimpleData name="UTM_ZONE">0</SimpleData>
		<SimpleData name="UTMY">0</SimpleData>
		<SimpleData name="UTMX">0</SimpleData>
		<SimpleData name="COORH_X">941064.875</SimpleData>
	</SchemaData></ExtendedData>
      <Point><coordinates>33.2996678308027,40.9490482363719</coordinates></Point>
  </Placemark>
  <Placemark id="cikti_dsimgi.406">
	<ExtendedData><SchemaData schemaUrl="#cikti_dsimgi">
		<SimpleData name="OBJECTID">406</SimpleData>
		<SimpleData name="HAVZA_NO">13</SimpleData>
		<SimpleData name="IST_NO">13-011</SimpleData>
		<SimpleData name="IST_AD">Gölköy Baraji</SimpleData>
		<SimpleData name="IST_TIP">MGI</SimpleData>
		<SimpleData name="BOLGE_NO">05</SimpleData>
		<SimpleData name="RASAT_TIP">YB</SimpleData>
		<SimpleData name="ILI">Bolu</SimpleData>
		<SimpleData name="ILCESI">Merkez</SimpleData>
		<SimpleData name="IST_KOT">755</SimpleData>
		<SimpleData name="DURUMU">K</SimpleData>
		<SimpleData name="IST_AC">1984/12/09 00:00:00</SimpleData>
		<SimpleData name="IST_KAP">1986/06/01 00:00:00</SimpleData>
		<SimpleData name="CKS_BOYLAM">31:30:00</SimpleData>
		<SimpleData name="CKS_ENLEM">40:42:00</SimpleData>
		<SimpleData name="UTM_ZONE">0</SimpleData>
		<SimpleData name="UTMY">0</SimpleData>
		<SimpleData name="UTMX">0</SimpleData>
		<SimpleData name="COORH_X">788734.4375</SimpleData>
	</SchemaData></ExtendedData>
      <Point><coordinates>31.4996229353501,40.6990346287362</coordinates></Point>
  </Placemark>
  <Placemark id="cikti_dsimgi.407">
	<ExtendedData><SchemaData schemaUrl="#cikti_dsimgi">
		<SimpleData name="OBJECTID">407</SimpleData>
		<SimpleData name="HAVZA_NO">13</SimpleData>
		<SimpleData name="IST_NO">13-012</SimpleData>
		<SimpleData name="IST_AD">Akçabey</SimpleData>
		<SimpleData name="IST_TIP">MGI</SimpleData>
		<SimpleData name="BOLGE_NO">05</SimpleData>
		<SimpleData name="RASAT_TIP">YB</SimpleData>
		<SimpleData name="ILI">Zonguldak</SimpleData>
		<SimpleData name="ILCESI">Devrek</SimpleData>
		<SimpleData name="IST_KOT">233</SimpleData>
		<SimpleData name="DURUMU">K</SimpleData>
		<SimpleData name="IST_AC">1993/01/01 00:00:00</SimpleData>
		<SimpleData name="IST_KAP">2001/10/01 00:00:00</SimpleData>
		<SimpleData name="CKS_BOYLAM">31:52:20</SimpleData>
		<SimpleData name="CKS_ENLEM">41:02:10</SimpleData>
		<SimpleData name="UTM_ZONE">36</SimpleData>
		<SimpleData name="UTMY">0</SimpleData>
		<SimpleData name="UTMX">0</SimpleData>
		<SimpleData name="COORH_X">821110</SimpleData>
	</SchemaData></ExtendedData>
      <Point><coordinates>31.8718522473143,41.0351554840468</coordinates></Point>
  </Placemark>
  <Placemark id="cikti_dsimgi.408">
	<ExtendedData><SchemaData schemaUrl="#cikti_dsimgi">
		<SimpleData name="OBJECTID">408</SimpleData>
		<SimpleData name="HAVZA_NO">14</SimpleData>
		<SimpleData name="IST_NO">14-001</SimpleData>
		<SimpleData name="IST_AD">Güzelbeyli (Silis)</SimpleData>
		<SimpleData name="IST_TIP">MGI</SimpleData>
		<SimpleData name="BOLGE_NO">07</SimpleData>
		<SimpleData name="RASAT_TIP">YB</SimpleData>
		<SimpleData name="ILI">Tokat</SimpleData>
		<SimpleData name="ILCESI">Zile</SimpleData>
		<SimpleData name="IST_KOT">950</SimpleData>
		<SimpleData name="DURUMU">K</SimpleData>
		<SimpleData name="IST_AC">1968/08/04 00:00:00</SimpleData>
		<SimpleData name="IST_KAP">1972/12/31 00:00:00</SimpleData>
		<SimpleData name="CKS_BOYLAM">36:02:00</SimpleData>
		<SimpleData name="CKS_ENLEM">40:09:00</SimpleData>
		<SimpleData name="UTM_ZONE">0</SimpleData>
		<SimpleData name="UTMY">0</SimpleData>
		<SimpleData name="UTMX">0</SimpleData>
		<SimpleData name="COORH_X">1173288</SimpleData>
	</SchemaData></ExtendedData>
      <Point><coordinates>36.033077776091,40.1490390197534</coordinates></Point>
  </Placemark>
  <Placemark id="cikti_dsimgi.409">
	<ExtendedData><SchemaData schemaUrl="#cikti_dsimgi">
		<SimpleData name="OBJECTID">409</SimpleData>
		<SimpleData name="HAVZA_NO">14</SimpleData>
		<SimpleData name="IST_NO">14-003</SimpleData>
		<SimpleData name="IST_AD">Karamagara (Saraykent)</SimpleData>
		<SimpleData name="IST_TIP">MGI</SimpleData>
		<SimpleData name="BOLGE_NO">12</SimpleData>
		<SimpleData name="RASAT_TIP">YB</SimpleData>
		<SimpleData name="ILI">Yozgat</SimpleData>
		<SimpleData name="ILCESI">Sarikaya</SimpleData>
		<SimpleData name="IST_KOT">1120</SimpleData>
		<SimpleData name="DURUMU">K</SimpleData>
		<SimpleData name="IST_AC">1959/06/01 00:00:00</SimpleData>
		<SimpleData name="IST_KAP">1994/08/01 00:00:00</SimpleData>
		<SimpleData name="CKS_BOYLAM">35:32:00</SimpleData>
		<SimpleData name="CKS_ENLEM">39:43:00</SimpleData>
		<SimpleData name="UTM_ZONE">0</SimpleData>
		<SimpleData name="UTMY">0</SimpleData>
		<SimpleData name="UTMX">0</SimpleData>
		<SimpleData name="COORH_X">1131543.5</SimpleData>
	</SchemaData></ExtendedData>
      <Point><coordinates>35.5330671960475,39.7156938222049</coordinates></Point>
  </Placemark>
  <Placemark id="cikti_dsimgi.410">
	<ExtendedData><SchemaData schemaUrl="#cikti_dsimgi">
		<SimpleData name="OBJECTID">410</SimpleData>
		<SimpleData name="HAVZA_NO">14</SimpleData>
		<SimpleData name="IST_NO">14-006</SimpleData>
		<SimpleData name="IST_AD">Çamoluk (Mindeval)</SimpleData>
		<SimpleData name="IST_TIP">MGI</SimpleData>
		<SimpleData name="BOLGE_NO">22</SimpleData>
		<SimpleData name="RASAT_TIP">YB</SimpleData>
		<SimpleData name="ILI">Giresun</SimpleData>
		<SimpleData name="ILCESI">Aluçra</SimpleData>
		<SimpleData name="IST_KOT">1150</SimpleData>
		<SimpleData name="DURUMU">K</SimpleData>
		<SimpleData name="IST_AC">1964/08/26 00:00:00</SimpleData>
		<SimpleData name="IST_KAP">1971/10/22 00:00:00</SimpleData>
		<SimpleData name="CKS_BOYLAM">37:47:00</SimpleData>
		<SimpleData name="CKS_ENLEM">40:08:00</SimpleData>
		<SimpleData name="UTM_ZONE">0</SimpleData>
		<SimpleData name="UTMY">0</SimpleData>
		<SimpleData name="UTMX">0</SimpleData>
		<SimpleData name="COORH_X">1322436.5</SimpleData>
	</SchemaData></ExtendedData>
      <Point><coordinates>37.7831239034573,40.1323774299576</coordinates></Point>
  </Placemark>
  <Placemark id="cikti_dsimgi.411">
	<ExtendedData><SchemaData schemaUrl="#cikti_dsimgi">
		<SimpleData name="OBJECTID">411</SimpleData>
		<SimpleData name="HAVZA_NO">14</SimpleData>
		<SimpleData name="IST_NO">14-008</SimpleData>
		<SimpleData name="IST_AD">Ayvacik</SimpleData>
		<SimpleData name="IST_TIP">MGI</SimpleData>
		<SimpleData name="BOLGE_NO">22</SimpleData>
		<SimpleData name="RASAT_TIP">YB</SimpleData>
		<SimpleData name="ILI">Samsun</SimpleData>
		<SimpleData name="ILCESI">Çarsamba</SimpleData>
		<SimpleData name="IST_KOT">55</SimpleData>
		<SimpleData name="DURUMU">K</SimpleData>
		<SimpleData name="IST_AC">1964/08/14 00:00:00</SimpleData>
		<SimpleData name="IST_KAP">1973/06/30 00:00:00</SimpleData>
		<SimpleData name="CKS_BOYLAM">36:39:00</SimpleData>
		<SimpleData name="CKS_ENLEM">40:59:00</SimpleData>
		<SimpleData name="UTM_ZONE">0</SimpleData>
		<SimpleData name="UTMY">0</SimpleData>
		<SimpleData name="UTMX">0</SimpleData>
		<SimpleData name="COORH_X">1222963.875</SimpleData>
	</SchemaData></ExtendedData>
      <Point><coordinates>36.6497560018417,40.9823945585025</coordinates></Point>
  </Placemark>
  <Placemark id="cikti_dsimgi.412">
	<ExtendedData><SchemaData schemaUrl="#cikti_dsimgi">
		<SimpleData name="OBJECTID">412</SimpleData>
		<SimpleData name="HAVZA_NO">14</SimpleData>
		<SimpleData name="IST_NO">14-009</SimpleData>
		<SimpleData name="IST_AD">Çambasi</SimpleData>
		<SimpleData name="IST_TIP">MGI</SimpleData>
		<SimpleData name="BOLGE_NO">22</SimpleData>
		<SimpleData name="RASAT_TIP">YB</SimpleData>
		<SimpleData name="ILI">Gümüshane</SimpleData>
		<SimpleData name="ILCESI">Kelkit</SimpleData>
		<SimpleData name="IST_KOT">1800</SimpleData>
		<SimpleData name="DURUMU">A</SimpleData>
		<SimpleData name="IST_AC">1971/10/18 00:00:00</SimpleData>
		<SimpleData name="P25_PNO">H42-c4</SimpleData>
		<SimpleData name="CKS_BOYLAM">39:20:04</SimpleData>
		<SimpleData name="CKS_ENLEM">40:03:38</SimpleData>
		<SimpleData name="UTM_ZONE">37</SimpleData>
		<SimpleData name="UTMY">0</SimpleData>
		<SimpleData name="UTMX">0</SimpleData>
		<SimpleData name="COORH_X">1454987.875</SimpleData>
	</SchemaData></ExtendedData>
      <Point><coordinates>39.3342763816506,40.0596021916356</coordinates></Point>
  </Placemark>
  <Placemark id="cikti_dsimgi.413">
	<ExtendedData><SchemaData schemaUrl="#cikti_dsimgi">
		<SimpleData name="OBJECTID">413</SimpleData>
		<SimpleData name="HAVZA_NO">14</SimpleData>
		<SimpleData name="IST_NO">14-010</SimpleData>
		<SimpleData name="IST_AD">Bostancik (Müseknis)</SimpleData>
		<SimpleData name="IST_TIP">MGI</SimpleData>
		<SimpleData name="BOLGE_NO">19</SimpleData>
		<SimpleData name="RASAT_TIP">YB</SimpleData>
		<SimpleData name="ILI">Sivas</SimpleData>
		<SimpleData name="ILCESI">Susehri</SimpleData>
		<SimpleData name="IST_KOT">870</SimpleData>
		<SimpleData name="DURUMU">K</SimpleData>
		<SimpleData name="IST_AC">1964/10/24 00:00:00</SimpleData>
		<SimpleData name="IST_KAP">1987/05/01 00:00:00</SimpleData>
		<SimpleData name="CKS_BOYLAM">38:13:00</SimpleData>
		<SimpleData name="CKS_ENLEM">40:09:00</SimpleData>
		<SimpleData name="UTM_ZONE">0</SimpleData>
		<SimpleData name="UTMY">0</SimpleData>
		<SimpleData name="UTMX">0</SimpleData>
		<SimpleData name="COORH_X">1359248.125</SimpleData>
	</SchemaData></ExtendedData>
      <Point><coordinates>38.2164685893772,40.1490457492858</coordinates></Point>
  </Placemark>
  <Placemark id="cikti_dsimgi.414">
	<ExtendedData><SchemaData schemaUrl="#cikti_dsimgi">
		<SimpleData name="OBJECTID">414</SimpleData>
		<SimpleData name="HAVZA_NO">14</SimpleData>
		<SimpleData name="IST_NO">14-012</SimpleData>
		<SimpleData name="IST_AD">Pazarbelen</SimpleData>
		<SimpleData name="IST_TIP">MGI</SimpleData>
		<SimpleData name="BOLGE_NO">19</SimpleData>
		<SimpleData name="RASAT_TIP">YB</SimpleData>
		<SimpleData name="ILI">Sivas</SimpleData>
		<SimpleData name="ILCESI">Zara</SimpleData>
		<SimpleData name="IST_KOT">2000</SimpleData>
		<SimpleData name="DURUMU">K</SimpleData>
		<SimpleData name="IST_AC">1967/12/20 00:00:00</SimpleData>
		<SimpleData name="IST_KAP">1994/07/07 00:00:00</SimpleData>
		<SimpleData name="CKS_BOYLAM">37:53:00</SimpleData>
		<SimpleData name="CKS_ENLEM">40:08:00</SimpleData>
		<SimpleData name="UTM_ZONE">0</SimpleData>
		<SimpleData name="UTMY">0</SimpleData>
		<SimpleData name="UTMX">0</SimpleData>
		<SimpleData name="COORH_X">1330953.375</SimpleData>
	</SchemaData></ExtendedData>
      <Point><coordinates>37.8831265160541,40.1323777250079</coordinates></Point>
  </Placemark>
  <Placemark id="cikti_dsimgi.415">
	<ExtendedData><SchemaData schemaUrl="#cikti_dsimgi">
		<SimpleData name="OBJECTID">415</SimpleData>
		<SimpleData name="HAVZA_NO">14</SimpleData>
		<SimpleData name="IST_NO">14-013</SimpleData>
		<SimpleData name="IST_AD">Killik</SimpleData>
		<SimpleData name="IST_TIP">MGI</SimpleData>
		<SimpleData name="BOLGE_NO">05</SimpleData>
		<SimpleData name="RASAT_TIP">YB</SimpleData>
		<SimpleData name="ILI">Çorum</SimpleData>
		<SimpleData name="ILCESI">Alaca</SimpleData>
		<SimpleData name="IST_KOT">1180</SimpleData>
		<SimpleData name="DURUMU">K</SimpleData>
		<SimpleData name="IST_AC">1970/09/26 00:00:00</SimpleData>
		<SimpleData name="IST_KAP">1977/03/01 00:00:00</SimpleData>
		<SimpleData name="CKS_BOYLAM">35:05:00</SimpleData>
		<SimpleData name="CKS_ENLEM">40:04:00</SimpleData>
		<SimpleData name="UTM_ZONE">0</SimpleData>
		<SimpleData name="UTMY">0</SimpleData>
		<SimpleData name="UTMX">0</SimpleData>
		<SimpleData name="COORH_X">1092448.875</SimpleData>
	</SchemaData></ExtendedData>
      <Point><coordinates>35.0830534623068,40.065700467192</coordinates></Point>
  </Placemark>
  <Placemark id="cikti_dsimgi.416">
	<ExtendedData><SchemaData schemaUrl="#cikti_dsimgi">
		<SimpleData name="OBJECTID">416</SimpleData>
		<SimpleData name="HAVZA_NO">14</SimpleData>
		<SimpleData name="IST_NO">14-020</SimpleData>
		<SimpleData name="IST_AD">Semail</SimpleData>
		<SimpleData name="IST_TIP">MGI</SimpleData>
		<SimpleData name="BOLGE_NO">07</SimpleData>
		<SimpleData name="RASAT_TIP">Y</SimpleData>
		<SimpleData name="ILI">Samsun</SimpleData>
		<SimpleData name="ILCESI">Çarsamba</SimpleData>
		<SimpleData name="IST_KOT">4</SimpleData>
		<SimpleData name="DURUMU">K</SimpleData>
		<SimpleData name="IST_AC">1962/08/07 00:00:00</SimpleData>
		<SimpleData name="IST_KAP">1973/02/15 00:00:00</SimpleData>
		<SimpleData name="CKS_BOYLAM">36:38:00</SimpleData>
		<SimpleData name="CKS_ENLEM">41:18:00</SimpleData>
		<SimpleData name="UTM_ZONE">0</SimpleData>
		<SimpleData name="UTMY">0</SimpleData>
		<SimpleData name="UTMX">0</SimpleData>
		<SimpleData name="COORH_X">1220480.75</SimpleData>
	</SchemaData></ExtendedData>
      <Point><coordinates>36.6330871003225,41.2990690104531</coordinates></Point>
  </Placemark>
  <Placemark id="cikti_dsimgi.417">
	<ExtendedData><SchemaData schemaUrl="#cikti_dsimgi">
		<SimpleData name="OBJECTID">417</SimpleData>
		<SimpleData name="HAVZA_NO">14</SimpleData>
		<SimpleData name="IST_NO">14-021</SimpleData>
		<SimpleData name="IST_AD">Gültepe (Igdis)</SimpleData>
		<SimpleData name="IST_TIP">MGI</SimpleData>
		<SimpleData name="BOLGE_NO">08</SimpleData>
		<SimpleData name="RASAT_TIP">Y</SimpleData>
		<SimpleData name="ILI">Gümüshane</SimpleData>
		<SimpleData name="ILCESI">Kelkit</SimpleData>
		<SimpleData name="IST_KOT">1650</SimpleData>
		<SimpleData name="DURUMU">K</SimpleData>
		<SimpleData name="IST_AC">1969/11/13 00:00:00</SimpleData>
		<SimpleData name="IST_KAP">1971/09/30 00:00:00</SimpleData>
		<SimpleData name="CKS_BOYLAM">39:18:00</SimpleData>
		<SimpleData name="CKS_ENLEM">40:03:00</SimpleData>
		<SimpleData name="UTM_ZONE">0</SimpleData>
		<SimpleData name="UTMY">0</SimpleData>
		<SimpleData name="UTMX">0</SimpleData>
		<SimpleData name="COORH_X">1452126.375</SimpleData>
	</SchemaData></ExtendedData>
      <Point><coordinates>39.2998310332302,40.0490462991026</coordinates></Point>
  </Placemark>
  <Placemark id="cikti_dsimgi.418">
	<ExtendedData><SchemaData schemaUrl="#cikti_dsimgi">
		<SimpleData name="OBJECTID">418</SimpleData>
		<SimpleData name="HAVZA_NO">14</SimpleData>
		<SimpleData name="IST_NO">14-022</SimpleData>
		<SimpleData name="IST_AD">Çomarköy</SimpleData>
		<SimpleData name="IST_TIP">MGI</SimpleData>
		<SimpleData name="BOLGE_NO">05</SimpleData>
		<SimpleData name="RASAT_TIP">Y</SimpleData>
		<SimpleData name="ILI">Çorum</SimpleData>
		<SimpleData name="ILCESI">Alaca</SimpleData>
		<SimpleData name="IST_KOT">1070</SimpleData>
		<SimpleData name="DURUMU">K</SimpleData>
		<SimpleData name="IST_AC">1966/09/11 00:00:00</SimpleData>
		<SimpleData name="IST_KAP">1979/10/01 00:00:00</SimpleData>
		<SimpleData name="CKS_BOYLAM">34:44:00</SimpleData>
		<SimpleData name="CKS_ENLEM">40:07:00</SimpleData>
		<SimpleData name="UTM_ZONE">0</SimpleData>
		<SimpleData name="UTMY">0</SimpleData>
		<SimpleData name="UTMX">0</SimpleData>
		<SimpleData name="COORH_X">1062534.125</SimpleData>
	</SchemaData></ExtendedData>
      <Point><coordinates>34.7330440279913,40.1157003928671</coordinates></Point>
  </Placemark>
  <Placemark id="cikti_dsimgi.419">
	<ExtendedData><SchemaData schemaUrl="#cikti_dsimgi">
		<SimpleData name="OBJECTID">419</SimpleData>
		<SimpleData name="HAVZA_NO">14</SimpleData>
		<SimpleData name="IST_NO">14-023</SimpleData>
		<SimpleData name="IST_AD">Alçabel</SimpleData>
		<SimpleData name="IST_TIP">MGI</SimpleData>
		<SimpleData name="BOLGE_NO">07</SimpleData>
		<SimpleData name="RASAT_TIP">YB</SimpleData>
		<SimpleData name="ILI">Amasya</SimpleData>
		<SimpleData name="ILCESI">Tasova</SimpleData>
		<SimpleData name="IST_KOT">820</SimpleData>
		<SimpleData name="DURUMU">K</SimpleData>
		<SimpleData name="IST_AC">1969/06/18 00:00:00</SimpleData>
		<SimpleData name="IST_KAP">1973/05/31 00:00:00</SimpleData>
		<SimpleData name="CKS_BOYLAM">36:21:00</SimpleData>
		<SimpleData name="CKS_ENLEM">40:57:00</SimpleData>
		<SimpleData name="UTM_ZONE">0</SimpleData>
		<SimpleData name="UTMY">0</SimpleData>
		<SimpleData name="UTMX">0</SimpleData>
		<SimpleData name="COORH_X">1197831</SimpleData>
	</SchemaData></ExtendedData>
      <Point><coordinates>36.3497482229427,40.9490594200124</coordinates></Point>
  </Placemark>
  <Placemark id="cikti_dsimgi.420">
	<ExtendedData><SchemaData schemaUrl="#cikti_dsimgi">
		<SimpleData name="OBJECTID">420</SimpleData>
		<SimpleData name="HAVZA_NO">14</SimpleData>
		<SimpleData name="IST_NO">14-024</SimpleData>
		<SimpleData name="IST_AD">Evciyenikisla</SimpleData>
		<SimpleData name="IST_TIP">MGI</SimpleData>
		<SimpleData name="BOLGE_NO">05</SimpleData>
		<SimpleData name="RASAT_TIP">YB</SimpleData>
		<SimpleData name="ILI">Çorum</SimpleData>
		<SimpleData name="ILCESI">Merkez</SimpleData>
		<SimpleData name="IST_KOT">1000</SimpleData>
		<SimpleData name="DURUMU">A</SimpleData>
		<SimpleData name="IST_AC">1970/09/28 00:00:00</SimpleData>
		<SimpleData name="CKS_BOYLAM">34:40:03</SimpleData>
		<SimpleData name="CKS_ENLEM">40:23:39</SimpleData>
		<SimpleData name="UTM_ZONE">36</SimpleData>
		<SimpleData name="UTMY">0</SimpleData>
		<SimpleData name="UTMX">0</SimpleData>
		<SimpleData name="COORH_X">1056680.125</SimpleData>
	</SchemaData></ExtendedData>
      <Point><coordinates>34.6672072879635,40.3932067473807</coordinates></Point>
  </Placemark>
  <Placemark id="cikti_dsimgi.421">
	<ExtendedData><SchemaData schemaUrl="#cikti_dsimgi">
		<SimpleData name="OBJECTID">421</SimpleData>
		<SimpleData name="HAVZA_NO">14</SimpleData>
		<SimpleData name="IST_NO">14-025</SimpleData>
		<SimpleData name="IST_AD">Yolkaya</SimpleData>
		<SimpleData name="IST_TIP">MGI</SimpleData>
		<SimpleData name="BOLGE_NO">19</SimpleData>
		<SimpleData name="RASAT_TIP">YB</SimpleData>
		<SimpleData name="ILI">Sivas</SimpleData>
		<SimpleData name="ILCESI">Yildizeli</SimpleData>
		<SimpleData name="IST_KOT">1260</SimpleData>
		<SimpleData name="DURUMU">K</SimpleData>
		<SimpleData name="IST_AC">1979/07/05 00:00:00</SimpleData>
		<SimpleData name="IST_KAP">1994/07/07 00:00:00</SimpleData>
		<SimpleData name="CKS_BOYLAM">36:16:00</SimpleData>
		<SimpleData name="CKS_ENLEM">39:45:00</SimpleData>
		<SimpleData name="UTM_ZONE">0</SimpleData>
		<SimpleData name="UTMY">0</SimpleData>
		<SimpleData name="UTMX">0</SimpleData>
		<SimpleData name="COORH_X">1194345.25</SimpleData>
	</SchemaData></ExtendedData>
      <Point><coordinates>36.2664194296584,39.7490303659439</coordinates></Point>
  </Placemark>
  <Placemark id="cikti_dsimgi.422">
	<ExtendedData><SchemaData schemaUrl="#cikti_dsimgi">
		<SimpleData name="OBJECTID">422</SimpleData>
		<SimpleData name="HAVZA_NO">14</SimpleData>
		<SimpleData name="IST_NO">14-026</SimpleData>
		<SimpleData name="IST_AD">Yedikir Baraji</SimpleData>
		<SimpleData name="IST_TIP">MGI</SimpleData>
		<SimpleData name="BOLGE_NO">07</SimpleData>
		<SimpleData name="RASAT_TIP">YB</SimpleData>
		<SimpleData name="ILI">Amasya</SimpleData>
		<SimpleData name="ILCESI">Suluova</SimpleData>
		<SimpleData name="IST_KOT">523</SimpleData>
		<SimpleData name="DURUMU">K</SimpleData>
		<SimpleData name="IST_AC">1989/05/25 00:00:00</SimpleData>
		<SimpleData name="IST_KAP">1992/07/31 00:00:00</SimpleData>
		<SimpleData name="CKS_BOYLAM">35:35:00</SimpleData>
		<SimpleData name="CKS_ENLEM">40:48:00</SimpleData>
		<SimpleData name="UTM_ZONE">0</SimpleData>
		<SimpleData name="UTMY">0</SimpleData>
		<SimpleData name="UTMX">0</SimpleData>
		<SimpleData name="COORH_X">1133607.5</SimpleData>
	</SchemaData></ExtendedData>
      <Point><coordinates>35.5830621692718,40.7990531285905</coordinates></Point>
  </Placemark>
  <Placemark id="cikti_dsimgi.423">
	<ExtendedData><SchemaData schemaUrl="#cikti_dsimgi">
		<SimpleData name="OBJECTID">423</SimpleData>
		<SimpleData name="HAVZA_NO">14</SimpleData>
		<SimpleData name="IST_NO">14-027</SimpleData>
		<SimpleData name="IST_AD">Kiliçkaya</SimpleData>
		<SimpleData name="IST_TIP">MGI</SimpleData>
		<SimpleData name="BOLGE_NO">19</SimpleData>
		<SimpleData name="RASAT_TIP">Y</SimpleData>
		<SimpleData name="ILI">Sivas</SimpleData>
		<SimpleData name="ILCESI">Susehri</SimpleData>
		<SimpleData name="IST_KOT">850</SimpleData>
		<SimpleData name="DURUMU">K</SimpleData>
		<SimpleData name="IST_AC">1983/12/15 00:00:00</SimpleData>
		<SimpleData name="IST_KAP">1994/07/07 00:00:00</SimpleData>
		<SimpleData name="CKS_BOYLAM">38:05:00</SimpleData>
		<SimpleData name="CKS_ENLEM">40:10:00</SimpleData>
		<SimpleData name="UTM_ZONE">0</SimpleData>
		<SimpleData name="UTMY">0</SimpleData>
		<SimpleData name="UTMX">0</SimpleData>
		<SimpleData name="COORH_X">1347809</SimpleData>
	</SchemaData></ExtendedData>
      <Point><coordinates>38.0831316531349,40.1657124191989</coordinates></Point>
  </Placemark>
  <Placemark id="cikti_dsimgi.424">
	<ExtendedData><SchemaData schemaUrl="#cikti_dsimgi">
		<SimpleData name="OBJECTID">424</SimpleData>
		<SimpleData name="HAVZA_NO">14</SimpleData>
		<SimpleData name="IST_NO">14-028</SimpleData>
		<SimpleData name="IST_AD">Çamur</SimpleData>
		<SimpleData name="IST_TIP">MGI</SimpleData>
		<SimpleData name="BOLGE_NO">22</SimpleData>
		<SimpleData name="RASAT_TIP">YB</SimpleData>
		<SimpleData name="ILI">Gümüshane</SimpleData>
		<SimpleData name="ILCESI">Kelkit</SimpleData>
		<SimpleData name="IST_KOT">1880</SimpleData>
		<SimpleData name="DURUMU">A</SimpleData>
		<SimpleData name="IST_AC">1984/10/01 00:00:00</SimpleData>
		<SimpleData name="P25_PNO">I43-a2</SimpleData>
		<SimpleData name="CKS_BOYLAM">39:44:10</SimpleData>
		<SimpleData name="CKS_ENLEM">39:58:11</SimpleData>
		<SimpleData name="UTM_ZONE">37</SimpleData>
		<SimpleData name="UTMY">0</SimpleData>
		<SimpleData name="UTMX">0</SimpleData>
		<SimpleData name="COORH_X">1489873</SimpleData>
	</SchemaData></ExtendedData>
      <Point><coordinates>39.7359540419598,39.9687676973775</coordinates></Point>
  </Placemark>
  <Placemark id="cikti_dsimgi.425">
	<ExtendedData><SchemaData schemaUrl="#cikti_dsimgi">
		<SimpleData name="OBJECTID">425</SimpleData>
		<SimpleData name="HAVZA_NO">15</SimpleData>
		<SimpleData name="IST_NO">15-001</SimpleData>
		<SimpleData name="IST_AD">Karasenir</SimpleData>
		<SimpleData name="IST_TIP">MGI</SimpleData>
		<SimpleData name="BOLGE_NO">12</SimpleData>
		<SimpleData name="RASAT_TIP">YB</SimpleData>
		<SimpleData name="ILI">Nevsehir</SimpleData>
		<SimpleData name="ILCESI">Kozakli</SimpleData>
		<SimpleData name="IST_KOT">970</SimpleData>
		<SimpleData name="DURUMU">K</SimpleData>
		<SimpleData name="IST_AC">1959/06/01 00:00:00</SimpleData>
		<SimpleData name="IST_KAP">1972/10/31 00:00:00</SimpleData>
		<SimpleData name="CKS_BOYLAM">34:54:00</SimpleData>
		<SimpleData name="CKS_ENLEM">39:16:00</SimpleData>
		<SimpleData name="UTM_ZONE">0</SimpleData>
		<SimpleData name="UTMY">0</SimpleData>
		<SimpleData name="UTMX">0</SimpleData>
		<SimpleData name="COORH_X">1077738.5</SimpleData>
	</SchemaData></ExtendedData>
      <Point><coordinates>34.8997201053897,39.2656812613465</coordinates></Point>
  </Placemark>
  <Placemark id="cikti_dsimgi.426">
	<ExtendedData><SchemaData schemaUrl="#cikti_dsimgi">
		<SimpleData name="OBJECTID">426</SimpleData>
		<SimpleData name="HAVZA_NO">15</SimpleData>
		<SimpleData name="IST_NO">15-002</SimpleData>
		<SimpleData name="IST_AD">Damsa Baraji</SimpleData>
		<SimpleData name="IST_TIP">MGI</SimpleData>
		<SimpleData name="BOLGE_NO">12</SimpleData>
		<SimpleData name="RASAT_TIP">YB</SimpleData>
		<SimpleData name="ILI">Nevsehir</SimpleData>
		<SimpleData name="ILCESI">Ürgüp</SimpleData>
		<SimpleData name="IST_KOT">1215</SimpleData>
		<SimpleData name="DURUMU">A</SimpleData>
		<SimpleData name="IST_AC">1961/01/01 00:00:00</SimpleData>
		<SimpleData name="P25_PNO">k33-c3</SimpleData>
		<SimpleData name="CKS_BOYLAM">34:55:22</SimpleData>
		<SimpleData name="CKS_ENLEM">38:33:27</SimpleData>
		<SimpleData name="UTM_ZONE">36</SimpleData>
		<SimpleData name="UTMY">0</SimpleData>
		<SimpleData name="UTMX">0</SimpleData>
		<SimpleData name="COORH_X">1080555.375</SimpleData>
	</SchemaData></ExtendedData>
      <Point><coordinates>34.922502531828,38.55649881679</coordinates></Point>
  </Placemark>
  <Placemark id="cikti_dsimgi.427">
	<ExtendedData><SchemaData schemaUrl="#cikti_dsimgi">
		<SimpleData name="OBJECTID">427</SimpleData>
		<SimpleData name="HAVZA_NO">15</SimpleData>
		<SimpleData name="IST_NO">15-003</SimpleData>
		<SimpleData name="IST_AD">Çikinagil</SimpleData>
		<SimpleData name="IST_TIP">MGI</SimpleData>
		<SimpleData name="BOLGE_NO">05</SimpleData>
		<SimpleData name="RASAT_TIP">Y</SimpleData>
		<SimpleData name="ILI">Ankara</SimpleData>
		<SimpleData name="ILCESI">Evren</SimpleData>
		<SimpleData name="IST_KOT">905</SimpleData>
		<SimpleData name="DURUMU">K</SimpleData>
		<SimpleData name="IST_AC">1964/07/08 00:00:00</SimpleData>
		<SimpleData name="IST_KAP">1972/12/01 00:00:00</SimpleData>
		<SimpleData name="CKS_BOYLAM">33:51:00</SimpleData>
		<SimpleData name="CKS_ENLEM">39:04:00</SimpleData>
		<SimpleData name="UTM_ZONE">0</SimpleData>
		<SimpleData name="UTMY">0</SimpleData>
		<SimpleData name="UTMX">0</SimpleData>
		<SimpleData name="COORH_X">987004.375</SimpleData>
	</SchemaData></ExtendedData>
      <Point><coordinates>33.8496944061463,39.065672951838</coordinates></Point>
  </Placemark>
  <Placemark id="cikti_dsimgi.428">
	<ExtendedData><SchemaData schemaUrl="#cikti_dsimgi">
		<SimpleData name="OBJECTID">428</SimpleData>
		<SimpleData name="HAVZA_NO">15</SimpleData>
		<SimpleData name="IST_NO">15-004</SimpleData>
		<SimpleData name="IST_AD">Karacaören</SimpleData>
		<SimpleData name="IST_TIP">MGI</SimpleData>
		<SimpleData name="BOLGE_NO">19</SimpleData>
		<SimpleData name="RASAT_TIP">YB</SimpleData>
		<SimpleData name="ILI">Sivas</SimpleData>
		<SimpleData name="ILCESI">Imranli</SimpleData>
		<SimpleData name="IST_KOT">1580</SimpleData>
		<SimpleData name="DURUMU">K</SimpleData>
		<SimpleData name="IST_AC">1964/07/24 00:00:00</SimpleData>
		<SimpleData name="IST_KAP">1994/07/07 00:00:00</SimpleData>
		<SimpleData name="CKS_BOYLAM">38:09:00</SimpleData>
		<SimpleData name="CKS_ENLEM">39:44:00</SimpleData>
		<SimpleData name="UTM_ZONE">0</SimpleData>
		<SimpleData name="UTMY">0</SimpleData>
		<SimpleData name="UTMX">0</SimpleData>
		<SimpleData name="COORH_X">1355815.25</SimpleData>
	</SchemaData></ExtendedData>
      <Point><coordinates>38.1498021675418,39.7323690222109</coordinates></Point>
  </Placemark>
  <Placemark id="cikti_dsimgi.429">
	<ExtendedData><SchemaData schemaUrl="#cikti_dsimgi">
		<SimpleData name="OBJECTID">429</SimpleData>
		<SimpleData name="HAVZA_NO">15</SimpleData>
		<SimpleData name="IST_NO">15-005</SimpleData>
		<SimpleData name="IST_AD">Holuz ( Günalan )</SimpleData>
		<SimpleData name="IST_TIP">MGI</SimpleData>
		<SimpleData name="BOLGE_NO">05</SimpleData>
		<SimpleData name="RASAT_TIP">YB</SimpleData>
		<SimpleData name="ILI">Ankara</SimpleData>
		<SimpleData name="ILCESI">Gölbasi</SimpleData>
		<SimpleData name="IST_KOT">1230</SimpleData>
		<SimpleData name="DURUMU">A</SimpleData>
		<SimpleData name="IST_AC">1971/09/16 00:00:00</SimpleData>
		<SimpleData name="CKS_BOYLAM">32:52:46</SimpleData>
		<SimpleData name="CKS_ENLEM">39:37:24</SimpleData>
		<SimpleData name="UTM_ZONE">36</SimpleData>
		<SimpleData name="UTMY">0</SimpleData>
		<SimpleData name="UTMX">0</SimpleData>
		<SimpleData name="COORH_X">903730.3125</SimpleData>
	</SchemaData></ExtendedData>
      <Point><coordinates>32.8791104618958,39.6223485078589</coordinates></Point>
  </Placemark>
  <Placemark id="cikti_dsimgi.430">
	<ExtendedData><SchemaData schemaUrl="#cikti_dsimgi">
		<SimpleData name="OBJECTID">430</SimpleData>
		<SimpleData name="HAVZA_NO">15</SimpleData>
		<SimpleData name="IST_NO">15-006</SimpleData>
		<SimpleData name="IST_AD">Hirfanli Baraji</SimpleData>
		<SimpleData name="IST_TIP">MGI</SimpleData>
		<SimpleData name="BOLGE_NO">05</SimpleData>
		<SimpleData name="RASAT_TIP">YB</SimpleData>
		<SimpleData name="ILI">Kirsehir</SimpleData>
		<SimpleData name="ILCESI">Kaman</SimpleData>
		<SimpleData name="IST_KOT">1060</SimpleData>
		<SimpleData name="DURUMU">K</SimpleData>
		<SimpleData name="IST_AC">1959/03/01 00:00:00</SimpleData>
		<SimpleData name="IST_KAP">1994/08/01 00:00:00</SimpleData>
		<SimpleData name="CKS_BOYLAM">33:33:00</SimpleData>
		<SimpleData name="CKS_ENLEM">39:17:00</SimpleData>
		<SimpleData name="UTM_ZONE">0</SimpleData>
		<SimpleData name="UTMY">0</SimpleData>
		<SimpleData name="UTMX">0</SimpleData>
		<SimpleData name="COORH_X">961139.9375</SimpleData>
	</SchemaData></ExtendedData>
      <Point><coordinates>33.5496853841947,39.282343344532</coordinates></Point>
  </Placemark>
  <Placemark id="cikti_dsimgi.431">
	<ExtendedData><SchemaData schemaUrl="#cikti_dsimgi">
		<SimpleData name="OBJECTID">431</SimpleData>
		<SimpleData name="HAVZA_NO">15</SimpleData>
		<SimpleData name="IST_NO">15-007</SimpleData>
		<SimpleData name="IST_AD">Sarimsakli Baraji</SimpleData>
		<SimpleData name="IST_TIP">MGI</SimpleData>
		<SimpleData name="BOLGE_NO">12</SimpleData>
		<SimpleData name="RASAT_TIP">YB</SimpleData>
		<SimpleData name="ILI">Kayseri</SimpleData>
		<SimpleData name="ILCESI">Merkez</SimpleData>
		<SimpleData name="IST_KOT">1206</SimpleData>
		<SimpleData name="DURUMU">A</SimpleData>
		<SimpleData name="IST_AC">1965/07/21 00:00:00</SimpleData>
		<SimpleData name="P25_PNO">k35-a2</SimpleData>
		<SimpleData name="CKS_BOYLAM">35:44:01</SimpleData>
		<SimpleData name="CKS_ENLEM">38:53:39</SimpleData>
		<SimpleData name="UTM_ZONE">36</SimpleData>
		<SimpleData name="UTMY">0</SimpleData>
		<SimpleData name="UTMX">0</SimpleData>
		<SimpleData name="COORH_X">1150573.375</SimpleData>
	</SchemaData></ExtendedData>
      <Point><coordinates>35.7333547669253,38.8931756777673</coordinates></Point>
  </Placemark>
  <Placemark id="cikti_dsimgi.432">
	<ExtendedData><SchemaData schemaUrl="#cikti_dsimgi">
		<SimpleData name="OBJECTID">432</SimpleData>
		<SimpleData name="HAVZA_NO">15</SimpleData>
		<SimpleData name="IST_NO">15-009</SimpleData>
		<SimpleData name="IST_AD">Hidirseyh</SimpleData>
		<SimpleData name="IST_TIP">MGI</SimpleData>
		<SimpleData name="BOLGE_NO">05</SimpleData>
		<SimpleData name="RASAT_TIP">Y</SimpleData>
		<SimpleData name="ILI">Kirikkale</SimpleData>
		<SimpleData name="ILCESI">Baliseyh</SimpleData>
		<SimpleData name="IST_KOT">1040</SimpleData>
		<SimpleData name="DURUMU">K</SimpleData>
		<SimpleData name="IST_AC">1963/11/25 00:00:00</SimpleData>
		<SimpleData name="IST_KAP">1977/01/02 00:00:00</SimpleData>
		<SimpleData name="CKS_BOYLAM">33:42:00</SimpleData>
		<SimpleData name="CKS_ENLEM">40:02:00</SimpleData>
		<SimpleData name="UTM_ZONE">0</SimpleData>
		<SimpleData name="UTMY">0</SimpleData>
		<SimpleData name="UTMX">0</SimpleData>
		<SimpleData name="COORH_X">974385.1875</SimpleData>
	</SchemaData></ExtendedData>
      <Point><coordinates>33.6996844471231,40.0323612426021</coordinates></Point>
  </Placemark>
  <Placemark id="cikti_dsimgi.433">
	<ExtendedData><SchemaData schemaUrl="#cikti_dsimgi">
		<SimpleData name="OBJECTID">433</SimpleData>
		<SimpleData name="HAVZA_NO">15</SimpleData>
		<SimpleData name="IST_NO">15-010</SimpleData>
		<SimpleData name="IST_AD">Tüney</SimpleData>
		<SimpleData name="IST_TIP">MGI</SimpleData>
		<SimpleData name="BOLGE_NO">05</SimpleData>
		<SimpleData name="RASAT_TIP">Y</SimpleData>
		<SimpleData name="ILI">Ankara</SimpleData>
		<SimpleData name="ILCESI">Kalecik</SimpleData>
		<SimpleData name="IST_KOT">800</SimpleData>
		<SimpleData name="DURUMU">A</SimpleData>
		<SimpleData name="IST_AC">1963/12/01 00:00:00</SimpleData>
		<SimpleData name="CKS_BOYLAM">33:31:09</SimpleData>
		<SimpleData name="CKS_ENLEM">40:21:39</SimpleData>
		<SimpleData name="UTM_ZONE">36</SimpleData>
		<SimpleData name="UTMY">0</SimpleData>
		<SimpleData name="UTMX">0</SimpleData>
		<SimpleData name="COORH_X">959149.5</SimpleData>
	</SchemaData></ExtendedData>
      <Point><coordinates>33.5188442505798,40.3598682447564</coordinates></Point>
  </Placemark>
  <Placemark id="cikti_dsimgi.434">
	<ExtendedData><SchemaData schemaUrl="#cikti_dsimgi">
		<SimpleData name="OBJECTID">434</SimpleData>
		<SimpleData name="HAVZA_NO">15</SimpleData>
		<SimpleData name="IST_NO">15-011</SimpleData>
		<SimpleData name="IST_AD">Kirikkale</SimpleData>
		<SimpleData name="IST_TIP">MGI</SimpleData>
		<SimpleData name="BOLGE_NO">05</SimpleData>
		<SimpleData name="RASAT_TIP">Y</SimpleData>
		<SimpleData name="ILI">Kirikkale</SimpleData>
		<SimpleData name="ILCESI">Merkez</SimpleData>
		<SimpleData name="IST_KOT">750</SimpleData>
		<SimpleData name="DURUMU">K</SimpleData>
		<SimpleData name="IST_AC">1964/09/04 00:00:00</SimpleData>
		<SimpleData name="IST_KAP">1968/05/31 00:00:00</SimpleData>
		<SimpleData name="CKS_BOYLAM">33:32:00</SimpleData>
		<SimpleData name="CKS_ENLEM">39:51:00</SimpleData>
		<SimpleData name="UTM_ZONE">0</SimpleData>
		<SimpleData name="UTMY">0</SimpleData>
		<SimpleData name="UTMX">0</SimpleData>
		<SimpleData name="COORH_X">960043.8125</SimpleData>
	</SchemaData></ExtendedData>
      <Point><coordinates>33.5330146458534,39.8490229797377</coordinates></Point>
  </Placemark>
  <Placemark id="cikti_dsimgi.435">
	<ExtendedData><SchemaData schemaUrl="#cikti_dsimgi">
		<SimpleData name="OBJECTID">435</SimpleData>
		<SimpleData name="HAVZA_NO">15</SimpleData>
		<SimpleData name="IST_NO">15-012</SimpleData>
		<SimpleData name="IST_AD">Kirsehir</SimpleData>
		<SimpleData name="IST_TIP">MGI</SimpleData>
		<SimpleData name="BOLGE_NO">12</SimpleData>
		<SimpleData name="RASAT_TIP">YB</SimpleData>
		<SimpleData name="ILI">Kirsehir</SimpleData>
		<SimpleData name="ILCESI">Merkez</SimpleData>
		<SimpleData name="IST_KOT">1000</SimpleData>
		<SimpleData name="DURUMU">K</SimpleData>
		<SimpleData name="IST_AC">1964/09/01 00:00:00</SimpleData>
		<SimpleData name="IST_KAP">1969/03/31 00:00:00</SimpleData>
		<SimpleData name="CKS_BOYLAM">34:13:00</SimpleData>
		<SimpleData name="CKS_ENLEM">39:11:00</SimpleData>
		<SimpleData name="UTM_ZONE">0</SimpleData>
		<SimpleData name="UTMY">0</SimpleData>
		<SimpleData name="UTMX">0</SimpleData>
		<SimpleData name="COORH_X">1018738.625</SimpleData>
	</SchemaData></ExtendedData>
      <Point><coordinates>34.2163697304868,39.1823436062672</coordinates></Point>
  </Placemark>
  <Placemark id="cikti_dsimgi.436">
	<ExtendedData><SchemaData schemaUrl="#cikti_dsimgi">
		<SimpleData name="OBJECTID">436</SimpleData>
		<SimpleData name="HAVZA_NO">15</SimpleData>
		<SimpleData name="IST_NO">15-013</SimpleData>
		<SimpleData name="IST_AD">Uyanik (Babsu)</SimpleData>
		<SimpleData name="IST_TIP">MGI</SimpleData>
		<SimpleData name="BOLGE_NO">19</SimpleData>
		<SimpleData name="RASAT_TIP">Y</SimpleData>
		<SimpleData name="ILI">Sivas</SimpleData>
		<SimpleData name="ILCESI">Imranli</SimpleData>
		<SimpleData name="IST_KOT">1760</SimpleData>
		<SimpleData name="DURUMU">K</SimpleData>
		<SimpleData name="IST_AC">1966/10/16 00:00:00</SimpleData>
		<SimpleData name="IST_KAP">1977/12/23 00:00:00</SimpleData>
		<SimpleData name="CKS_BOYLAM">38:20:00</SimpleData>
		<SimpleData name="CKS_ENLEM">39:49:00</SimpleData>
		<SimpleData name="UTM_ZONE">0</SimpleData>
		<SimpleData name="UTMY">0</SimpleData>
		<SimpleData name="UTMX">0</SimpleData>
		<SimpleData name="COORH_X">1371052.5</SimpleData>
	</SchemaData></ExtendedData>
      <Point><coordinates>38.3331399072118,39.8157048429117</coordinates></Point>
  </Placemark>
  <Placemark id="cikti_dsimgi.437">
	<ExtendedData><SchemaData schemaUrl="#cikti_dsimgi">
		<SimpleData name="OBJECTID">437</SimpleData>
		<SimpleData name="HAVZA_NO">15</SimpleData>
		<SimpleData name="IST_NO">15-015</SimpleData>
		<SimpleData name="IST_AD">Kesikköprü Baraji</SimpleData>
		<SimpleData name="IST_TIP">MGI</SimpleData>
		<SimpleData name="BOLGE_NO">12</SimpleData>
		<SimpleData name="RASAT_TIP">Y</SimpleData>
		<SimpleData name="ILI">Ankara</SimpleData>
		<SimpleData name="ILCESI">Bala</SimpleData>
		<SimpleData name="IST_KOT">1100</SimpleData>
		<SimpleData name="DURUMU">K</SimpleData>
		<SimpleData name="IST_AC">1960/09/01 00:00:00</SimpleData>
		<SimpleData name="IST_KAP">1973/02/23 00:00:00</SimpleData>
		<SimpleData name="CKS_BOYLAM">33:26:00</SimpleData>
		<SimpleData name="CKS_ENLEM">39:23:00</SimpleData>
		<SimpleData name="UTM_ZONE">0</SimpleData>
		<SimpleData name="UTMY">0</SimpleData>
		<SimpleData name="UTMX">0</SimpleData>
		<SimpleData name="COORH_X">951138.75</SimpleData>
	</SchemaData></ExtendedData>
      <Point><coordinates>33.4330150770411,39.3823451737425</coordinates></Point>
  </Placemark>
  <Placemark id="cikti_dsimgi.438">
	<ExtendedData><SchemaData schemaUrl="#cikti_dsimgi">
		<SimpleData name="OBJECTID">438</SimpleData>
		<SimpleData name="HAVZA_NO">15</SimpleData>
		<SimpleData name="IST_NO">15-016</SimpleData>
		<SimpleData name="IST_AD">Soysalli</SimpleData>
		<SimpleData name="IST_TIP">MGI</SimpleData>
		<SimpleData name="BOLGE_NO">05</SimpleData>
		<SimpleData name="RASAT_TIP">Y</SimpleData>
		<SimpleData name="ILI">Kayseri</SimpleData>
		<SimpleData name="ILCESI">Develi</SimpleData>
		<SimpleData name="IST_KOT">775</SimpleData>
		<SimpleData name="DURUMU">K</SimpleData>
		<SimpleData name="IST_AC">1961/12/01 00:00:00</SimpleData>
		<SimpleData name="IST_KAP">1971/05/31 00:00:00</SimpleData>
		<SimpleData name="CKS_BOYLAM">35:23:00</SimpleData>
		<SimpleData name="CKS_ENLEM">38:23:00</SimpleData>
		<SimpleData name="UTM_ZONE">0</SimpleData>
		<SimpleData name="UTMY">0</SimpleData>
		<SimpleData name="UTMX">0</SimpleData>
		<SimpleData name="COORH_X">1121070.375</SimpleData>
	</SchemaData></ExtendedData>
      <Point><coordinates>35.3830707880714,38.3823298906175</coordinates></Point>
  </Placemark>
  <Placemark id="cikti_dsimgi.439">
	<ExtendedData><SchemaData schemaUrl="#cikti_dsimgi">
		<SimpleData name="OBJECTID">439</SimpleData>
		<SimpleData name="HAVZA_NO">15</SimpleData>
		<SimpleData name="IST_NO">15-017</SimpleData>
		<SimpleData name="IST_AD">Hidirlik</SimpleData>
		<SimpleData name="IST_TIP">MGI</SimpleData>
		<SimpleData name="BOLGE_NO">07</SimpleData>
		<SimpleData name="RASAT_TIP">YB</SimpleData>
		<SimpleData name="ILI">Çankiri</SimpleData>
		<SimpleData name="ILCESI">Merkez</SimpleData>
		<SimpleData name="IST_KOT">4</SimpleData>
		<SimpleData name="DURUMU">A</SimpleData>
		<SimpleData name="IST_AC">1962/07/19 00:00:00</SimpleData>
		<SimpleData name="CKS_BOYLAM">33:37:00</SimpleData>
		<SimpleData name="CKS_ENLEM">40:36:00</SimpleData>
		<SimpleData name="UTM_ZONE">0</SimpleData>
		<SimpleData name="UTMY">0</SimpleData>
		<SimpleData name="UTMX">0</SimpleData>
		<SimpleData name="COORH_X">967551.75</SimpleData>
	</SchemaData></ExtendedData>
      <Point><coordinates>33.6163451837564,40.5990410168075</coordinates></Point>
  </Placemark>
  <Placemark id="cikti_dsimgi.440">
	<ExtendedData><SchemaData schemaUrl="#cikti_dsimgi">
		<SimpleData name="OBJECTID">440</SimpleData>
		<SimpleData name="HAVZA_NO">15</SimpleData>
		<SimpleData name="IST_NO">15-019</SimpleData>
		<SimpleData name="IST_AD">Akbelen</SimpleData>
		<SimpleData name="IST_TIP">MGI</SimpleData>
		<SimpleData name="BOLGE_NO">07</SimpleData>
		<SimpleData name="RASAT_TIP">Y</SimpleData>
		<SimpleData name="ILI">Samsun</SimpleData>
		<SimpleData name="ILCESI">Bafra</SimpleData>
		<SimpleData name="IST_KOT">2</SimpleData>
		<SimpleData name="DURUMU">K</SimpleData>
		<SimpleData name="IST_AC">1962/07/15 00:00:00</SimpleData>
		<SimpleData name="IST_KAP">1972/12/31 00:00:00</SimpleData>
		<SimpleData name="CKS_BOYLAM">34:04:00</SimpleData>
		<SimpleData name="CKS_ENLEM">41:39:00</SimpleData>
		<SimpleData name="UTM_ZONE">0</SimpleData>
		<SimpleData name="UTMY">0</SimpleData>
		<SimpleData name="UTMX">0</SimpleData>
		<SimpleData name="COORH_X">1076740.375</SimpleData>
	</SchemaData></ExtendedData>
      <Point><coordinates>34.9163746455961,41.3157301218143</coordinates></Point>
  </Placemark>
  <Placemark id="cikti_dsimgi.441">
	<ExtendedData><SchemaData schemaUrl="#cikti_dsimgi">
		<SimpleData name="OBJECTID">441</SimpleData>
		<SimpleData name="HAVZA_NO">15</SimpleData>
		<SimpleData name="IST_NO">15-021</SimpleData>
		<SimpleData name="IST_AD">Kösedik</SimpleData>
		<SimpleData name="IST_TIP">MGI</SimpleData>
		<SimpleData name="BOLGE_NO">07</SimpleData>
		<SimpleData name="RASAT_TIP">Y</SimpleData>
		<SimpleData name="ILI">Samsun</SimpleData>
		<SimpleData name="ILCESI">Bafra</SimpleData>
		<SimpleData name="IST_KOT">670</SimpleData>
		<SimpleData name="DURUMU">K</SimpleData>
		<SimpleData name="IST_AC">1962/11/25 00:00:00</SimpleData>
		<SimpleData name="IST_KAP">1981/03/01 00:00:00</SimpleData>
		<SimpleData name="CKS_BOYLAM">36:01:00</SimpleData>
		<SimpleData name="CKS_ENLEM">41:22:00</SimpleData>
		<SimpleData name="UTM_ZONE">0</SimpleData>
		<SimpleData name="UTMY">0</SimpleData>
		<SimpleData name="UTMX">0</SimpleData>
		<SimpleData name="COORH_X">1168685.75</SimpleData>
	</SchemaData></ExtendedData>
      <Point><coordinates>36.0164035839893,41.365735286772</coordinates></Point>
  </Placemark>
  <Placemark id="cikti_dsimgi.442">
	<ExtendedData><SchemaData schemaUrl="#cikti_dsimgi">
		<SimpleData name="OBJECTID">442</SimpleData>
		<SimpleData name="HAVZA_NO">15</SimpleData>
		<SimpleData name="IST_NO">15-022</SimpleData>
		<SimpleData name="IST_AD">Çaliyurt</SimpleData>
		<SimpleData name="IST_TIP">MGI</SimpleData>
		<SimpleData name="BOLGE_NO">19</SimpleData>
		<SimpleData name="RASAT_TIP">YB</SimpleData>
		<SimpleData name="ILI">Sivas</SimpleData>
		<SimpleData name="ILCESI">Imranli</SimpleData>
		<SimpleData name="IST_KOT">1850</SimpleData>
		<SimpleData name="DURUMU">K</SimpleData>
		<SimpleData name="IST_AC">1971/07/01 00:00:00</SimpleData>
		<SimpleData name="IST_KAP">1995/05/01 00:00:00</SimpleData>
		<SimpleData name="CKS_BOYLAM">38:15:00</SimpleData>
		<SimpleData name="CKS_ENLEM">39:57:00</SimpleData>
		<SimpleData name="UTM_ZONE">0</SimpleData>
		<SimpleData name="UTMY">0</SimpleData>
		<SimpleData name="UTMX">0</SimpleData>
		<SimpleData name="COORH_X">1363188</SimpleData>
	</SchemaData></ExtendedData>
      <Point><coordinates>38.2498037425359,39.9490411030108</coordinates></Point>
  </Placemark>
  <Placemark id="cikti_dsimgi.443">
	<ExtendedData><SchemaData schemaUrl="#cikti_dsimgi">
		<SimpleData name="OBJECTID">443</SimpleData>
		<SimpleData name="HAVZA_NO">15</SimpleData>
		<SimpleData name="IST_NO">15-024</SimpleData>
		<SimpleData name="IST_AD">Okçular</SimpleData>
		<SimpleData name="IST_TIP">MGI</SimpleData>
		<SimpleData name="BOLGE_NO">05</SimpleData>
		<SimpleData name="RASAT_TIP">Y</SimpleData>
		<SimpleData name="ILI">Çorum</SimpleData>
		<SimpleData name="ILCESI">Iskilip</SimpleData>
		<SimpleData name="IST_KOT">1360</SimpleData>
		<SimpleData name="DURUMU">K</SimpleData>
		<SimpleData name="IST_AC">1970/09/29 00:00:00</SimpleData>
		<SimpleData name="IST_KAP">1977/02/02 00:00:00</SimpleData>
		<SimpleData name="CKS_BOYLAM">34:20:00</SimpleData>
		<SimpleData name="CKS_ENLEM">40:55:00</SimpleData>
		<SimpleData name="UTM_ZONE">0</SimpleData>
		<SimpleData name="UTMY">0</SimpleData>
		<SimpleData name="UTMX">0</SimpleData>
		<SimpleData name="COORH_X">1028079</SimpleData>
	</SchemaData></ExtendedData>
      <Point><coordinates>34.3330285090933,40.9157181291453</coordinates></Point>
  </Placemark>
  <Placemark id="cikti_dsimgi.444">
	<ExtendedData><SchemaData schemaUrl="#cikti_dsimgi">
		<SimpleData name="OBJECTID">444</SimpleData>
		<SimpleData name="HAVZA_NO">15</SimpleData>
		<SimpleData name="IST_NO">15-025</SimpleData>
		<SimpleData name="IST_AD">Yeniköy (Hafik)</SimpleData>
		<SimpleData name="IST_TIP">MGI</SimpleData>
		<SimpleData name="BOLGE_NO">19</SimpleData>
		<SimpleData name="RASAT_TIP">YB</SimpleData>
		<SimpleData name="ILI">Sivas</SimpleData>
		<SimpleData name="ILCESI">Hafik</SimpleData>
		<SimpleData name="IST_KOT">1450</SimpleData>
		<SimpleData name="DURUMU">K</SimpleData>
		<SimpleData name="IST_AC">1966/10/17 00:00:00</SimpleData>
		<SimpleData name="IST_KAP">1994/07/07 00:00:00</SimpleData>
		<SimpleData name="CKS_BOYLAM">37:30:00</SimpleData>
		<SimpleData name="CKS_ENLEM">40:03:00</SimpleData>
		<SimpleData name="UTM_ZONE">0</SimpleData>
		<SimpleData name="UTMY">0</SimpleData>
		<SimpleData name="UTMX">0</SimpleData>
		<SimpleData name="COORH_X">1298681.625</SimpleData>
	</SchemaData></ExtendedData>
      <Point><coordinates>37.499783491767,40.0490412671044</coordinates></Point>
  </Placemark>
  <Placemark id="cikti_dsimgi.445">
	<ExtendedData><SchemaData schemaUrl="#cikti_dsimgi">
		<SimpleData name="OBJECTID">445</SimpleData>
		<SimpleData name="HAVZA_NO">15</SimpleData>
		<SimpleData name="IST_NO">15-026</SimpleData>
		<SimpleData name="IST_AD">Tatlarin Baraji</SimpleData>
		<SimpleData name="IST_TIP">MGI</SimpleData>
		<SimpleData name="BOLGE_NO">12</SimpleData>
		<SimpleData name="RASAT_TIP">YB</SimpleData>
		<SimpleData name="ILI">Nevsehir</SimpleData>
		<SimpleData name="ILCESI">Merkez</SimpleData>
		<SimpleData name="IST_KOT">1150</SimpleData>
		<SimpleData name="DURUMU">K</SimpleData>
		<SimpleData name="IST_AC">1967/07/12 00:00:00</SimpleData>
		<SimpleData name="IST_KAP">1985/06/15 00:00:00</SimpleData>
		<SimpleData name="P25_PNO">k32-c2</SimpleData>
		<SimpleData name="CKS_BOYLAM">34:29:19</SimpleData>
		<SimpleData name="CKS_ENLEM">38:37:07</SimpleData>
		<SimpleData name="UTM_ZONE">36</SimpleData>
		<SimpleData name="UTMY">0</SimpleData>
		<SimpleData name="UTMX">0</SimpleData>
		<SimpleData name="COORH_X">1042615.9375</SimpleData>
	</SchemaData></ExtendedData>
      <Point><coordinates>34.488324471781,38.6176097197544</coordinates></Point>
  </Placemark>
  <Placemark id="cikti_dsimgi.446">
	<ExtendedData><SchemaData schemaUrl="#cikti_dsimgi">
		<SimpleData name="OBJECTID">446</SimpleData>
		<SimpleData name="HAVZA_NO">15</SimpleData>
		<SimpleData name="IST_NO">15-027</SimpleData>
		<SimpleData name="IST_AD">Sogukçam (Bedes)</SimpleData>
		<SimpleData name="IST_TIP">MGI</SimpleData>
		<SimpleData name="BOLGE_NO">07</SimpleData>
		<SimpleData name="RASAT_TIP">Y</SimpleData>
		<SimpleData name="ILI">Samsun</SimpleData>
		<SimpleData name="ILCESI">Bafra</SimpleData>
		<SimpleData name="IST_KOT">2</SimpleData>
		<SimpleData name="DURUMU">K</SimpleData>
		<SimpleData name="IST_AC">1967/08/28 00:00:00</SimpleData>
		<SimpleData name="IST_KAP">1971/07/12 00:00:00</SimpleData>
		<SimpleData name="CKS_BOYLAM">35:46:00</SimpleData>
		<SimpleData name="CKS_ENLEM">41:36:00</SimpleData>
		<SimpleData name="UTM_ZONE">0</SimpleData>
		<SimpleData name="UTMY">0</SimpleData>
		<SimpleData name="UTMX">0</SimpleData>
		<SimpleData name="COORH_X">1147243</SimpleData>
	</SchemaData></ExtendedData>
      <Point><coordinates>35.7663954689068,41.5990736143618</coordinates></Point>
  </Placemark>
  <Placemark id="cikti_dsimgi.447">
	<ExtendedData><SchemaData schemaUrl="#cikti_dsimgi">
		<SimpleData name="OBJECTID">447</SimpleData>
		<SimpleData name="HAVZA_NO">15</SimpleData>
		<SimpleData name="IST_NO">15-028</SimpleData>
		<SimpleData name="IST_AD">Akköy Baraji</SimpleData>
		<SimpleData name="IST_TIP">MGI</SimpleData>
		<SimpleData name="BOLGE_NO">12</SimpleData>
		<SimpleData name="RASAT_TIP">YB</SimpleData>
		<SimpleData name="ILI">Kayseri</SimpleData>
		<SimpleData name="ILCESI">Yesilhisar</SimpleData>
		<SimpleData name="IST_KOT">1250</SimpleData>
		<SimpleData name="DURUMU">A</SimpleData>
		<SimpleData name="IST_AC">1968/10/03 00:00:00</SimpleData>
		<SimpleData name="P25_PNO">L34-a4</SimpleData>
		<SimpleData name="CKS_BOYLAM">35:01:43</SimpleData>
		<SimpleData name="CKS_ENLEM">38:19:17</SimpleData>
		<SimpleData name="UTM_ZONE">36</SimpleData>
		<SimpleData name="UTMY">0</SimpleData>
		<SimpleData name="UTMX">0</SimpleData>
		<SimpleData name="COORH_X">1090109.25</SimpleData>
	</SchemaData></ExtendedData>
      <Point><coordinates>35.0283398522437,38.3203828599205</coordinates></Point>
  </Placemark>
  <Placemark id="cikti_dsimgi.448">
	<ExtendedData><SchemaData schemaUrl="#cikti_dsimgi">
		<SimpleData name="OBJECTID">448</SimpleData>
		<SimpleData name="HAVZA_NO">15</SimpleData>
		<SimpleData name="IST_NO">15-029</SimpleData>
		<SimpleData name="IST_AD">Altinkaya</SimpleData>
		<SimpleData name="IST_TIP">MGI</SimpleData>
		<SimpleData name="BOLGE_NO">07</SimpleData>
		<SimpleData name="RASAT_TIP">Y</SimpleData>
		<SimpleData name="ILI">Samsun</SimpleData>
		<SimpleData name="ILCESI">Bafra</SimpleData>
		<SimpleData name="IST_KOT">75</SimpleData>
		<SimpleData name="DURUMU">K</SimpleData>
		<SimpleData name="IST_AC">1973/08/21 00:00:00</SimpleData>
		<SimpleData name="IST_KAP">1975/02/25 00:00:00</SimpleData>
		<SimpleData name="CKS_BOYLAM">35:49:00</SimpleData>
		<SimpleData name="CKS_ENLEM">41:24:00</SimpleData>
		<SimpleData name="UTM_ZONE">0</SimpleData>
		<SimpleData name="UTMY">0</SimpleData>
		<SimpleData name="UTMX">0</SimpleData>
		<SimpleData name="COORH_X">1151880.75</SimpleData>
	</SchemaData></ExtendedData>
      <Point><coordinates>35.8163980405198,41.3990687771437</coordinates></Point>
  </Placemark>
  <Placemark id="cikti_dsimgi.449">
	<ExtendedData><SchemaData schemaUrl="#cikti_dsimgi">
		<SimpleData name="OBJECTID">449</SimpleData>
		<SimpleData name="HAVZA_NO">15</SimpleData>
		<SimpleData name="IST_NO">15-030</SimpleData>
		<SimpleData name="IST_AD">Kabasakal</SimpleData>
		<SimpleData name="IST_TIP">MGI</SimpleData>
		<SimpleData name="BOLGE_NO">19</SimpleData>
		<SimpleData name="RASAT_TIP">YB</SimpleData>
		<SimpleData name="ILI">Sivas</SimpleData>
		<SimpleData name="ILCESI">Merkez</SimpleData>
		<SimpleData name="IST_KOT">1420</SimpleData>
		<SimpleData name="DURUMU">K</SimpleData>
		<SimpleData name="IST_AC">1971/07/02 00:00:00</SimpleData>
		<SimpleData name="IST_KAP">1994/07/07 00:00:00</SimpleData>
		<SimpleData name="CKS_BOYLAM">36:50:00</SimpleData>
		<SimpleData name="CKS_ENLEM">39:33:00</SimpleData>
		<SimpleData name="UTM_ZONE">0</SimpleData>
		<SimpleData name="UTMY">0</SimpleData>
		<SimpleData name="UTMX">0</SimpleData>
		<SimpleData name="COORH_X">1243650.75</SimpleData>
	</SchemaData></ExtendedData>
      <Point><coordinates>36.833101927751,39.5490275043752</coordinates></Point>
  </Placemark>
  <Placemark id="cikti_dsimgi.450">
	<ExtendedData><SchemaData schemaUrl="#cikti_dsimgi">
		<SimpleData name="OBJECTID">450</SimpleData>
		<SimpleData name="HAVZA_NO">15</SimpleData>
		<SimpleData name="IST_NO">15-032</SimpleData>
		<SimpleData name="IST_AD">Akkaya</SimpleData>
		<SimpleData name="IST_TIP">MGI</SimpleData>
		<SimpleData name="BOLGE_NO">05</SimpleData>
		<SimpleData name="RASAT_TIP">Y</SimpleData>
		<SimpleData name="ILI">Sivas</SimpleData>
		<SimpleData name="ILCESI">Akkaya</SimpleData>
		<SimpleData name="IST_KOT">1344</SimpleData>
		<SimpleData name="DURUMU">K</SimpleData>
		<SimpleData name="IST_AC">1970/10/16 00:00:00</SimpleData>
		<SimpleData name="IST_KAP">1972/12/15 00:00:00</SimpleData>
		<SimpleData name="CKS_BOYLAM">37:04:00</SimpleData>
		<SimpleData name="CKS_ENLEM">39:33:00</SimpleData>
		<SimpleData name="UTM_ZONE">0</SimpleData>
		<SimpleData name="UTMY">0</SimpleData>
		<SimpleData name="UTMX">0</SimpleData>
		<SimpleData name="COORH_X">1263707.875</SimpleData>
	</SchemaData></ExtendedData>
      <Point><coordinates>37.0664413800538,39.5490282382854</coordinates></Point>
  </Placemark>
  <Placemark id="cikti_dsimgi.451">
	<ExtendedData><SchemaData schemaUrl="#cikti_dsimgi">
		<SimpleData name="OBJECTID">451</SimpleData>
		<SimpleData name="HAVZA_NO">15</SimpleData>
		<SimpleData name="IST_NO">15-034</SimpleData>
		<SimpleData name="IST_AD">Mermer</SimpleData>
		<SimpleData name="IST_TIP">MGI</SimpleData>
		<SimpleData name="BOLGE_NO">19</SimpleData>
		<SimpleData name="RASAT_TIP">YB</SimpleData>
		<SimpleData name="ILI">Sivas</SimpleData>
		<SimpleData name="ILCESI">Merkez</SimpleData>
		<SimpleData name="IST_KOT">1420</SimpleData>
		<SimpleData name="DURUMU">K</SimpleData>
		<SimpleData name="IST_AC">1973/10/16 00:00:00</SimpleData>
		<SimpleData name="IST_KAP">1999/09/05 00:00:00</SimpleData>
		<SimpleData name="CKS_BOYLAM">37:02:00</SimpleData>
		<SimpleData name="CKS_ENLEM">39:59:00</SimpleData>
		<SimpleData name="UTM_ZONE">0</SimpleData>
		<SimpleData name="UTMY">0</SimpleData>
		<SimpleData name="UTMX">0</SimpleData>
		<SimpleData name="COORH_X">1259137.625</SimpleData>
	</SchemaData></ExtendedData>
      <Point><coordinates>37.0331048997942,39.9823716352089</coordinates></Point>
  </Placemark>
  <Placemark id="cikti_dsimgi.452">
	<ExtendedData><SchemaData schemaUrl="#cikti_dsimgi">
		<SimpleData name="OBJECTID">452</SimpleData>
		<SimpleData name="HAVZA_NO">15</SimpleData>
		<SimpleData name="IST_NO">15-035</SimpleData>
		<SimpleData name="IST_AD">Emirler</SimpleData>
		<SimpleData name="IST_TIP">MGI</SimpleData>
		<SimpleData name="BOLGE_NO">05</SimpleData>
		<SimpleData name="RASAT_TIP">YB</SimpleData>
		<SimpleData name="ILI">Ankara</SimpleData>
		<SimpleData name="ILCESI">Emirler</SimpleData>
		<SimpleData name="IST_KOT">1200</SimpleData>
		<SimpleData name="DURUMU">K</SimpleData>
		<SimpleData name="IST_AC">1971/04/01 00:00:00</SimpleData>
		<SimpleData name="IST_KAP">1977/01/02 00:00:00</SimpleData>
		<SimpleData name="CKS_BOYLAM">32:25:00</SimpleData>
		<SimpleData name="CKS_ENLEM">39:25:00</SimpleData>
		<SimpleData name="UTM_ZONE">0</SimpleData>
		<SimpleData name="UTMY">0</SimpleData>
		<SimpleData name="UTMX">0</SimpleData>
		<SimpleData name="COORH_X">863551.1875</SimpleData>
	</SchemaData></ExtendedData>
      <Point><coordinates>32.4163222829229,39.41567523063</coordinates></Point>
  </Placemark>
  <Placemark id="cikti_dsimgi.453">
	<ExtendedData><SchemaData schemaUrl="#cikti_dsimgi">
		<SimpleData name="OBJECTID">453</SimpleData>
		<SimpleData name="HAVZA_NO">15</SimpleData>
		<SimpleData name="IST_NO">15-036</SimpleData>
		<SimpleData name="IST_AD">Çukurören</SimpleData>
		<SimpleData name="IST_TIP">MGI</SimpleData>
		<SimpleData name="BOLGE_NO">12</SimpleData>
		<SimpleData name="RASAT_TIP">YB</SimpleData>
		<SimpleData name="ILI">Yozgat</SimpleData>
		<SimpleData name="ILCESI">Çayiralan</SimpleData>
		<SimpleData name="IST_KOT">1525</SimpleData>
		<SimpleData name="DURUMU">A</SimpleData>
		<SimpleData name="IST_AC">1973/09/01 00:00:00</SimpleData>
		<SimpleData name="P25_PNO">J35-a2</SimpleData>
		<SimpleData name="CKS_BOYLAM">35:42:44</SimpleData>
		<SimpleData name="CKS_ENLEM">39:28:13</SimpleData>
		<SimpleData name="UTM_ZONE">36</SimpleData>
		<SimpleData name="UTMY">0</SimpleData>
		<SimpleData name="UTMX">0</SimpleData>
		<SimpleData name="COORH_X">1147435.625</SimpleData>
	</SchemaData></ExtendedData>
      <Point><coordinates>35.7119621516433,39.469299826748</coordinates></Point>
  </Placemark>
  <Placemark id="cikti_dsimgi.454">
	<ExtendedData><SchemaData schemaUrl="#cikti_dsimgi">
		<SimpleData name="OBJECTID">454</SimpleData>
		<SimpleData name="HAVZA_NO">15</SimpleData>
		<SimpleData name="IST_NO">15-037</SimpleData>
		<SimpleData name="IST_AD">Musahacili</SimpleData>
		<SimpleData name="IST_TIP">MGI</SimpleData>
		<SimpleData name="BOLGE_NO">12</SimpleData>
		<SimpleData name="RASAT_TIP">YB</SimpleData>
		<SimpleData name="ILI">Kayseri</SimpleData>
		<SimpleData name="ILCESI">Yahyali</SimpleData>
		<SimpleData name="IST_KOT">1050</SimpleData>
		<SimpleData name="DURUMU">A</SimpleData>
		<SimpleData name="IST_AC">1973/08/15 00:00:00</SimpleData>
		<SimpleData name="P25_PNO">L34-c1</SimpleData>
		<SimpleData name="CKS_BOYLAM">35:17:52</SimpleData>
		<SimpleData name="CKS_ENLEM">38:13:22</SimpleData>
		<SimpleData name="UTM_ZONE">36</SimpleData>
		<SimpleData name="UTMY">0</SimpleData>
		<SimpleData name="UTMX">0</SimpleData>
		<SimpleData name="COORH_X">1113853.625</SimpleData>
	</SchemaData></ExtendedData>
      <Point><coordinates>35.2975138935487,38.2217705474738</coordinates></Point>
  </Placemark>
  <Placemark id="cikti_dsimgi.455">
	<ExtendedData><SchemaData schemaUrl="#cikti_dsimgi">
		<SimpleData name="OBJECTID">455</SimpleData>
		<SimpleData name="HAVZA_NO">15</SimpleData>
		<SimpleData name="IST_NO">15-038</SimpleData>
		<SimpleData name="IST_AD">Kesikköprü</SimpleData>
		<SimpleData name="IST_TIP">MGI</SimpleData>
		<SimpleData name="BOLGE_NO">05</SimpleData>
		<SimpleData name="RASAT_TIP">YB</SimpleData>
		<SimpleData name="ILI">Ankara</SimpleData>
		<SimpleData name="ILCESI">Bala</SimpleData>
		<SimpleData name="IST_KOT">835</SimpleData>
		<SimpleData name="DURUMU">K</SimpleData>
		<SimpleData name="IST_AC">1960/01/01 00:00:00</SimpleData>
		<SimpleData name="IST_KAP">1967/02/01 00:00:00</SimpleData>
		<SimpleData name="CKS_BOYLAM">33:26:00</SimpleData>
		<SimpleData name="CKS_ENLEM">39:23:00</SimpleData>
		<SimpleData name="UTM_ZONE">0</SimpleData>
		<SimpleData name="UTMY">0</SimpleData>
		<SimpleData name="UTMX">0</SimpleData>
		<SimpleData name="COORH_X">951138.75</SimpleData>
	</SchemaData></ExtendedData>
      <Point><coordinates>33.4330150770411,39.3823451737425</coordinates></Point>
  </Placemark>
  <Placemark id="cikti_dsimgi.456">
	<ExtendedData><SchemaData schemaUrl="#cikti_dsimgi">
		<SimpleData name="OBJECTID">456</SimpleData>
		<SimpleData name="HAVZA_NO">15</SimpleData>
		<SimpleData name="IST_NO">15-039</SimpleData>
		<SimpleData name="IST_AD">Çogun Baraji</SimpleData>
		<SimpleData name="IST_TIP">MGI</SimpleData>
		<SimpleData name="BOLGE_NO">12</SimpleData>
		<SimpleData name="RASAT_TIP">YB</SimpleData>
		<SimpleData name="ILI">Kirsehir</SimpleData>
		<SimpleData name="ILCESI">Merkez</SimpleData>
		<SimpleData name="IST_KOT">1220</SimpleData>
		<SimpleData name="DURUMU">A</SimpleData>
		<SimpleData name="IST_AC">1975/05/18 00:00:00</SimpleData>
		<SimpleData name="P25_PNO">J32-a4</SimpleData>
		<SimpleData name="CKS_BOYLAM">34:07:07</SimpleData>
		<SimpleData name="CKS_ENLEM">39:19:39</SimpleData>
		<SimpleData name="UTM_ZONE">36</SimpleData>
		<SimpleData name="UTMY">0</SimpleData>
		<SimpleData name="UTMX">0</SimpleData>
		<SimpleData name="COORH_X">1010236</SimpleData>
	</SchemaData></ExtendedData>
      <Point><coordinates>34.1183107939002,39.3265131543971</coordinates></Point>
  </Placemark>
  <Placemark id="cikti_dsimgi.457">
	<ExtendedData><SchemaData schemaUrl="#cikti_dsimgi">
		<SimpleData name="OBJECTID">457</SimpleData>
		<SimpleData name="HAVZA_NO">15</SimpleData>
		<SimpleData name="IST_NO">15-040</SimpleData>
		<SimpleData name="IST_AD">Güneykaya</SimpleData>
		<SimpleData name="IST_TIP">MGI</SimpleData>
		<SimpleData name="BOLGE_NO">19</SimpleData>
		<SimpleData name="RASAT_TIP">YB</SimpleData>
		<SimpleData name="ILI">Sivas</SimpleData>
		<SimpleData name="ILCESI">Yildizeli</SimpleData>
		<SimpleData name="IST_KOT">1550</SimpleData>
		<SimpleData name="DURUMU">A</SimpleData>
		<SimpleData name="IST_AC">1979/07/01 00:00:00</SimpleData>
		<SimpleData name="CKS_BOYLAM">36:48:00</SimpleData>
		<SimpleData name="CKS_ENLEM">40:09:00</SimpleData>
		<SimpleData name="UTM_ZONE">0</SimpleData>
		<SimpleData name="UTMY">0</SimpleData>
		<SimpleData name="UTMX">0</SimpleData>
		<SimpleData name="COORH_X">1238606</SimpleData>
	</SchemaData></ExtendedData>
      <Point><coordinates>36.7997645699805,40.1490415173924</coordinates></Point>
  </Placemark>
  <Placemark id="cikti_dsimgi.458">
	<ExtendedData><SchemaData schemaUrl="#cikti_dsimgi">
		<SimpleData name="OBJECTID">458</SimpleData>
		<SimpleData name="HAVZA_NO">15</SimpleData>
		<SimpleData name="IST_NO">15-041</SimpleData>
		<SimpleData name="IST_AD">Belören</SimpleData>
		<SimpleData name="IST_TIP">MGI</SimpleData>
		<SimpleData name="BOLGE_NO">12</SimpleData>
		<SimpleData name="RASAT_TIP">YB</SimpleData>
		<SimpleData name="ILI">Yozgat</SimpleData>
		<SimpleData name="ILCESI">Bogazliyan</SimpleData>
		<SimpleData name="IST_KOT">1250</SimpleData>
		<SimpleData name="DURUMU">A</SimpleData>
		<SimpleData name="IST_AC">1979/12/11 00:00:00</SimpleData>
		<SimpleData name="P25_PNO">J34-C3</SimpleData>
		<SimpleData name="CKS_BOYLAM">35:23:31</SimpleData>
		<SimpleData name="CKS_ENLEM">39:04:37</SimpleData>
		<SimpleData name="UTM_ZONE">36</SimpleData>
		<SimpleData name="UTMY">0</SimpleData>
		<SimpleData name="UTMX">0</SimpleData>
		<SimpleData name="COORH_X">1120570.5</SimpleData>
	</SchemaData></ExtendedData>
      <Point><coordinates>35.3916782816907,39.0759564557128</coordinates></Point>
  </Placemark>
  <Placemark id="cikti_dsimgi.459">
	<ExtendedData><SchemaData schemaUrl="#cikti_dsimgi">
		<SimpleData name="OBJECTID">459</SimpleData>
		<SimpleData name="HAVZA_NO">15</SimpleData>
		<SimpleData name="IST_NO">15-042</SimpleData>
		<SimpleData name="IST_AD">Kültepe Baraji</SimpleData>
		<SimpleData name="IST_TIP">MGI</SimpleData>
		<SimpleData name="BOLGE_NO">12</SimpleData>
		<SimpleData name="RASAT_TIP">YB</SimpleData>
		<SimpleData name="ILI">Kirsehir</SimpleData>
		<SimpleData name="ILCESI">Kültepe</SimpleData>
		<SimpleData name="IST_KOT">1007</SimpleData>
		<SimpleData name="DURUMU">A</SimpleData>
		<SimpleData name="IST_AC">1982/10/01 00:00:00</SimpleData>
		<SimpleData name="P25_PNO">k32-a3</SimpleData>
		<SimpleData name="CKS_BOYLAM">34:09:56</SimpleData>
		<SimpleData name="CKS_ENLEM">38:49:02</SimpleData>
		<SimpleData name="UTM_ZONE">36</SimpleData>
		<SimpleData name="UTMY">0</SimpleData>
		<SimpleData name="UTMX">0</SimpleData>
		<SimpleData name="COORH_X">1014396.875</SimpleData>
	</SchemaData></ExtendedData>
      <Point><coordinates>34.1652595153467,38.8162240818582</coordinates></Point>
  </Placemark>
  <Placemark id="cikti_dsimgi.460">
	<ExtendedData><SchemaData schemaUrl="#cikti_dsimgi">
		<SimpleData name="OBJECTID">460</SimpleData>
		<SimpleData name="HAVZA_NO">15</SimpleData>
		<SimpleData name="IST_NO">15-043</SimpleData>
		<SimpleData name="IST_AD">Tekir Göleti</SimpleData>
		<SimpleData name="IST_TIP">MGI</SimpleData>
		<SimpleData name="BOLGE_NO">12</SimpleData>
		<SimpleData name="RASAT_TIP">YB</SimpleData>
		<SimpleData name="ILI">Kayseri</SimpleData>
		<SimpleData name="ILCESI">Merkez</SimpleData>
		<SimpleData name="IST_KOT">2185</SimpleData>
		<SimpleData name="DURUMU">A</SimpleData>
		<SimpleData name="IST_AC">1980/11/01 00:00:00</SimpleData>
		<SimpleData name="P25_PNO">k35-d4</SimpleData>
		<SimpleData name="CKS_BOYLAM">35:31:12</SimpleData>
		<SimpleData name="CKS_ENLEM">38:33:32</SimpleData>
		<SimpleData name="UTM_ZONE">36</SimpleData>
		<SimpleData name="UTMY">0</SimpleData>
		<SimpleData name="UTMX">0</SimpleData>
		<SimpleData name="COORH_X">1132683.75</SimpleData>
	</SchemaData></ExtendedData>
      <Point><coordinates>35.5197399727824,38.5578897552295</coordinates></Point>
  </Placemark>
  <Placemark id="cikti_dsimgi.461">
	<ExtendedData><SchemaData schemaUrl="#cikti_dsimgi">
		<SimpleData name="OBJECTID">461</SimpleData>
		<SimpleData name="HAVZA_NO">15</SimpleData>
		<SimpleData name="IST_NO">15-044</SimpleData>
		<SimpleData name="IST_AD">Sarimsakli ovasi</SimpleData>
		<SimpleData name="IST_TIP">MGI</SimpleData>
		<SimpleData name="BOLGE_NO">12</SimpleData>
		<SimpleData name="RASAT_TIP">YB</SimpleData>
		<SimpleData name="ILI">Kayseri</SimpleData>
		<SimpleData name="ILCESI">Merkez</SimpleData>
		<SimpleData name="IST_KOT">1047</SimpleData>
		<SimpleData name="DURUMU">K</SimpleData>
		<SimpleData name="IST_AC">1980/11/12 00:00:00</SimpleData>
		<SimpleData name="IST_KAP">1993/10/01 00:00:00</SimpleData>
		<SimpleData name="P25_PNO">k34-c2</SimpleData>
		<SimpleData name="CKS_BOYLAM">35:27:04</SimpleData>
		<SimpleData name="CKS_ENLEM">38:43:57</SimpleData>
		<SimpleData name="UTM_ZONE">36</SimpleData>
		<SimpleData name="UTMY">0</SimpleData>
		<SimpleData name="UTMX">0</SimpleData>
		<SimpleData name="COORH_X">1126343.875</SimpleData>
	</SchemaData></ExtendedData>
      <Point><coordinates>35.4508483801375,38.731504462117</coordinates></Point>
  </Placemark>
  <Placemark id="cikti_dsimgi.462">
	<ExtendedData><SchemaData schemaUrl="#cikti_dsimgi">
		<SimpleData name="OBJECTID">462</SimpleData>
		<SimpleData name="HAVZA_NO">15</SimpleData>
		<SimpleData name="IST_NO">15-045</SimpleData>
		<SimpleData name="IST_AD">Kovali Baraji</SimpleData>
		<SimpleData name="IST_TIP">MGI</SimpleData>
		<SimpleData name="BOLGE_NO">12</SimpleData>
		<SimpleData name="RASAT_TIP">YB</SimpleData>
		<SimpleData name="ILI">Kayseri</SimpleData>
		<SimpleData name="ILCESI">Yahyali</SimpleData>
		<SimpleData name="IST_KOT">1188</SimpleData>
		<SimpleData name="DURUMU">A</SimpleData>
		<SimpleData name="IST_AC">1989/11/01 00:00:00</SimpleData>
		<SimpleData name="P25_PNO">L34-d2</SimpleData>
		<SimpleData name="CKS_BOYLAM">35:09:20</SimpleData>
		<SimpleData name="CKS_ENLEM">38:10:09</SimpleData>
		<SimpleData name="UTM_ZONE">36</SimpleData>
		<SimpleData name="UTMY">0</SimpleData>
		<SimpleData name="UTMX">0</SimpleData>
		<SimpleData name="COORH_X">1101457.875</SimpleData>
	</SchemaData></ExtendedData>
      <Point><coordinates>35.1552883422293,38.1681577991524</coordinates></Point>
  </Placemark>
  <Placemark id="cikti_dsimgi.463">
	<ExtendedData><SchemaData schemaUrl="#cikti_dsimgi">
		<SimpleData name="OBJECTID">463</SimpleData>
		<SimpleData name="HAVZA_NO">15</SimpleData>
		<SimpleData name="IST_NO">15-046</SimpleData>
		<SimpleData name="IST_AD">Altintabak</SimpleData>
		<SimpleData name="IST_TIP">MGI</SimpleData>
		<SimpleData name="BOLGE_NO">19</SimpleData>
		<SimpleData name="RASAT_TIP">YB</SimpleData>
		<SimpleData name="ILI">Sivas</SimpleData>
		<SimpleData name="ILCESI">Merkez</SimpleData>
		<SimpleData name="IST_KOT">1300</SimpleData>
		<SimpleData name="DURUMU">A</SimpleData>
		<SimpleData name="IST_AC">1983/12/15 00:00:00</SimpleData>
		<SimpleData name="CKS_BOYLAM">37:01:00</SimpleData>
		<SimpleData name="CKS_ENLEM">39:45:00</SimpleData>
		<SimpleData name="UTM_ZONE">0</SimpleData>
		<SimpleData name="UTMY">0</SimpleData>
		<SimpleData name="UTMX">0</SimpleData>
		<SimpleData name="COORH_X">1258627.375</SimpleData>
	</SchemaData></ExtendedData>
      <Point><coordinates>37.0164390070457,39.7490327573716</coordinates></Point>
  </Placemark>
  <Placemark id="cikti_dsimgi.464">
	<ExtendedData><SchemaData schemaUrl="#cikti_dsimgi">
		<SimpleData name="OBJECTID">464</SimpleData>
		<SimpleData name="HAVZA_NO">15</SimpleData>
		<SimpleData name="IST_NO">15-047</SimpleData>
		<SimpleData name="IST_AD">Yapialtin</SimpleData>
		<SimpleData name="IST_TIP">MGI</SimpleData>
		<SimpleData name="BOLGE_NO">19</SimpleData>
		<SimpleData name="RASAT_TIP">YB</SimpleData>
		<SimpleData name="ILI">Sivas</SimpleData>
		<SimpleData name="ILCESI">Sarkisla</SimpleData>
		<SimpleData name="IST_KOT">1250</SimpleData>
		<SimpleData name="DURUMU">K</SimpleData>
		<SimpleData name="IST_AC">1983/12/15 00:00:00</SimpleData>
		<SimpleData name="IST_KAP">1989/07/07 00:00:00</SimpleData>
		<SimpleData name="CKS_BOYLAM">36:26:00</SimpleData>
		<SimpleData name="CKS_ENLEM">39:18:00</SimpleData>
		<SimpleData name="UTM_ZONE">0</SimpleData>
		<SimpleData name="UTMY">0</SimpleData>
		<SimpleData name="UTMX">0</SimpleData>
		<SimpleData name="COORH_X">1210052.375</SimpleData>
	</SchemaData></ExtendedData>
      <Point><coordinates>36.4330928430924,39.2990205012044</coordinates></Point>
  </Placemark>
  <Placemark id="cikti_dsimgi.465">
	<ExtendedData><SchemaData schemaUrl="#cikti_dsimgi">
		<SimpleData name="OBJECTID">465</SimpleData>
		<SimpleData name="HAVZA_NO">15</SimpleData>
		<SimpleData name="IST_NO">15-048</SimpleData>
		<SimpleData name="IST_AD">Ortaköy</SimpleData>
		<SimpleData name="IST_TIP">MGI</SimpleData>
		<SimpleData name="BOLGE_NO">19</SimpleData>
		<SimpleData name="RASAT_TIP">YB</SimpleData>
		<SimpleData name="ILI">Sivas</SimpleData>
		<SimpleData name="ILCESI">Sarkisla</SimpleData>
		<SimpleData name="IST_KOT">1655</SimpleData>
		<SimpleData name="DURUMU">K</SimpleData>
		<SimpleData name="IST_AC">1985/07/29 00:00:00</SimpleData>
		<SimpleData name="IST_KAP">1995/05/01 00:00:00</SimpleData>
		<SimpleData name="CKS_BOYLAM">36:14:00</SimpleData>
		<SimpleData name="CKS_ENLEM">39:25:00</SimpleData>
		<SimpleData name="UTM_ZONE">0</SimpleData>
		<SimpleData name="UTMY">0</SimpleData>
		<SimpleData name="UTMX">0</SimpleData>
		<SimpleData name="COORH_X">1192453.75</SimpleData>
	</SchemaData></ExtendedData>
      <Point><coordinates>36.2330870620315,39.4156891861762</coordinates></Point>
  </Placemark>
  <Placemark id="cikti_dsimgi.466">
	<ExtendedData><SchemaData schemaUrl="#cikti_dsimgi">
		<SimpleData name="OBJECTID">466</SimpleData>
		<SimpleData name="HAVZA_NO">15</SimpleData>
		<SimpleData name="IST_NO">15-049</SimpleData>
		<SimpleData name="IST_AD">Fehimli Göleti</SimpleData>
		<SimpleData name="IST_TIP">MGI</SimpleData>
		<SimpleData name="BOLGE_NO">12</SimpleData>
		<SimpleData name="RASAT_TIP">YB</SimpleData>
		<SimpleData name="ILI">Yozgat</SimpleData>
		<SimpleData name="ILCESI">Bogazliyan</SimpleData>
		<SimpleData name="IST_KOT">1047</SimpleData>
		<SimpleData name="DURUMU">A</SimpleData>
		<SimpleData name="IST_AC">1990/11/01 00:00:00</SimpleData>
		<SimpleData name="P25_PNO">J34-d4</SimpleData>
		<SimpleData name="CKS_BOYLAM">35:03:34</SimpleData>
		<SimpleData name="CKS_ENLEM">39:06:41</SimpleData>
		<SimpleData name="UTM_ZONE">36</SimpleData>
		<SimpleData name="UTMY">0</SimpleData>
		<SimpleData name="UTMX">0</SimpleData>
		<SimpleData name="COORH_X">1091723.625</SimpleData>
	</SchemaData></ExtendedData>
      <Point><coordinates>35.0591695558943,39.1104005356203</coordinates></Point>
  </Placemark>
  <Placemark id="cikti_dsimgi.467">
	<ExtendedData><SchemaData schemaUrl="#cikti_dsimgi">
		<SimpleData name="OBJECTID">467</SimpleData>
		<SimpleData name="HAVZA_NO">15</SimpleData>
		<SimpleData name="IST_NO">15-050</SimpleData>
		<SimpleData name="IST_AD">Agcasar Baraji</SimpleData>
		<SimpleData name="IST_TIP">MGI</SimpleData>
		<SimpleData name="BOLGE_NO">12</SimpleData>
		<SimpleData name="RASAT_TIP">YB</SimpleData>
		<SimpleData name="ILI">Kayseri</SimpleData>
		<SimpleData name="ILCESI">Yahyali</SimpleData>
		<SimpleData name="IST_KOT">1123</SimpleData>
		<SimpleData name="DURUMU">A</SimpleData>
		<SimpleData name="IST_AC">1989/11/01 00:00:00</SimpleData>
		<SimpleData name="P25_PNO">L34-c2</SimpleData>
		<SimpleData name="CKS_BOYLAM">35:23:20</SimpleData>
		<SimpleData name="CKS_ENLEM">38:11:09</SimpleData>
		<SimpleData name="UTM_ZONE">36</SimpleData>
		<SimpleData name="UTMY">0</SimpleData>
		<SimpleData name="UTMX">0</SimpleData>
		<SimpleData name="COORH_X">1121912.75</SimpleData>
	</SchemaData></ExtendedData>
      <Point><coordinates>35.388627540371,38.1848256026982</coordinates></Point>
  </Placemark>
  <Placemark id="cikti_dsimgi.468">
	<ExtendedData><SchemaData schemaUrl="#cikti_dsimgi">
		<SimpleData name="OBJECTID">468</SimpleData>
		<SimpleData name="HAVZA_NO">15</SimpleData>
		<SimpleData name="IST_NO">15-051</SimpleData>
		<SimpleData name="IST_AD">YahyasarayBaraji</SimpleData>
		<SimpleData name="IST_TIP">MGI</SimpleData>
		<SimpleData name="BOLGE_NO">12</SimpleData>
		<SimpleData name="RASAT_TIP">YB</SimpleData>
		<SimpleData name="ILI">Yozgat</SimpleData>
		<SimpleData name="ILCESI">Sarikaya</SimpleData>
		<SimpleData name="IST_KOT">1400</SimpleData>
		<SimpleData name="DURUMU">A</SimpleData>
		<SimpleData name="IST_AC">1991/12/20 00:00:00</SimpleData>
		<SimpleData name="P25_PNO">i35-c4</SimpleData>
		<SimpleData name="CKS_BOYLAM">35:43:14</SimpleData>
		<SimpleData name="CKS_ENLEM">39:30:29</SimpleData>
		<SimpleData name="UTM_ZONE">36</SimpleData>
		<SimpleData name="UTMY">0</SimpleData>
		<SimpleData name="UTMX">0</SimpleData>
		<SimpleData name="COORH_X">1148068.75</SimpleData>
	</SchemaData></ExtendedData>
      <Point><coordinates>35.7202954647486,39.5070785173797</coordinates></Point>
  </Placemark>
  <Placemark id="cikti_dsimgi.469">
	<ExtendedData><SchemaData schemaUrl="#cikti_dsimgi">
		<SimpleData name="OBJECTID">469</SimpleData>
		<SimpleData name="HAVZA_NO">15</SimpleData>
		<SimpleData name="IST_NO">15-052</SimpleData>
		<SimpleData name="IST_AD">Uzunlu BarajiI</SimpleData>
		<SimpleData name="IST_TIP">MGI</SimpleData>
		<SimpleData name="BOLGE_NO">12</SimpleData>
		<SimpleData name="RASAT_TIP">YB</SimpleData>
		<SimpleData name="ILI">Yozgat</SimpleData>
		<SimpleData name="ILCESI">Bogazliyan</SimpleData>
		<SimpleData name="IST_KOT">1200</SimpleData>
		<SimpleData name="DURUMU">A</SimpleData>
		<SimpleData name="IST_AC">1991/12/20 00:00:00</SimpleData>
		<SimpleData name="P25_PNO">J34-b3</SimpleData>
		<SimpleData name="CKS_BOYLAM">35:25:01</SimpleData>
		<SimpleData name="CKS_ENLEM">39:15:35</SimpleData>
		<SimpleData name="UTM_ZONE">36</SimpleData>
		<SimpleData name="UTMY">0</SimpleData>
		<SimpleData name="UTMX">0</SimpleData>
		<SimpleData name="COORH_X">1122399.625</SimpleData>
	</SchemaData></ExtendedData>
      <Point><coordinates>35.4166779213587,39.2587384531857</coordinates></Point>
  </Placemark>
  <Placemark id="cikti_dsimgi.470">
	<ExtendedData><SchemaData schemaUrl="#cikti_dsimgi">
		<SimpleData name="OBJECTID">470</SimpleData>
		<SimpleData name="HAVZA_NO">15</SimpleData>
		<SimpleData name="IST_NO">15-053</SimpleData>
		<SimpleData name="IST_AD">Yenihayat (Yay Gölü)</SimpleData>
		<SimpleData name="IST_TIP">MGI</SimpleData>
		<SimpleData name="BOLGE_NO">12</SimpleData>
		<SimpleData name="RASAT_TIP">YB</SimpleData>
		<SimpleData name="ILI">Kayseri</SimpleData>
		<SimpleData name="ILCESI">Develi</SimpleData>
		<SimpleData name="IST_KOT">1074</SimpleData>
		<SimpleData name="DURUMU">A</SimpleData>
		<SimpleData name="IST_AC">1993/12/31 00:00:00</SimpleData>
		<SimpleData name="P25_PNO">L34-b4</SimpleData>
		<SimpleData name="CKS_BOYLAM">35:17:22</SimpleData>
		<SimpleData name="CKS_ENLEM">38:15:38</SimpleData>
		<SimpleData name="UTM_ZONE">36</SimpleData>
		<SimpleData name="UTMY">0</SimpleData>
		<SimpleData name="UTMX">0</SimpleData>
		<SimpleData name="COORH_X">1113059.375</SimpleData>
	</SchemaData></ExtendedData>
      <Point><coordinates>35.2891801652716,38.2595491080508</coordinates></Point>
  </Placemark>
  <Placemark id="cikti_dsimgi.471">
	<ExtendedData><SchemaData schemaUrl="#cikti_dsimgi">
		<SimpleData name="OBJECTID">471</SimpleData>
		<SimpleData name="HAVZA_NO">16</SimpleData>
		<SimpleData name="IST_NO">16-001</SimpleData>
		<SimpleData name="IST_AD">Derebucak</SimpleData>
		<SimpleData name="IST_TIP">MGI</SimpleData>
		<SimpleData name="BOLGE_NO">04</SimpleData>
		<SimpleData name="RASAT_TIP">Y</SimpleData>
		<SimpleData name="ILI">Konya</SimpleData>
		<SimpleData name="ILCESI">Derebucak</SimpleData>
		<SimpleData name="IST_KOT">1210</SimpleData>
		<SimpleData name="DURUMU">A</SimpleData>
		<SimpleData name="IST_AC">1976/09/15 00:00:00</SimpleData>
		<SimpleData name="P25_PNO">N27-a1</SimpleData>
		<SimpleData name="CKS_BOYLAM">31:29:54</SimpleData>
		<SimpleData name="CKS_ENLEM">37:24:23</SimpleData>
		<SimpleData name="UTM_ZONE">36</SimpleData>
		<SimpleData name="UTMY">0</SimpleData>
		<SimpleData name="UTMX">0</SimpleData>
		<SimpleData name="COORH_X">777898.8125</SimpleData>
	</SchemaData></ExtendedData>
      <Point><coordinates>31.4979792570512,37.4053502043049</coordinates></Point>
  </Placemark>
  <Placemark id="cikti_dsimgi.472">
	<ExtendedData><SchemaData schemaUrl="#cikti_dsimgi">
		<SimpleData name="OBJECTID">472</SimpleData>
		<SimpleData name="HAVZA_NO">16</SimpleData>
		<SimpleData name="IST_NO">16-002</SimpleData>
		<SimpleData name="IST_AD">Çariklar</SimpleData>
		<SimpleData name="IST_TIP">MGI</SimpleData>
		<SimpleData name="BOLGE_NO">04</SimpleData>
		<SimpleData name="RASAT_TIP">Y</SimpleData>
		<SimpleData name="ILI">Konya</SimpleData>
		<SimpleData name="ILCESI">Çumra</SimpleData>
		<SimpleData name="IST_KOT">1030</SimpleData>
		<SimpleData name="DURUMU">A</SimpleData>
		<SimpleData name="IST_AC">1975/03/01 00:00:00</SimpleData>
		<SimpleData name="P25_PNO">M29-d1</SimpleData>
		<SimpleData name="CKS_BOYLAM">32:34:27</SimpleData>
		<SimpleData name="CKS_ENLEM">37:39:32</SimpleData>
		<SimpleData name="UTM_ZONE">36</SimpleData>
		<SimpleData name="UTMY">0</SimpleData>
		<SimpleData name="UTMX">0</SimpleData>
		<SimpleData name="COORH_X">873868.5</SimpleData>
	</SchemaData></ExtendedData>
      <Point><coordinates>32.5738375762143,37.6578597655886</coordinates></Point>
  </Placemark>
  <Placemark id="cikti_dsimgi.473">
	<ExtendedData><SchemaData schemaUrl="#cikti_dsimgi">
		<SimpleData name="OBJECTID">473</SimpleData>
		<SimpleData name="HAVZA_NO">16</SimpleData>
		<SimpleData name="IST_NO">16-003</SimpleData>
		<SimpleData name="IST_AD">Apa  baraji</SimpleData>
		<SimpleData name="IST_TIP">MGI</SimpleData>
		<SimpleData name="BOLGE_NO">04</SimpleData>
		<SimpleData name="RASAT_TIP">YB</SimpleData>
		<SimpleData name="ILI">Konya</SimpleData>
		<SimpleData name="ILCESI">Çumra</SimpleData>
		<SimpleData name="IST_KOT">1040</SimpleData>
		<SimpleData name="DURUMU">A</SimpleData>
		<SimpleData name="IST_AC">1962/09/28 00:00:00</SimpleData>
		<SimpleData name="P25_PNO">N29-a4</SimpleData>
		<SimpleData name="CKS_BOYLAM">32:32:26</SimpleData>
		<SimpleData name="CKS_ENLEM">37:21:58</SimpleData>
		<SimpleData name="UTM_ZONE">36</SimpleData>
		<SimpleData name="UTMY">0</SimpleData>
		<SimpleData name="UTMX">0</SimpleData>
		<SimpleData name="COORH_X">870340.0625</SimpleData>
	</SchemaData></ExtendedData>
      <Point><coordinates>32.5402274484477,37.365075776325</coordinates></Point>
  </Placemark>
  <Placemark id="cikti_dsimgi.474">
	<ExtendedData><SchemaData schemaUrl="#cikti_dsimgi">
		<SimpleData name="OBJECTID">474</SimpleData>
		<SimpleData name="HAVZA_NO">16</SimpleData>
		<SimpleData name="IST_NO">16-004</SimpleData>
		<SimpleData name="IST_AD">Ayranci Brj</SimpleData>
		<SimpleData name="IST_TIP">MGI</SimpleData>
		<SimpleData name="BOLGE_NO">04</SimpleData>
		<SimpleData name="RASAT_TIP">YB</SimpleData>
		<SimpleData name="ILI">Karaman</SimpleData>
		<SimpleData name="ILCESI">Ayranci</SimpleData>
		<SimpleData name="IST_KOT">1150</SimpleData>
		<SimpleData name="DURUMU">A</SimpleData>
		<SimpleData name="IST_AC">1960/11/10 00:00:00</SimpleData>
		<SimpleData name="P25_PNO">N31-a3</SimpleData>
		<SimpleData name="CKS_BOYLAM">33:43:17</SimpleData>
		<SimpleData name="CKS_ENLEM">37:20:19</SimpleData>
		<SimpleData name="UTM_ZONE">36</SimpleData>
		<SimpleData name="UTMY">0</SimpleData>
		<SimpleData name="UTMX">0</SimpleData>
		<SimpleData name="COORH_X">975236.5</SimpleData>
	</SchemaData></ExtendedData>
      <Point><coordinates>33.7210902688332,37.3375796082601</coordinates></Point>
  </Placemark>
  <Placemark id="cikti_dsimgi.475">
	<ExtendedData><SchemaData schemaUrl="#cikti_dsimgi">
		<SimpleData name="OBJECTID">475</SimpleData>
		<SimpleData name="HAVZA_NO">16</SimpleData>
		<SimpleData name="IST_NO">16-005</SimpleData>
		<SimpleData name="IST_AD">May Baraji</SimpleData>
		<SimpleData name="IST_TIP">MGI</SimpleData>
		<SimpleData name="BOLGE_NO">04</SimpleData>
		<SimpleData name="RASAT_TIP">YB</SimpleData>
		<SimpleData name="ILI">Konya</SimpleData>
		<SimpleData name="ILCESI">Çumra</SimpleData>
		<SimpleData name="IST_KOT">1050</SimpleData>
		<SimpleData name="DURUMU">K</SimpleData>
		<SimpleData name="IST_AC">1964/10/23 00:00:00</SimpleData>
		<SimpleData name="IST_KAP">1973/04/01 00:00:00</SimpleData>
		<SimpleData name="CKS_BOYLAM">32:36:00</SimpleData>
		<SimpleData name="CKS_ENLEM">37:35:00</SimpleData>
		<SimpleData name="UTM_ZONE">0</SimpleData>
		<SimpleData name="UTMY">0</SimpleData>
		<SimpleData name="UTMX">0</SimpleData>
		<SimpleData name="COORH_X">876016.0625</SimpleData>
	</SchemaData></ExtendedData>
      <Point><coordinates>32.5996720422036,37.5823027317848</coordinates></Point>
  </Placemark>
  <Placemark id="cikti_dsimgi.476">
	<ExtendedData><SchemaData schemaUrl="#cikti_dsimgi">
		<SimpleData name="OBJECTID">476</SimpleData>
		<SimpleData name="HAVZA_NO">16</SimpleData>
		<SimpleData name="IST_NO">16-006</SimpleData>
		<SimpleData name="IST_AD">Gökhüyük (Timras)</SimpleData>
		<SimpleData name="IST_TIP">MGI</SimpleData>
		<SimpleData name="BOLGE_NO">04</SimpleData>
		<SimpleData name="RASAT_TIP">YB</SimpleData>
		<SimpleData name="ILI">Konya</SimpleData>
		<SimpleData name="ILCESI">Çumra</SimpleData>
		<SimpleData name="IST_KOT">1010</SimpleData>
		<SimpleData name="DURUMU">A</SimpleData>
		<SimpleData name="IST_AC">1964/11/01 00:00:00</SimpleData>
		<SimpleData name="P25_PNO">N29-g2</SimpleData>
		<SimpleData name="CKS_BOYLAM">32:43:19</SimpleData>
		<SimpleData name="CKS_ENLEM">37:28:55</SimpleData>
		<SimpleData name="UTM_ZONE">36</SimpleData>
		<SimpleData name="UTMY">0</SimpleData>
		<SimpleData name="UTMX">0</SimpleData>
		<SimpleData name="COORH_X">886646.1875</SimpleData>
	</SchemaData></ExtendedData>
      <Point><coordinates>32.7216201295838,37.4809121862225</coordinates></Point>
  </Placemark>
  <Placemark id="cikti_dsimgi.477">
	<ExtendedData><SchemaData schemaUrl="#cikti_dsimgi">
		<SimpleData name="OBJECTID">477</SimpleData>
		<SimpleData name="HAVZA_NO">16</SimpleData>
		<SimpleData name="IST_NO">16-007</SimpleData>
		<SimpleData name="IST_AD">Taspinar</SimpleData>
		<SimpleData name="IST_TIP">MGI</SimpleData>
		<SimpleData name="BOLGE_NO">04</SimpleData>
		<SimpleData name="RASAT_TIP">Y</SimpleData>
		<SimpleData name="ILI">Konya</SimpleData>
		<SimpleData name="ILCESI">Cihanbeyli</SimpleData>
		<SimpleData name="IST_KOT">960</SimpleData>
		<SimpleData name="DURUMU">A</SimpleData>
		<SimpleData name="IST_AC">1964/10/15 00:00:00</SimpleData>
		<SimpleData name="P25_PNO">L 30-a2</SimpleData>
		<SimpleData name="CKS_BOYLAM">33:09:24</SimpleData>
		<SimpleData name="CKS_ENLEM">38:25:38</SimpleData>
		<SimpleData name="UTM_ZONE">36</SimpleData>
		<SimpleData name="UTMY">0</SimpleData>
		<SimpleData name="UTMX">0</SimpleData>
		<SimpleData name="COORH_X">926236.875</SimpleData>
	</SchemaData></ExtendedData>
      <Point><coordinates>33.156347413216,38.4262117134386</coordinates></Point>
  </Placemark>
  <Placemark id="cikti_dsimgi.478">
	<ExtendedData><SchemaData schemaUrl="#cikti_dsimgi">
		<SimpleData name="OBJECTID">478</SimpleData>
		<SimpleData name="HAVZA_NO">16</SimpleData>
		<SimpleData name="IST_NO">16-008</SimpleData>
		<SimpleData name="IST_AD">Çesmeli Sebil</SimpleData>
		<SimpleData name="IST_TIP">MGI</SimpleData>
		<SimpleData name="BOLGE_NO">04</SimpleData>
		<SimpleData name="RASAT_TIP">Y</SimpleData>
		<SimpleData name="ILI">Konya</SimpleData>
		<SimpleData name="ILCESI">Sarayönü</SimpleData>
		<SimpleData name="IST_KOT">1090</SimpleData>
		<SimpleData name="DURUMU">A</SimpleData>
		<SimpleData name="IST_AC">1964/10/19 00:00:00</SimpleData>
		<SimpleData name="P25_PNO">K29-d1</SimpleData>
		<SimpleData name="CKS_BOYLAM">32:33:16</SimpleData>
		<SimpleData name="CKS_ENLEM">38:37:17</SimpleData>
		<SimpleData name="UTM_ZONE">36</SimpleData>
		<SimpleData name="UTMY">0</SimpleData>
		<SimpleData name="UTMX">0</SimpleData>
		<SimpleData name="COORH_X">873931.25</SimpleData>
	</SchemaData></ExtendedData>
      <Point><coordinates>32.554108809589,38.6203802663839</coordinates></Point>
  </Placemark>
  <Placemark id="cikti_dsimgi.479">
	<ExtendedData><SchemaData schemaUrl="#cikti_dsimgi">
		<SimpleData name="OBJECTID">479</SimpleData>
		<SimpleData name="HAVZA_NO">16</SimpleData>
		<SimpleData name="IST_NO">16-009</SimpleData>
		<SimpleData name="IST_AD">Altinapa Brj.</SimpleData>
		<SimpleData name="IST_TIP">MGI</SimpleData>
		<SimpleData name="BOLGE_NO">04</SimpleData>
		<SimpleData name="RASAT_TIP">YB</SimpleData>
		<SimpleData name="ILI">Konya</SimpleData>
		<SimpleData name="ILCESI">Merkez</SimpleData>
		<SimpleData name="IST_KOT">1290</SimpleData>
		<SimpleData name="DURUMU">A</SimpleData>
		<SimpleData name="IST_AC">1964/12/28 00:00:00</SimpleData>
		<SimpleData name="P25_PNO">M28-b1</SimpleData>
		<SimpleData name="CKS_BOYLAM">32:18:41</SimpleData>
		<SimpleData name="CKS_ENLEM">37:52:59</SimpleData>
		<SimpleData name="UTM_ZONE">36</SimpleData>
		<SimpleData name="UTMY">0</SimpleData>
		<SimpleData name="UTMX">0</SimpleData>
		<SimpleData name="COORH_X">851117.375</SimpleData>
	</SchemaData></ExtendedData>
      <Point><coordinates>32.3110518972173,37.8820300785262</coordinates></Point>
  </Placemark>
  <Placemark id="cikti_dsimgi.480">
	<ExtendedData><SchemaData schemaUrl="#cikti_dsimgi">
		<SimpleData name="OBJECTID">480</SimpleData>
		<SimpleData name="HAVZA_NO">16</SimpleData>
		<SimpleData name="IST_NO">16-010</SimpleData>
		<SimpleData name="IST_AD">Mamasin Brj.</SimpleData>
		<SimpleData name="IST_TIP">MGI</SimpleData>
		<SimpleData name="BOLGE_NO">04</SimpleData>
		<SimpleData name="RASAT_TIP">YB</SimpleData>
		<SimpleData name="ILI">Aksaray</SimpleData>
		<SimpleData name="ILCESI">Merkez</SimpleData>
		<SimpleData name="IST_KOT">1100</SimpleData>
		<SimpleData name="DURUMU">A</SimpleData>
		<SimpleData name="IST_AC">1965/05/07 00:00:00</SimpleData>
		<SimpleData name="P25_PNO">L32-a2</SimpleData>
		<SimpleData name="CKS_BOYLAM">34:07:37</SimpleData>
		<SimpleData name="CKS_ENLEM">38:23:57</SimpleData>
		<SimpleData name="UTM_ZONE">36</SimpleData>
		<SimpleData name="UTMY">0</SimpleData>
		<SimpleData name="UTMX">0</SimpleData>
		<SimpleData name="COORH_X">1011108.125</SimpleData>
	</SchemaData></ExtendedData>
      <Point><coordinates>34.1266499033279,38.3981591756169</coordinates></Point>
  </Placemark>
  <Placemark id="cikti_dsimgi.481">
	<ExtendedData><SchemaData schemaUrl="#cikti_dsimgi">
		<SimpleData name="OBJECTID">481</SimpleData>
		<SimpleData name="HAVZA_NO">16</SimpleData>
		<SimpleData name="IST_NO">16-011</SimpleData>
		<SimpleData name="IST_AD">Güzelyurt (Gelveri)</SimpleData>
		<SimpleData name="IST_TIP">MGI</SimpleData>
		<SimpleData name="BOLGE_NO">04</SimpleData>
		<SimpleData name="RASAT_TIP">Y</SimpleData>
		<SimpleData name="ILI">Aksaray</SimpleData>
		<SimpleData name="ILCESI">Güzelyurt</SimpleData>
		<SimpleData name="IST_KOT">1405</SimpleData>
		<SimpleData name="DURUMU">A</SimpleData>
		<SimpleData name="IST_AC">1965/05/11 00:00:00</SimpleData>
		<SimpleData name="P25_PNO">L32-b3</SimpleData>
		<SimpleData name="CKS_BOYLAM">34:22:34</SimpleData>
		<SimpleData name="CKS_ENLEM">38:16:28</SimpleData>
		<SimpleData name="UTM_ZONE">36</SimpleData>
		<SimpleData name="UTMY">0</SimpleData>
		<SimpleData name="UTMX">0</SimpleData>
		<SimpleData name="COORH_X">1032972.0625</SimpleData>
	</SchemaData></ExtendedData>
      <Point><coordinates>34.3758235922679,38.273435132158</coordinates></Point>
  </Placemark>
  <Placemark id="cikti_dsimgi.482">
	<ExtendedData><SchemaData schemaUrl="#cikti_dsimgi">
		<SimpleData name="OBJECTID">482</SimpleData>
		<SimpleData name="HAVZA_NO">16</SimpleData>
		<SimpleData name="IST_NO">16-012</SimpleData>
		<SimpleData name="IST_AD">Konakli (Misli)</SimpleData>
		<SimpleData name="IST_TIP">MGI</SimpleData>
		<SimpleData name="BOLGE_NO">04</SimpleData>
		<SimpleData name="RASAT_TIP">Y</SimpleData>
		<SimpleData name="ILI">Nigde</SimpleData>
		<SimpleData name="ILCESI">Gölcük</SimpleData>
		<SimpleData name="IST_KOT">1265</SimpleData>
		<SimpleData name="DURUMU">A</SimpleData>
		<SimpleData name="IST_AC">1965/05/14 00:00:00</SimpleData>
		<SimpleData name="P25_PNO">L33-c1</SimpleData>
		<SimpleData name="CKS_BOYLAM">34:51:08</SimpleData>
		<SimpleData name="CKS_ENLEM">38:10:16</SimpleData>
		<SimpleData name="UTM_ZONE">36</SimpleData>
		<SimpleData name="UTMY">0</SimpleData>
		<SimpleData name="UTMX">0</SimpleData>
		<SimpleData name="COORH_X">1074824</SimpleData>
	</SchemaData></ExtendedData>
      <Point><coordinates>34.8519473192982,38.170101228326</coordinates></Point>
  </Placemark>
  <Placemark id="cikti_dsimgi.483">
	<ExtendedData><SchemaData schemaUrl="#cikti_dsimgi">
		<SimpleData name="OBJECTID">483</SimpleData>
		<SimpleData name="HAVZA_NO">16</SimpleData>
		<SimpleData name="IST_NO">16-013</SimpleData>
		<SimpleData name="IST_AD">Besagil (Gene)</SimpleData>
		<SimpleData name="IST_TIP">MGI</SimpleData>
		<SimpleData name="BOLGE_NO">04</SimpleData>
		<SimpleData name="RASAT_TIP">Y</SimpleData>
		<SimpleData name="ILI">Konya</SimpleData>
		<SimpleData name="ILCESI">Merkez</SimpleData>
		<SimpleData name="IST_KOT">1155</SimpleData>
		<SimpleData name="DURUMU">A</SimpleData>
		<SimpleData name="IST_AC">1964/12/01 00:00:00</SimpleData>
		<SimpleData name="P25_PNO">M30-a2</SimpleData>
		<SimpleData name="CKS_BOYLAM">33:12:35</SimpleData>
		<SimpleData name="CKS_ENLEM">37:52:33</SimpleData>
		<SimpleData name="UTM_ZONE">36</SimpleData>
		<SimpleData name="UTMY">0</SimpleData>
		<SimpleData name="UTMX">0</SimpleData>
		<SimpleData name="COORH_X">930311.3125</SimpleData>
	</SchemaData></ExtendedData>
      <Point><coordinates>33.2094076643074,37.8748112015345</coordinates></Point>
  </Placemark>
  <Placemark id="cikti_dsimgi.484">
	<ExtendedData><SchemaData schemaUrl="#cikti_dsimgi">
		<SimpleData name="OBJECTID">484</SimpleData>
		<SimpleData name="HAVZA_NO">16</SimpleData>
		<SimpleData name="IST_NO">16-014</SimpleData>
		<SimpleData name="IST_AD">Akkaya baraji</SimpleData>
		<SimpleData name="IST_TIP">MGI</SimpleData>
		<SimpleData name="BOLGE_NO">04</SimpleData>
		<SimpleData name="RASAT_TIP">YB</SimpleData>
		<SimpleData name="ILI">Nigde</SimpleData>
		<SimpleData name="ILCESI">Bor</SimpleData>
		<SimpleData name="IST_KOT">1195</SimpleData>
		<SimpleData name="DURUMU">A</SimpleData>
		<SimpleData name="IST_AC">1965/05/04 00:00:00</SimpleData>
		<SimpleData name="P25_PNO">M33-a1</SimpleData>
		<SimpleData name="CKS_BOYLAM">34:36:23</SimpleData>
		<SimpleData name="CKS_ENLEM">37:55:19</SimpleData>
		<SimpleData name="UTM_ZONE">36</SimpleData>
		<SimpleData name="UTMY">0</SimpleData>
		<SimpleData name="UTMX">0</SimpleData>
		<SimpleData name="COORH_X">1053436.875</SimpleData>
	</SchemaData></ExtendedData>
      <Point><coordinates>34.606109182987,37.9209283464818</coordinates></Point>
  </Placemark>
  <Placemark id="cikti_dsimgi.485">
	<ExtendedData><SchemaData schemaUrl="#cikti_dsimgi">
		<SimpleData name="OBJECTID">485</SimpleData>
		<SimpleData name="HAVZA_NO">16</SimpleData>
		<SimpleData name="IST_NO">16-015</SimpleData>
		<SimpleData name="IST_AD">Kitreli</SimpleData>
		<SimpleData name="IST_TIP">MGI</SimpleData>
		<SimpleData name="BOLGE_NO">04</SimpleData>
		<SimpleData name="RASAT_TIP">Y</SimpleData>
		<SimpleData name="ILI">Nigde</SimpleData>
		<SimpleData name="ILCESI">Merkez</SimpleData>
		<SimpleData name="IST_KOT">1540</SimpleData>
		<SimpleData name="DURUMU">A</SimpleData>
		<SimpleData name="IST_AC">1965/05/01 00:00:00</SimpleData>
		<SimpleData name="P25_PNO">L32-c1</SimpleData>
		<SimpleData name="CKS_BOYLAM">34:21:23</SimpleData>
		<SimpleData name="CKS_ENLEM">38:10:35</SimpleData>
		<SimpleData name="UTM_ZONE">36</SimpleData>
		<SimpleData name="UTMY">0</SimpleData>
		<SimpleData name="UTMX">0</SimpleData>
		<SimpleData name="COORH_X">1031288.5</SimpleData>
	</SchemaData></ExtendedData>
      <Point><coordinates>34.3561014138877,38.1753773962316</coordinates></Point>
  </Placemark>
  <Placemark id="cikti_dsimgi.486">
	<ExtendedData><SchemaData schemaUrl="#cikti_dsimgi">
		<SimpleData name="OBJECTID">486</SimpleData>
		<SimpleData name="HAVZA_NO">16</SimpleData>
		<SimpleData name="IST_NO">16-016</SimpleData>
		<SimpleData name="IST_AD">Berendi</SimpleData>
		<SimpleData name="IST_TIP">MGI</SimpleData>
		<SimpleData name="BOLGE_NO">04</SimpleData>
		<SimpleData name="RASAT_TIP">Y</SimpleData>
		<SimpleData name="ILI">Konya</SimpleData>
		<SimpleData name="ILCESI">Ayranci</SimpleData>
		<SimpleData name="IST_KOT">1450</SimpleData>
		<SimpleData name="DURUMU">A</SimpleData>
		<SimpleData name="IST_AC">1965/07/07 00:00:00</SimpleData>
		<SimpleData name="P25_PNO">N32-d4</SimpleData>
		<SimpleData name="CKS_BOYLAM">33:57:05</SimpleData>
		<SimpleData name="CKS_ENLEM">37:15:31</SimpleData>
		<SimpleData name="UTM_ZONE">36</SimpleData>
		<SimpleData name="UTMY">0</SimpleData>
		<SimpleData name="UTMX">0</SimpleData>
		<SimpleData name="COORH_X">995674.3125</SimpleData>
	</SchemaData></ExtendedData>
      <Point><coordinates>33.9510964431384,37.2575788135188</coordinates></Point>
  </Placemark>
  <Placemark id="cikti_dsimgi.487">
	<ExtendedData><SchemaData schemaUrl="#cikti_dsimgi">
		<SimpleData name="OBJECTID">487</SimpleData>
		<SimpleData name="HAVZA_NO">16</SimpleData>
		<SimpleData name="IST_NO">16-017</SimpleData>
		<SimpleData name="IST_AD">Gebere baraji</SimpleData>
		<SimpleData name="IST_TIP">MGI</SimpleData>
		<SimpleData name="BOLGE_NO">04</SimpleData>
		<SimpleData name="RASAT_TIP">YB</SimpleData>
		<SimpleData name="ILI">Nigde</SimpleData>
		<SimpleData name="ILCESI">Merkez</SimpleData>
		<SimpleData name="IST_KOT">1710</SimpleData>
		<SimpleData name="DURUMU">A</SimpleData>
		<SimpleData name="IST_AC">1965/05/03 00:00:00</SimpleData>
		<SimpleData name="P25_PNO">L33-d4</SimpleData>
		<SimpleData name="CKS_BOYLAM">34:38:24</SimpleData>
		<SimpleData name="CKS_ENLEM">38:02:45</SimpleData>
		<SimpleData name="UTM_ZONE">36</SimpleData>
		<SimpleData name="UTMY">0</SimpleData>
		<SimpleData name="UTMX">0</SimpleData>
		<SimpleData name="COORH_X">1056295.75</SimpleData>
	</SchemaData></ExtendedData>
      <Point><coordinates>34.6397204126492,38.0448200219992</coordinates></Point>
  </Placemark>
  <Placemark id="cikti_dsimgi.488">
	<ExtendedData><SchemaData schemaUrl="#cikti_dsimgi">
		<SimpleData name="OBJECTID">488</SimpleData>
		<SimpleData name="HAVZA_NO">16</SimpleData>
		<SimpleData name="IST_NO">16-018</SimpleData>
		<SimpleData name="IST_AD">Küçük Koras</SimpleData>
		<SimpleData name="IST_TIP">MGI</SimpleData>
		<SimpleData name="BOLGE_NO">04</SimpleData>
		<SimpleData name="RASAT_TIP">Y</SimpleData>
		<SimpleData name="ILI">Konya</SimpleData>
		<SimpleData name="ILCESI">Eregli</SimpleData>
		<SimpleData name="IST_KOT">1650</SimpleData>
		<SimpleData name="DURUMU">A</SimpleData>
		<SimpleData name="IST_AC">1965/07/01 00:00:00</SimpleData>
		<SimpleData name="P25_PNO">N31-l4</SimpleData>
		<SimpleData name="CKS_BOYLAM">34:49:18</SimpleData>
		<SimpleData name="CKS_ENLEM">37:06:53</SimpleData>
		<SimpleData name="UTM_ZONE">36</SimpleData>
		<SimpleData name="UTMY">0</SimpleData>
		<SimpleData name="UTMX">0</SimpleData>
		<SimpleData name="COORH_X">1073269.5</SimpleData>
	</SchemaData></ExtendedData>
      <Point><coordinates>34.8213966832231,37.1136899789642</coordinates></Point>
  </Placemark>
  <Placemark id="cikti_dsimgi.489">
	<ExtendedData><SchemaData schemaUrl="#cikti_dsimgi">
		<SimpleData name="OBJECTID">489</SimpleData>
		<SimpleData name="HAVZA_NO">16</SimpleData>
		<SimpleData name="IST_NO">16-019</SimpleData>
		<SimpleData name="IST_AD">Büyükoba</SimpleData>
		<SimpleData name="IST_TIP">MGI</SimpleData>
		<SimpleData name="BOLGE_NO">04</SimpleData>
		<SimpleData name="RASAT_TIP">Y</SimpleData>
		<SimpleData name="ILI">Konya</SimpleData>
		<SimpleData name="ILCESI">Ilgin</SimpleData>
		<SimpleData name="IST_KOT">1150</SimpleData>
		<SimpleData name="DURUMU">A</SimpleData>
		<SimpleData name="IST_AC">1965/05/13 00:00:00</SimpleData>
		<SimpleData name="P25_PNO">K28-d4</SimpleData>
		<SimpleData name="CKS_BOYLAM">32:02:08</SimpleData>
		<SimpleData name="CKS_ENLEM">38:32:09</SimpleData>
		<SimpleData name="UTM_ZONE">36</SimpleData>
		<SimpleData name="UTMY">0</SimpleData>
		<SimpleData name="UTMX">0</SimpleData>
		<SimpleData name="COORH_X">828467</SimpleData>
	</SchemaData></ExtendedData>
      <Point><coordinates>32.0352074129515,38.5348207638026</coordinates></Point>
  </Placemark>
  <Placemark id="cikti_dsimgi.490">
	<ExtendedData><SchemaData schemaUrl="#cikti_dsimgi">
		<SimpleData name="OBJECTID">490</SimpleData>
		<SimpleData name="HAVZA_NO">16</SimpleData>
		<SimpleData name="IST_NO">16-020</SimpleData>
		<SimpleData name="IST_AD">Ortakaracaören</SimpleData>
		<SimpleData name="IST_TIP">MGI</SimpleData>
		<SimpleData name="BOLGE_NO">04</SimpleData>
		<SimpleData name="RASAT_TIP">YB</SimpleData>
		<SimpleData name="ILI">Konya</SimpleData>
		<SimpleData name="ILCESI">Seydisehir</SimpleData>
		<SimpleData name="IST_KOT">1040</SimpleData>
		<SimpleData name="DURUMU">A</SimpleData>
		<SimpleData name="IST_AC">1965/07/20 00:00:00</SimpleData>
		<SimpleData name="P25_PNO">N28-a1</SimpleData>
		<SimpleData name="CKS_BOYLAM">32:06:02</SimpleData>
		<SimpleData name="CKS_ENLEM">37:22:40</SimpleData>
		<SimpleData name="UTM_ZONE">36</SimpleData>
		<SimpleData name="UTMY">0</SimpleData>
		<SimpleData name="UTMX">0</SimpleData>
		<SimpleData name="COORH_X">831284.0625</SimpleData>
	</SchemaData></ExtendedData>
      <Point><coordinates>32.1002164895183,37.3767409359989</coordinates></Point>
  </Placemark>
  <Placemark id="cikti_dsimgi.491">
	<ExtendedData><SchemaData schemaUrl="#cikti_dsimgi">
		<SimpleData name="OBJECTID">491</SimpleData>
		<SimpleData name="HAVZA_NO">16</SimpleData>
		<SimpleData name="IST_NO">16-021</SimpleData>
		<SimpleData name="IST_AD">Sille baraji</SimpleData>
		<SimpleData name="IST_TIP">MGI</SimpleData>
		<SimpleData name="BOLGE_NO">04</SimpleData>
		<SimpleData name="RASAT_TIP">YB</SimpleData>
		<SimpleData name="ILI">Konya</SimpleData>
		<SimpleData name="ILCESI">Merkez</SimpleData>
		<SimpleData name="IST_KOT">1340</SimpleData>
		<SimpleData name="DURUMU">A</SimpleData>
		<SimpleData name="IST_AC">1965/01/01 00:00:00</SimpleData>
		<SimpleData name="P25_PNO">M28-b2</SimpleData>
		<SimpleData name="CKS_BOYLAM">32:24:07</SimpleData>
		<SimpleData name="CKS_ENLEM">37:55:47</SimpleData>
		<SimpleData name="UTM_ZONE">36</SimpleData>
		<SimpleData name="UTMY">0</SimpleData>
		<SimpleData name="UTMX">0</SimpleData>
		<SimpleData name="COORH_X">859197.5</SimpleData>
	</SchemaData></ExtendedData>
      <Point><coordinates>32.4016094085759,37.9286980942318</coordinates></Point>
  </Placemark>
  <Placemark id="cikti_dsimgi.492">
	<ExtendedData><SchemaData schemaUrl="#cikti_dsimgi">
		<SimpleData name="OBJECTID">492</SimpleData>
		<SimpleData name="HAVZA_NO">16</SimpleData>
		<SimpleData name="IST_NO">16-022</SimpleData>
		<SimpleData name="IST_AD">Ismil</SimpleData>
		<SimpleData name="IST_TIP">MGI</SimpleData>
		<SimpleData name="BOLGE_NO">04</SimpleData>
		<SimpleData name="RASAT_TIP">Y</SimpleData>
		<SimpleData name="ILI">Konya</SimpleData>
		<SimpleData name="ILCESI">Merkez</SimpleData>
		<SimpleData name="IST_KOT">1350</SimpleData>
		<SimpleData name="DURUMU">A</SimpleData>
		<SimpleData name="IST_AC">1962/08/01 00:00:00</SimpleData>
		<SimpleData name="P25_PNO">M30-d1</SimpleData>
		<SimpleData name="CKS_BOYLAM">33:02:25</SimpleData>
		<SimpleData name="CKS_ENLEM">37:43:02</SimpleData>
		<SimpleData name="UTM_ZONE">36</SimpleData>
		<SimpleData name="UTMY">0</SimpleData>
		<SimpleData name="UTMX">0</SimpleData>
		<SimpleData name="COORH_X">915172</SimpleData>
	</SchemaData></ExtendedData>
      <Point><coordinates>33.039959953294,37.7161960891869</coordinates></Point>
  </Placemark>
  <Placemark id="cikti_dsimgi.493">
	<ExtendedData><SchemaData schemaUrl="#cikti_dsimgi">
		<SimpleData name="OBJECTID">493</SimpleData>
		<SimpleData name="HAVZA_NO">16</SimpleData>
		<SimpleData name="IST_NO">16-023</SimpleData>
		<SimpleData name="IST_AD">Akçaviran</SimpleData>
		<SimpleData name="IST_TIP">MGI</SimpleData>
		<SimpleData name="BOLGE_NO">04</SimpleData>
		<SimpleData name="RASAT_TIP">Y</SimpleData>
		<SimpleData name="ILI">Nigde</SimpleData>
		<SimpleData name="ILCESI">Bor</SimpleData>
		<SimpleData name="IST_KOT">1450</SimpleData>
		<SimpleData name="DURUMU">A</SimpleData>
		<SimpleData name="IST_AC">1966/07/15 00:00:00</SimpleData>
		<SimpleData name="P25_PNO">L32-c4</SimpleData>
		<SimpleData name="CKS_BOYLAM">34:15:39</SimpleData>
		<SimpleData name="CKS_ENLEM">38:00:53</SimpleData>
		<SimpleData name="UTM_ZONE">36</SimpleData>
		<SimpleData name="UTMY">0</SimpleData>
		<SimpleData name="UTMX">0</SimpleData>
		<SimpleData name="COORH_X">1022954.1875</SimpleData>
	</SchemaData></ExtendedData>
      <Point><coordinates>34.2605443559518,38.013706887363</coordinates></Point>
  </Placemark>
  <Placemark id="cikti_dsimgi.494">
	<ExtendedData><SchemaData schemaUrl="#cikti_dsimgi">
		<SimpleData name="OBJECTID">494</SimpleData>
		<SimpleData name="HAVZA_NO">16</SimpleData>
		<SimpleData name="IST_NO">16-024</SimpleData>
		<SimpleData name="IST_AD">Armutlu</SimpleData>
		<SimpleData name="IST_TIP">MGI</SimpleData>
		<SimpleData name="BOLGE_NO">04</SimpleData>
		<SimpleData name="RASAT_TIP">Y</SimpleData>
		<SimpleData name="ILI">Aksaray</SimpleData>
		<SimpleData name="ILCESI">Merkez</SimpleData>
		<SimpleData name="IST_KOT">1075</SimpleData>
		<SimpleData name="DURUMU">A</SimpleData>
		<SimpleData name="IST_AC">1966/07/08 00:00:00</SimpleData>
		<SimpleData name="P25_PNO">L31-c2</SimpleData>
		<SimpleData name="CKS_BOYLAM">33:53:49</SimpleData>
		<SimpleData name="CKS_ENLEM">38:11:45</SimpleData>
		<SimpleData name="UTM_ZONE">36</SimpleData>
		<SimpleData name="UTMY">0</SimpleData>
		<SimpleData name="UTMX">0</SimpleData>
		<SimpleData name="COORH_X">990955</SimpleData>
	</SchemaData></ExtendedData>
      <Point><coordinates>33.8966452483727,38.1948206093074</coordinates></Point>
  </Placemark>
  <Placemark id="cikti_dsimgi.495">
	<ExtendedData><SchemaData schemaUrl="#cikti_dsimgi">
		<SimpleData name="OBJECTID">495</SimpleData>
		<SimpleData name="HAVZA_NO">16</SimpleData>
		<SimpleData name="IST_NO">16-025</SimpleData>
		<SimpleData name="IST_AD">Huglu</SimpleData>
		<SimpleData name="IST_TIP">MGI</SimpleData>
		<SimpleData name="BOLGE_NO">04</SimpleData>
		<SimpleData name="RASAT_TIP">Y</SimpleData>
		<SimpleData name="ILI">Konya</SimpleData>
		<SimpleData name="ILCESI">Derebucak</SimpleData>
		<SimpleData name="IST_KOT">1370</SimpleData>
		<SimpleData name="DURUMU">A</SimpleData>
		<SimpleData name="IST_AC">1966/08/23 00:00:00</SimpleData>
		<SimpleData name="P25_PNO">N27-a1</SimpleData>
		<SimpleData name="CKS_BOYLAM">31:34:39</SimpleData>
		<SimpleData name="CKS_ENLEM">37:28:43</SimpleData>
		<SimpleData name="UTM_ZONE">36</SimpleData>
		<SimpleData name="UTMY">0</SimpleData>
		<SimpleData name="UTMX">0</SimpleData>
		<SimpleData name="COORH_X">785152.875</SimpleData>
	</SchemaData></ExtendedData>
      <Point><coordinates>31.5771473980269,37.4775742691503</coordinates></Point>
  </Placemark>
  <Placemark id="cikti_dsimgi.496">
	<ExtendedData><SchemaData schemaUrl="#cikti_dsimgi">
		<SimpleData name="OBJECTID">496</SimpleData>
		<SimpleData name="HAVZA_NO">16</SimpleData>
		<SimpleData name="IST_NO">16-026</SimpleData>
		<SimpleData name="IST_AD">Kamislikuyu</SimpleData>
		<SimpleData name="IST_TIP">MGI</SimpleData>
		<SimpleData name="BOLGE_NO">04</SimpleData>
		<SimpleData name="RASAT_TIP">Y</SimpleData>
		<SimpleData name="ILI">Konya</SimpleData>
		<SimpleData name="ILCESI">Eregli</SimpleData>
		<SimpleData name="IST_KOT">1030</SimpleData>
		<SimpleData name="DURUMU">A</SimpleData>
		<SimpleData name="IST_AC">1966/08/19 00:00:00</SimpleData>
		<SimpleData name="P25_PNO">M30-d1</SimpleData>
		<SimpleData name="CKS_BOYLAM">34:07:08</SimpleData>
		<SimpleData name="CKS_ENLEM">37:40:58</SimpleData>
		<SimpleData name="UTM_ZONE">36</SimpleData>
		<SimpleData name="UTMY">0</SimpleData>
		<SimpleData name="UTMX">0</SimpleData>
		<SimpleData name="COORH_X">1010513.875</SimpleData>
	</SchemaData></ExtendedData>
      <Point><coordinates>34.1185982269826,37.6817548997603</coordinates></Point>
  </Placemark>
  <Placemark id="cikti_dsimgi.497">
	<ExtendedData><SchemaData schemaUrl="#cikti_dsimgi">
		<SimpleData name="OBJECTID">497</SimpleData>
		<SimpleData name="HAVZA_NO">16</SimpleData>
		<SimpleData name="IST_NO">16-027</SimpleData>
		<SimpleData name="IST_AD">Ketenli (Çalmanda)</SimpleData>
		<SimpleData name="IST_TIP">MGI</SimpleData>
		<SimpleData name="BOLGE_NO">04</SimpleData>
		<SimpleData name="RASAT_TIP">Y</SimpleData>
		<SimpleData name="ILI">Konya</SimpleData>
		<SimpleData name="ILCESI">Seydisehir</SimpleData>
		<SimpleData name="IST_KOT">1550</SimpleData>
		<SimpleData name="DURUMU">A</SimpleData>
		<SimpleData name="IST_AC">1966/08/29 00:00:00</SimpleData>
		<SimpleData name="P25_PNO">M28-d4</SimpleData>
		<SimpleData name="CKS_BOYLAM">32:03:35</SimpleData>
		<SimpleData name="CKS_ENLEM">37:31:47</SimpleData>
		<SimpleData name="UTM_ZONE">36</SimpleData>
		<SimpleData name="UTMY">0</SimpleData>
		<SimpleData name="UTMX">0</SimpleData>
		<SimpleData name="COORH_X">828040.9375</SimpleData>
	</SchemaData></ExtendedData>
      <Point><coordinates>32.0593811971088,37.5286883853339</coordinates></Point>
  </Placemark>
  <Placemark id="cikti_dsimgi.498">
	<ExtendedData><SchemaData schemaUrl="#cikti_dsimgi">
		<SimpleData name="OBJECTID">498</SimpleData>
		<SimpleData name="HAVZA_NO">16</SimpleData>
		<SimpleData name="IST_NO">16-028</SimpleData>
		<SimpleData name="IST_AD">Beysehir</SimpleData>
		<SimpleData name="IST_TIP">MGI</SimpleData>
		<SimpleData name="BOLGE_NO">04</SimpleData>
		<SimpleData name="RASAT_TIP">YB</SimpleData>
		<SimpleData name="ILI">Konya</SimpleData>
		<SimpleData name="ILCESI">Beysehir</SimpleData>
		<SimpleData name="IST_KOT">1115</SimpleData>
		<SimpleData name="DURUMU">K</SimpleData>
		<SimpleData name="IST_AC">1960/01/01 00:00:00</SimpleData>
		<SimpleData name="IST_KAP">1969/08/18 00:00:00</SimpleData>
		<SimpleData name="CKS_BOYLAM">31:46:00</SimpleData>
		<SimpleData name="CKS_ENLEM">37:41:00</SimpleData>
		<SimpleData name="UTM_ZONE">0</SimpleData>
		<SimpleData name="UTMY">0</SimpleData>
		<SimpleData name="UTMX">0</SimpleData>
		<SimpleData name="COORH_X">802519.9375</SimpleData>
	</SchemaData></ExtendedData>
      <Point><coordinates>31.7663174042249,37.6823014852581</coordinates></Point>
  </Placemark>
  <Placemark id="cikti_dsimgi.499">
	<ExtendedData><SchemaData schemaUrl="#cikti_dsimgi">
		<SimpleData name="OBJECTID">499</SimpleData>
		<SimpleData name="HAVZA_NO">16</SimpleData>
		<SimpleData name="IST_NO">16-029</SimpleData>
		<SimpleData name="IST_AD">Yatagan</SimpleData>
		<SimpleData name="IST_TIP">MGI</SimpleData>
		<SimpleData name="BOLGE_NO">04</SimpleData>
		<SimpleData name="RASAT_TIP">Y</SimpleData>
		<SimpleData name="ILI">Konya</SimpleData>
		<SimpleData name="ILCESI">Merkez</SimpleData>
		<SimpleData name="IST_KOT">1730</SimpleData>
		<SimpleData name="DURUMU">A</SimpleData>
		<SimpleData name="IST_AC">1960/10/08 00:00:00</SimpleData>
		<SimpleData name="P25_PNO">M28-a4</SimpleData>
		<SimpleData name="CKS_BOYLAM">32:01:46</SimpleData>
		<SimpleData name="CKS_ENLEM">37:47:24</SimpleData>
		<SimpleData name="UTM_ZONE">36</SimpleData>
		<SimpleData name="UTMY">0</SimpleData>
		<SimpleData name="UTMX">0</SimpleData>
		<SimpleData name="COORH_X">826024.5</SimpleData>
	</SchemaData></ExtendedData>
      <Point><coordinates>32.0291009990845,37.788971473094</coordinates></Point>
  </Placemark>
  <Placemark id="cikti_dsimgi.500">
	<ExtendedData><SchemaData schemaUrl="#cikti_dsimgi">
		<SimpleData name="OBJECTID">500</SimpleData>
		<SimpleData name="HAVZA_NO">16</SimpleData>
		<SimpleData name="IST_NO">16-030</SimpleData>
		<SimpleData name="IST_AD">Kayali (Tülasa)</SimpleData>
		<SimpleData name="IST_TIP">MGI</SimpleData>
		<SimpleData name="BOLGE_NO">04</SimpleData>
		<SimpleData name="RASAT_TIP">Y</SimpleData>
		<SimpleData name="ILI">Konya</SimpleData>
		<SimpleData name="ILCESI">Merkez</SimpleData>
		<SimpleData name="IST_KOT">1350</SimpleData>
		<SimpleData name="DURUMU">A</SimpleData>
		<SimpleData name="IST_AC">1960/07/06 00:00:00</SimpleData>
		<SimpleData name="P25_PNO">M28--d2</SimpleData>
		<SimpleData name="CKS_BOYLAM">32:11:36</SimpleData>
		<SimpleData name="CKS_ENLEM">37:43:25</SimpleData>
		<SimpleData name="UTM_ZONE">36</SimpleData>
		<SimpleData name="UTMY">0</SimpleData>
		<SimpleData name="UTMX">0</SimpleData>
		<SimpleData name="COORH_X">840335.75</SimpleData>
	</SchemaData></ExtendedData>
      <Point><coordinates>32.1929944152765,37.7225818382841</coordinates></Point>
  </Placemark>
  <Placemark id="cikti_dsimgi.501">
	<ExtendedData><SchemaData schemaUrl="#cikti_dsimgi">
		<SimpleData name="OBJECTID">501</SimpleData>
		<SimpleData name="HAVZA_NO">16</SimpleData>
		<SimpleData name="IST_NO">16-031</SimpleData>
		<SimpleData name="IST_AD">Sadiklar</SimpleData>
		<SimpleData name="IST_TIP">MGI</SimpleData>
		<SimpleData name="BOLGE_NO">04</SimpleData>
		<SimpleData name="RASAT_TIP">Y</SimpleData>
		<SimpleData name="ILI">Konya</SimpleData>
		<SimpleData name="ILCESI">Merkez</SimpleData>
		<SimpleData name="IST_KOT">1240</SimpleData>
		<SimpleData name="DURUMU">A</SimpleData>
		<SimpleData name="IST_AC">1960/10/08 00:00:00</SimpleData>
		<SimpleData name="P25_PNO">M28-c4</SimpleData>
		<SimpleData name="CKS_BOYLAM">32:15:41</SimpleData>
		<SimpleData name="CKS_ENLEM">37:32:36</SimpleData>
		<SimpleData name="UTM_ZONE">36</SimpleData>
		<SimpleData name="UTMY">0</SimpleData>
		<SimpleData name="UTMX">0</SimpleData>
		<SimpleData name="COORH_X">845942</SimpleData>
	</SchemaData></ExtendedData>
      <Point><coordinates>32.261052769189,37.5423005646527</coordinates></Point>
  </Placemark>
  <Placemark id="cikti_dsimgi.502">
	<ExtendedData><SchemaData schemaUrl="#cikti_dsimgi">
		<SimpleData name="OBJECTID">502</SimpleData>
		<SimpleData name="HAVZA_NO">16</SimpleData>
		<SimpleData name="IST_NO">16-032</SimpleData>
		<SimpleData name="IST_AD">Avdan</SimpleData>
		<SimpleData name="IST_TIP">MGI</SimpleData>
		<SimpleData name="BOLGE_NO">04</SimpleData>
		<SimpleData name="RASAT_TIP">YB</SimpleData>
		<SimpleData name="ILI">Konya</SimpleData>
		<SimpleData name="ILCESI">Bozkir</SimpleData>
		<SimpleData name="IST_KOT">1350</SimpleData>
		<SimpleData name="DURUMU">K</SimpleData>
		<SimpleData name="IST_AC">1960/10/01 00:00:00</SimpleData>
		<SimpleData name="IST_KAP">1972/10/31 00:00:00</SimpleData>
		<SimpleData name="CKS_BOYLAM">32:21:00</SimpleData>
		<SimpleData name="CKS_ENLEM">37:16:00</SimpleData>
		<SimpleData name="UTM_ZONE">0</SimpleData>
		<SimpleData name="UTMY">0</SimpleData>
		<SimpleData name="UTMX">0</SimpleData>
		<SimpleData name="COORH_X">853199.375</SimpleData>
	</SchemaData></ExtendedData>
      <Point><coordinates>32.3496677810181,37.2656285466518</coordinates></Point>
  </Placemark>
  <Placemark id="cikti_dsimgi.503">
	<ExtendedData><SchemaData schemaUrl="#cikti_dsimgi">
		<SimpleData name="OBJECTID">503</SimpleData>
		<SimpleData name="HAVZA_NO">16</SimpleData>
		<SimpleData name="IST_NO">16-033</SimpleData>
		<SimpleData name="IST_AD">Kurucaova</SimpleData>
		<SimpleData name="IST_TIP">MGI</SimpleData>
		<SimpleData name="BOLGE_NO">04</SimpleData>
		<SimpleData name="RASAT_TIP">YB</SimpleData>
		<SimpleData name="ILI">Konya</SimpleData>
		<SimpleData name="ILCESI">Beysehir</SimpleData>
		<SimpleData name="IST_KOT">1140</SimpleData>
		<SimpleData name="DURUMU">K</SimpleData>
		<SimpleData name="IST_AC">1970/04/01 00:00:00</SimpleData>
		<SimpleData name="IST_KAP">1970/12/01 00:00:00</SimpleData>
		<SimpleData name="CKS_BOYLAM">31:27:00</SimpleData>
		<SimpleData name="CKS_ENLEM">37:41:00</SimpleData>
		<SimpleData name="UTM_ZONE">0</SimpleData>
		<SimpleData name="UTMY">0</SimpleData>
		<SimpleData name="UTMX">0</SimpleData>
		<SimpleData name="COORH_X">774526.8125</SimpleData>
	</SchemaData></ExtendedData>
      <Point><coordinates>31.4496429245958,37.6823001878695</coordinates></Point>
  </Placemark>
  <Placemark id="cikti_dsimgi.504">
	<ExtendedData><SchemaData schemaUrl="#cikti_dsimgi">
		<SimpleData name="OBJECTID">504</SimpleData>
		<SimpleData name="HAVZA_NO">16</SimpleData>
		<SimpleData name="IST_NO">16-034</SimpleData>
		<SimpleData name="IST_AD">Kizilca</SimpleData>
		<SimpleData name="IST_TIP">MGI</SimpleData>
		<SimpleData name="BOLGE_NO">04</SimpleData>
		<SimpleData name="RASAT_TIP">YB</SimpleData>
		<SimpleData name="ILI">Konya</SimpleData>
		<SimpleData name="ILCESI">Seydisehir</SimpleData>
		<SimpleData name="IST_KOT">1150</SimpleData>
		<SimpleData name="DURUMU">A</SimpleData>
		<SimpleData name="IST_AC">1966/10/25 00:00:00</SimpleData>
		<SimpleData name="P25_PNO">M27-d3</SimpleData>
		<SimpleData name="CKS_BOYLAM">31:44:09</SimpleData>
		<SimpleData name="CKS_ENLEM">37:33:00</SimpleData>
		<SimpleData name="UTM_ZONE">36</SimpleData>
		<SimpleData name="UTMY">0</SimpleData>
		<SimpleData name="UTMX">0</SimpleData>
		<SimpleData name="COORH_X">799401.875</SimpleData>
	</SchemaData></ExtendedData>
      <Point><coordinates>31.7354841812858,37.5489652726251</coordinates></Point>
  </Placemark>
  <Placemark id="cikti_dsimgi.505">
	<ExtendedData><SchemaData schemaUrl="#cikti_dsimgi">
		<SimpleData name="OBJECTID">505</SimpleData>
		<SimpleData name="HAVZA_NO">16</SimpleData>
		<SimpleData name="IST_NO">16-035</SimpleData>
		<SimpleData name="IST_AD">Çeltek</SimpleData>
		<SimpleData name="IST_TIP">MGI</SimpleData>
		<SimpleData name="BOLGE_NO">18</SimpleData>
		<SimpleData name="RASAT_TIP">YB</SimpleData>
		<SimpleData name="ILI">Isparta</SimpleData>
		<SimpleData name="ILCESI">Sarkikaraagaç</SimpleData>
		<SimpleData name="IST_KOT">1200</SimpleData>
		<SimpleData name="DURUMU">A</SimpleData>
		<SimpleData name="IST_AC">1967/07/01 00:00:00</SimpleData>
		<SimpleData name="P25_PNO">L26-c4</SimpleData>
		<SimpleData name="CKS_BOYLAM">31:18:53,6</SimpleData>
		<SimpleData name="CKS_ENLEM">38:01:01,1</SimpleData>
		<SimpleData name="UTM_ZONE">36</SimpleData>
		<SimpleData name="UTMY">0</SimpleData>
		<SimpleData name="UTMX">0</SimpleData>
		<SimpleData name="COORH_X">763733.0625</SimpleData>
	</SchemaData></ExtendedData>
      <Point><coordinates>31.3143595720027,38.0159177426603</coordinates></Point>
  </Placemark>
  <Placemark id="cikti_dsimgi.506">
	<ExtendedData><SchemaData schemaUrl="#cikti_dsimgi">
		<SimpleData name="OBJECTID">506</SimpleData>
		<SimpleData name="HAVZA_NO">16</SimpleData>
		<SimpleData name="IST_NO">16-036</SimpleData>
		<SimpleData name="IST_AD">Medreselik (Yeniköy)</SimpleData>
		<SimpleData name="IST_TIP">MGI</SimpleData>
		<SimpleData name="BOLGE_NO">04</SimpleData>
		<SimpleData name="RASAT_TIP">Y</SimpleData>
		<SimpleData name="ILI">Karaman</SimpleData>
		<SimpleData name="ILCESI">Merkez</SimpleData>
		<SimpleData name="IST_KOT">1600</SimpleData>
		<SimpleData name="DURUMU">A</SimpleData>
		<SimpleData name="IST_AC">1968/07/10 00:00:00</SimpleData>
		<SimpleData name="P25_PNO">D30-b1</SimpleData>
		<SimpleData name="CKS_BOYLAM">33:16:48</SimpleData>
		<SimpleData name="CKS_ENLEM">36:56:37</SimpleData>
		<SimpleData name="UTM_ZONE">36</SimpleData>
		<SimpleData name="UTMY">0</SimpleData>
		<SimpleData name="UTMX">0</SimpleData>
		<SimpleData name="COORH_X">935635.875</SimpleData>
	</SchemaData></ExtendedData>
      <Point><coordinates>33.279692655087,36.9425699340627</coordinates></Point>
  </Placemark>
  <Placemark id="cikti_dsimgi.507">
	<ExtendedData><SchemaData schemaUrl="#cikti_dsimgi">
		<SimpleData name="OBJECTID">507</SimpleData>
		<SimpleData name="HAVZA_NO">16</SimpleData>
		<SimpleData name="IST_NO">16-037</SimpleData>
		<SimpleData name="IST_AD">Tolca</SimpleData>
		<SimpleData name="IST_TIP">MGI</SimpleData>
		<SimpleData name="BOLGE_NO">04</SimpleData>
		<SimpleData name="RASAT_TIP">YB</SimpleData>
		<SimpleData name="ILI">Konya</SimpleData>
		<SimpleData name="ILCESI">Beysehir</SimpleData>
		<SimpleData name="IST_KOT">1123</SimpleData>
		<SimpleData name="DURUMU">A</SimpleData>
		<SimpleData name="IST_AC">1975/04/01 00:00:00</SimpleData>
		<SimpleData name="P25_PNO">M26-b2</SimpleData>
		<SimpleData name="CKS_BOYLAM">31:29:55</SimpleData>
		<SimpleData name="CKS_ENLEM">37:54:31</SimpleData>
		<SimpleData name="UTM_ZONE">36</SimpleData>
		<SimpleData name="UTMY">0</SimpleData>
		<SimpleData name="UTMX">0</SimpleData>
		<SimpleData name="COORH_X">779555.9375</SimpleData>
	</SchemaData></ExtendedData>
      <Point><coordinates>31.4982537410989,37.9075828825258</coordinates></Point>
  </Placemark>
  <Placemark id="cikti_dsimgi.508">
	<ExtendedData><SchemaData schemaUrl="#cikti_dsimgi">
		<SimpleData name="OBJECTID">508</SimpleData>
		<SimpleData name="HAVZA_NO">16</SimpleData>
		<SimpleData name="IST_NO">16-038</SimpleData>
		<SimpleData name="IST_AD">Gedikli</SimpleData>
		<SimpleData name="IST_TIP">MGI</SimpleData>
		<SimpleData name="BOLGE_NO">04</SimpleData>
		<SimpleData name="RASAT_TIP">YB</SimpleData>
		<SimpleData name="ILI">Konya</SimpleData>
		<SimpleData name="ILCESI">Beysehir</SimpleData>
		<SimpleData name="IST_KOT">1130</SimpleData>
		<SimpleData name="DURUMU">A</SimpleData>
		<SimpleData name="IST_AC">1975/01/01 00:00:00</SimpleData>
		<SimpleData name="P25_PNO">M26-b1</SimpleData>
		<SimpleData name="CKS_BOYLAM">31:20:26</SimpleData>
		<SimpleData name="CKS_ENLEM">37:53:21</SimpleData>
		<SimpleData name="UTM_ZONE">36</SimpleData>
		<SimpleData name="UTMY">0</SimpleData>
		<SimpleData name="UTMX">0</SimpleData>
		<SimpleData name="COORH_X">765563.875</SimpleData>
	</SchemaData></ExtendedData>
      <Point><coordinates>31.3401944111948,37.8881373977585</coordinates></Point>
  </Placemark>
  <Placemark id="cikti_dsimgi.509">
	<ExtendedData><SchemaData schemaUrl="#cikti_dsimgi">
		<SimpleData name="OBJECTID">509</SimpleData>
		<SimpleData name="HAVZA_NO">16</SimpleData>
		<SimpleData name="IST_NO">16-039</SimpleData>
		<SimpleData name="IST_AD">Dumanli (Yeniköy)</SimpleData>
		<SimpleData name="IST_TIP">MGI</SimpleData>
		<SimpleData name="BOLGE_NO">04</SimpleData>
		<SimpleData name="RASAT_TIP">Y</SimpleData>
		<SimpleData name="ILI">Konya</SimpleData>
		<SimpleData name="ILCESI">Beysehir</SimpleData>
		<SimpleData name="IST_KOT">1150</SimpleData>
		<SimpleData name="DURUMU">A</SimpleData>
		<SimpleData name="IST_AC">1975/11/01 00:00:00</SimpleData>
		<SimpleData name="P25_PNO">M26-c3</SimpleData>
		<SimpleData name="CKS_BOYLAM">31:22:37</SimpleData>
		<SimpleData name="CKS_ENLEM">37:32:21</SimpleData>
		<SimpleData name="UTM_ZONE">36</SimpleData>
		<SimpleData name="UTMY">0</SimpleData>
		<SimpleData name="UTMX">0</SimpleData>
		<SimpleData name="COORH_X">767577.75</SimpleData>
	</SchemaData></ExtendedData>
      <Point><coordinates>31.3765864750423,37.5381302234423</coordinates></Point>
  </Placemark>
  <Placemark id="cikti_dsimgi.510">
	<ExtendedData><SchemaData schemaUrl="#cikti_dsimgi">
		<SimpleData name="OBJECTID">510</SimpleData>
		<SimpleData name="HAVZA_NO">16</SimpleData>
		<SimpleData name="IST_NO">16-040</SimpleData>
		<SimpleData name="IST_AD">Alanköy</SimpleData>
		<SimpleData name="IST_TIP">MGI</SimpleData>
		<SimpleData name="BOLGE_NO">04</SimpleData>
		<SimpleData name="RASAT_TIP">YB</SimpleData>
		<SimpleData name="ILI">Konya</SimpleData>
		<SimpleData name="ILCESI">Çumra</SimpleData>
		<SimpleData name="IST_KOT">1275</SimpleData>
		<SimpleData name="DURUMU">K</SimpleData>
		<SimpleData name="IST_AC">1968/07/01 00:00:00</SimpleData>
		<SimpleData name="IST_KAP">1972/02/01 00:00:00</SimpleData>
		<SimpleData name="CKS_BOYLAM">32:25:00</SimpleData>
		<SimpleData name="CKS_ENLEM">37:21:00</SimpleData>
		<SimpleData name="UTM_ZONE">0</SimpleData>
		<SimpleData name="UTMY">0</SimpleData>
		<SimpleData name="UTMX">0</SimpleData>
		<SimpleData name="COORH_X">859301.5625</SimpleData>
	</SchemaData></ExtendedData>
      <Point><coordinates>32.4163355874834,37.3489638582702</coordinates></Point>
  </Placemark>
  <Placemark id="cikti_dsimgi.511">
	<ExtendedData><SchemaData schemaUrl="#cikti_dsimgi">
		<SimpleData name="OBJECTID">511</SimpleData>
		<SimpleData name="HAVZA_NO">16</SimpleData>
		<SimpleData name="IST_NO">16-041</SimpleData>
		<SimpleData name="IST_AD">Savran</SimpleData>
		<SimpleData name="IST_TIP">MGI</SimpleData>
		<SimpleData name="BOLGE_NO">04</SimpleData>
		<SimpleData name="RASAT_TIP">YB</SimpleData>
		<SimpleData name="ILI">Konya</SimpleData>
		<SimpleData name="ILCESI">Eregli</SimpleData>
		<SimpleData name="IST_KOT">1000</SimpleData>
		<SimpleData name="DURUMU">A</SimpleData>
		<SimpleData name="IST_AC">1976/11/15 00:00:00</SimpleData>
		<SimpleData name="P25_PNO">N31-b1</SimpleData>
		<SimpleData name="CKS_BOYLAM">33:46:41</SimpleData>
		<SimpleData name="CKS_ENLEM">37:28:54</SimpleData>
		<SimpleData name="UTM_ZONE">36</SimpleData>
		<SimpleData name="UTMY">0</SimpleData>
		<SimpleData name="UTMX">0</SimpleData>
		<SimpleData name="COORH_X">980314.4375</SimpleData>
	</SchemaData></ExtendedData>
      <Point><coordinates>33.777757519769,37.4806383423648</coordinates></Point>
  </Placemark>
  <Placemark id="cikti_dsimgi.512">
	<ExtendedData><SchemaData schemaUrl="#cikti_dsimgi">
		<SimpleData name="OBJECTID">512</SimpleData>
		<SimpleData name="HAVZA_NO">16</SimpleData>
		<SimpleData name="IST_NO">16-042</SimpleData>
		<SimpleData name="IST_AD">Gümüsler baraji</SimpleData>
		<SimpleData name="IST_TIP">MGI</SimpleData>
		<SimpleData name="BOLGE_NO">04</SimpleData>
		<SimpleData name="RASAT_TIP">YB</SimpleData>
		<SimpleData name="ILI">Nigde</SimpleData>
		<SimpleData name="ILCESI">Merkez</SimpleData>
		<SimpleData name="IST_KOT">1340</SimpleData>
		<SimpleData name="DURUMU">A</SimpleData>
		<SimpleData name="IST_AC">1971/09/07 00:00:00</SimpleData>
		<SimpleData name="P25_PNO">L33-c4</SimpleData>
		<SimpleData name="CKS_BOYLAM">34:45:41</SimpleData>
		<SimpleData name="CKS_ENLEM">38:00:30</SimpleData>
		<SimpleData name="UTM_ZONE">36</SimpleData>
		<SimpleData name="UTMY">0</SimpleData>
		<SimpleData name="UTMX">0</SimpleData>
		<SimpleData name="COORH_X">1067010.25</SimpleData>
	</SchemaData></ExtendedData>
      <Point><coordinates>34.7611125869757,38.0073196166851</coordinates></Point>
  </Placemark>
  <Placemark id="cikti_dsimgi.513">
	<ExtendedData><SchemaData schemaUrl="#cikti_dsimgi">
		<SimpleData name="OBJECTID">513</SimpleData>
		<SimpleData name="HAVZA_NO">16</SimpleData>
		<SimpleData name="IST_NO">16-043</SimpleData>
		<SimpleData name="IST_AD">Karacahisar</SimpleData>
		<SimpleData name="IST_TIP">MGI</SimpleData>
		<SimpleData name="BOLGE_NO">04</SimpleData>
		<SimpleData name="RASAT_TIP">YB</SimpleData>
		<SimpleData name="ILI">Konya</SimpleData>
		<SimpleData name="ILCESI">Bozkir</SimpleData>
		<SimpleData name="IST_KOT">1400</SimpleData>
		<SimpleData name="DURUMU">A</SimpleData>
		<SimpleData name="IST_AC">1977/09/22 00:00:00</SimpleData>
		<SimpleData name="P25_PNO">N28-c2</SimpleData>
		<SimpleData name="CKS_BOYLAM">32:08:43</SimpleData>
		<SimpleData name="CKS_ENLEM">37:07:50</SimpleData>
		<SimpleData name="UTM_ZONE">36</SimpleData>
		<SimpleData name="UTMY">0</SimpleData>
		<SimpleData name="UTMX">0</SimpleData>
		<SimpleData name="COORH_X">834659.6875</SimpleData>
	</SchemaData></ExtendedData>
      <Point><coordinates>32.1449413612274,37.1295138436331</coordinates></Point>
  </Placemark>
  <Placemark id="cikti_dsimgi.514">
	<ExtendedData><SchemaData schemaUrl="#cikti_dsimgi">
		<SimpleData name="OBJECTID">514</SimpleData>
		<SimpleData name="HAVZA_NO">16</SimpleData>
		<SimpleData name="IST_NO">16-044</SimpleData>
		<SimpleData name="IST_AD">Eti  Aliminyum</SimpleData>
		<SimpleData name="IST_TIP">MGI</SimpleData>
		<SimpleData name="BOLGE_NO">04</SimpleData>
		<SimpleData name="RASAT_TIP">YB</SimpleData>
		<SimpleData name="ILI">Konya</SimpleData>
		<SimpleData name="ILCESI">Seydisehir</SimpleData>
		<SimpleData name="IST_KOT">1130</SimpleData>
		<SimpleData name="DURUMU">A</SimpleData>
		<SimpleData name="IST_AC">1978/03/14 00:00:00</SimpleData>
		<SimpleData name="P25_PNO">N27-b1</SimpleData>
		<SimpleData name="CKS_BOYLAM">31:51:25</SimpleData>
		<SimpleData name="CKS_ENLEM">37:26:35</SimpleData>
		<SimpleData name="UTM_ZONE">36</SimpleData>
		<SimpleData name="UTMY">0</SimpleData>
		<SimpleData name="UTMX">0</SimpleData>
		<SimpleData name="COORH_X">809831.75</SimpleData>
	</SchemaData></ExtendedData>
      <Point><coordinates>31.8565989609688,37.4420191084339</coordinates></Point>
  </Placemark>
  <Placemark id="cikti_dsimgi.515">
	<ExtendedData><SchemaData schemaUrl="#cikti_dsimgi">
		<SimpleData name="OBJECTID">515</SimpleData>
		<SimpleData name="HAVZA_NO">16</SimpleData>
		<SimpleData name="IST_NO">16-045</SimpleData>
		<SimpleData name="IST_AD">Ivriz baraji</SimpleData>
		<SimpleData name="IST_TIP">MGI</SimpleData>
		<SimpleData name="BOLGE_NO">04</SimpleData>
		<SimpleData name="RASAT_TIP">YB</SimpleData>
		<SimpleData name="ILI">Konya</SimpleData>
		<SimpleData name="ILCESI">Eregli</SimpleData>
		<SimpleData name="IST_KOT">1160</SimpleData>
		<SimpleData name="DURUMU">A</SimpleData>
		<SimpleData name="IST_AC">1985/01/01 00:00:00</SimpleData>
		<SimpleData name="P25_PNO">N32-a2</SimpleData>
		<SimpleData name="CKS_BOYLAM">34:09:12</SimpleData>
		<SimpleData name="CKS_ENLEM">37:26:35</SimpleData>
		<SimpleData name="UTM_ZONE">36</SimpleData>
		<SimpleData name="UTMY">0</SimpleData>
		<SimpleData name="UTMX">0</SimpleData>
		<SimpleData name="COORH_X">1013607.75</SimpleData>
	</SchemaData></ExtendedData>
      <Point><coordinates>34.1530448863393,37.4420277679241</coordinates></Point>
  </Placemark>
  <Placemark id="cikti_dsimgi.516">
	<ExtendedData><SchemaData schemaUrl="#cikti_dsimgi">
		<SimpleData name="OBJECTID">516</SimpleData>
		<SimpleData name="HAVZA_NO">16</SimpleData>
		<SimpleData name="IST_NO">16-046</SimpleData>
		<SimpleData name="IST_AD">Gödet baraji</SimpleData>
		<SimpleData name="IST_TIP">MGI</SimpleData>
		<SimpleData name="BOLGE_NO">04</SimpleData>
		<SimpleData name="RASAT_TIP">YB</SimpleData>
		<SimpleData name="ILI">Karaman</SimpleData>
		<SimpleData name="ILCESI">Merkez</SimpleData>
		<SimpleData name="IST_KOT">1130</SimpleData>
		<SimpleData name="DURUMU">A</SimpleData>
		<SimpleData name="IST_AC">1991/01/01 00:00:00</SimpleData>
		<SimpleData name="P25_PNO">N30-c4</SimpleData>
		<SimpleData name="CKS_BOYLAM">33:16:22</SimpleData>
		<SimpleData name="CKS_ENLEM">37:07:18</SimpleData>
		<SimpleData name="UTM_ZONE">36</SimpleData>
		<SimpleData name="UTMY">0</SimpleData>
		<SimpleData name="UTMX">0</SimpleData>
		<SimpleData name="COORH_X">935158.625</SimpleData>
	</SchemaData></ExtendedData>
      <Point><coordinates>33.2724692549458,37.12062909196</coordinates></Point>
  </Placemark>
  <Placemark id="cikti_dsimgi.517">
	<ExtendedData><SchemaData schemaUrl="#cikti_dsimgi">
		<SimpleData name="OBJECTID">517</SimpleData>
		<SimpleData name="HAVZA_NO">16</SimpleData>
		<SimpleData name="IST_NO">16-047</SimpleData>
		<SimpleData name="IST_AD">Tuz Gölü (Yavsan Tuz.</SimpleData>
		<SimpleData name="IST_TIP">MGI</SimpleData>
		<SimpleData name="BOLGE_NO">04</SimpleData>
		<SimpleData name="RASAT_TIP">YB</SimpleData>
		<SimpleData name="ILI">Konya</SimpleData>
		<SimpleData name="ILCESI">Cihanbeyli</SimpleData>
		<SimpleData name="IST_KOT">902</SimpleData>
		<SimpleData name="DURUMU">A</SimpleData>
		<SimpleData name="IST_AC">1991/01/01 00:00:00</SimpleData>
		<SimpleData name="P25_PNO">K30-a4</SimpleData>
		<SimpleData name="CKS_BOYLAM">33:10:35</SimpleData>
		<SimpleData name="CKS_ENLEM">38:46:32</SimpleData>
		<SimpleData name="UTM_ZONE">36</SimpleData>
		<SimpleData name="UTMY">0</SimpleData>
		<SimpleData name="UTMX">0</SimpleData>
		<SimpleData name="COORH_X">928334.375</SimpleData>
	</SchemaData></ExtendedData>
      <Point><coordinates>33.1760679692394,38.7745527718687</coordinates></Point>
  </Placemark>
  <Placemark id="cikti_dsimgi.518">
	<ExtendedData><SchemaData schemaUrl="#cikti_dsimgi">
		<SimpleData name="OBJECTID">518</SimpleData>
		<SimpleData name="HAVZA_NO">16</SimpleData>
		<SimpleData name="IST_NO">16-048</SimpleData>
		<SimpleData name="IST_AD">Akburun</SimpleData>
		<SimpleData name="IST_TIP">MGI</SimpleData>
		<SimpleData name="BOLGE_NO">04</SimpleData>
		<SimpleData name="RASAT_TIP">YB</SimpleData>
		<SimpleData name="ILI">Konya</SimpleData>
		<SimpleData name="ILCESI">Beysehir</SimpleData>
		<SimpleData name="IST_KOT">1136</SimpleData>
		<SimpleData name="DURUMU">A</SimpleData>
		<SimpleData name="IST_AC">2000/01/01 00:00:00</SimpleData>
		<SimpleData name="P25_PNO">M27-a4</SimpleData>
		<SimpleData name="CKS_BOYLAM">31:35:36</SimpleData>
		<SimpleData name="CKS_ENLEM">37:46:54</SimpleData>
		<SimpleData name="UTM_ZONE">36</SimpleData>
		<SimpleData name="UTMY">0</SimpleData>
		<SimpleData name="UTMX">0</SimpleData>
		<SimpleData name="COORH_X">787504.5</SimpleData>
	</SchemaData></ExtendedData>
      <Point><coordinates>31.5929791484903,37.780636156678</coordinates></Point>
  </Placemark>
  <Placemark id="cikti_dsimgi.519">
	<ExtendedData><SchemaData schemaUrl="#cikti_dsimgi">
		<SimpleData name="OBJECTID">519</SimpleData>
		<SimpleData name="HAVZA_NO">16</SimpleData>
		<SimpleData name="IST_NO">16-049</SimpleData>
		<SimpleData name="IST_AD">Yesildag</SimpleData>
		<SimpleData name="IST_TIP">MGI</SimpleData>
		<SimpleData name="BOLGE_NO">04</SimpleData>
		<SimpleData name="RASAT_TIP">YB</SimpleData>
		<SimpleData name="ILI">Konya</SimpleData>
		<SimpleData name="ILCESI">Beysehir</SimpleData>
		<SimpleData name="IST_KOT">1145</SimpleData>
		<SimpleData name="DURUMU">A</SimpleData>
		<SimpleData name="IST_AC">2000/01/01 00:00:00</SimpleData>
		<SimpleData name="P25_PNO">M26</SimpleData>
		<SimpleData name="CKS_BOYLAM">31:28:50</SimpleData>
		<SimpleData name="CKS_ENLEM">37:32:30</SimpleData>
		<SimpleData name="UTM_ZONE">36</SimpleData>
		<SimpleData name="UTMY">0</SimpleData>
		<SimpleData name="UTMX">0</SimpleData>
		<SimpleData name="COORH_X">776763.9375</SimpleData>
	</SchemaData></ExtendedData>
      <Point><coordinates>31.480200122816,37.5406307197108</coordinates></Point>
  </Placemark>
  <Placemark id="cikti_dsimgi.520">
	<ExtendedData><SchemaData schemaUrl="#cikti_dsimgi">
		<SimpleData name="OBJECTID">520</SimpleData>
		<SimpleData name="HAVZA_NO">16</SimpleData>
		<SimpleData name="IST_NO">16-050</SimpleData>
		<SimpleData name="IST_AD">Gölyaka</SimpleData>
		<SimpleData name="IST_TIP">MGI</SimpleData>
		<SimpleData name="BOLGE_NO">04</SimpleData>
		<SimpleData name="RASAT_TIP">YB</SimpleData>
		<SimpleData name="ILI">Konya</SimpleData>
		<SimpleData name="ILCESI">Beysehir</SimpleData>
		<SimpleData name="IST_KOT">1122</SimpleData>
		<SimpleData name="DURUMU">A</SimpleData>
		<SimpleData name="IST_AC">2000/01/01 00:00:00</SimpleData>
		<SimpleData name="P25_PNO">M26</SimpleData>
		<SimpleData name="CKS_BOYLAM">31:26:40</SimpleData>
		<SimpleData name="CKS_ENLEM">37:43:13</SimpleData>
		<SimpleData name="UTM_ZONE">36</SimpleData>
		<SimpleData name="UTMY">0</SimpleData>
		<SimpleData name="UTMX">0</SimpleData>
		<SimpleData name="COORH_X">774158.375</SimpleData>
	</SchemaData></ExtendedData>
      <Point><coordinates>31.4440869749871,37.7192453877171</coordinates></Point>
  </Placemark>
  <Placemark id="cikti_dsimgi.521">
	<ExtendedData><SchemaData schemaUrl="#cikti_dsimgi">
		<SimpleData name="OBJECTID">521</SimpleData>
		<SimpleData name="HAVZA_NO">17</SimpleData>
		<SimpleData name="IST_NO">17-001</SimpleData>
		<SimpleData name="IST_AD">Dagpazari</SimpleData>
		<SimpleData name="IST_TIP">MGI</SimpleData>
		<SimpleData name="BOLGE_NO">06</SimpleData>
		<SimpleData name="RASAT_TIP">Y</SimpleData>
		<SimpleData name="ILI">Içel</SimpleData>
		<SimpleData name="ILCESI">Mut</SimpleData>
		<SimpleData name="IST_KOT">1310</SimpleData>
		<SimpleData name="DURUMU">K</SimpleData>
		<SimpleData name="IST_AC">1963/06/09 00:00:00</SimpleData>
		<SimpleData name="IST_KAP">1973/01/01 00:00:00</SimpleData>
		<SimpleData name="CKS_BOYLAM">33:30:00</SimpleData>
		<SimpleData name="CKS_ENLEM">36:49:00</SimpleData>
		<SimpleData name="UTM_ZONE">0</SimpleData>
		<SimpleData name="UTMY">0</SimpleData>
		<SimpleData name="UTMX">0</SimpleData>
		<SimpleData name="COORH_X">955219.8125</SimpleData>
	</SchemaData></ExtendedData>
      <Point><coordinates>33.4996988425972,36.8156237259099</coordinates></Point>
  </Placemark>
  <Placemark id="cikti_dsimgi.522">
	<ExtendedData><SchemaData schemaUrl="#cikti_dsimgi">
		<SimpleData name="OBJECTID">522</SimpleData>
		<SimpleData name="HAVZA_NO">17</SimpleData>
		<SimpleData name="IST_NO">17-002</SimpleData>
		<SimpleData name="IST_AD">Dedemli</SimpleData>
		<SimpleData name="IST_TIP">MGI</SimpleData>
		<SimpleData name="BOLGE_NO">04</SimpleData>
		<SimpleData name="RASAT_TIP">YB</SimpleData>
		<SimpleData name="ILI">Konya</SimpleData>
		<SimpleData name="ILCESI">Hadim</SimpleData>
		<SimpleData name="IST_KOT">1500</SimpleData>
		<SimpleData name="DURUMU">A</SimpleData>
		<SimpleData name="IST_AC">1976/11/15 00:00:00</SimpleData>
		<SimpleData name="P25_PNO">N28-c4</SimpleData>
		<SimpleData name="CKS_BOYLAM">32:18:50</SimpleData>
		<SimpleData name="CKS_ENLEM">37:01:33</SimpleData>
		<SimpleData name="UTM_ZONE">36</SimpleData>
		<SimpleData name="UTMY">0</SimpleData>
		<SimpleData name="UTMX">0</SimpleData>
		<SimpleData name="COORH_X">849458.9375</SimpleData>
	</SchemaData></ExtendedData>
      <Point><coordinates>32.3135572633309,37.0247901731078</coordinates></Point>
  </Placemark>
  <Placemark id="cikti_dsimgi.523">
	<ExtendedData><SchemaData schemaUrl="#cikti_dsimgi">
		<SimpleData name="OBJECTID">523</SimpleData>
		<SimpleData name="HAVZA_NO">17</SimpleData>
		<SimpleData name="IST_NO">17-003</SimpleData>
		<SimpleData name="IST_AD">Kalaba</SimpleData>
		<SimpleData name="IST_TIP">MGI</SimpleData>
		<SimpleData name="BOLGE_NO">04</SimpleData>
		<SimpleData name="RASAT_TIP">YB</SimpleData>
		<SimpleData name="ILI">Konya</SimpleData>
		<SimpleData name="ILCESI">Hadim</SimpleData>
		<SimpleData name="IST_KOT">1200</SimpleData>
		<SimpleData name="DURUMU">K</SimpleData>
		<SimpleData name="IST_AC">1962/11/08 00:00:00</SimpleData>
		<SimpleData name="IST_KAP">1972/12/31 00:00:00</SimpleData>
		<SimpleData name="CKS_BOYLAM">32:56:00</SimpleData>
		<SimpleData name="CKS_ENLEM">36:54:00</SimpleData>
		<SimpleData name="UTM_ZONE">0</SimpleData>
		<SimpleData name="UTMY">0</SimpleData>
		<SimpleData name="UTMX">0</SimpleData>
		<SimpleData name="COORH_X">904586.5625</SimpleData>
	</SchemaData></ExtendedData>
      <Point><coordinates>32.9330177053723,36.8989566547624</coordinates></Point>
  </Placemark>
  <Placemark id="cikti_dsimgi.524">
	<ExtendedData><SchemaData schemaUrl="#cikti_dsimgi">
		<SimpleData name="OBJECTID">524</SimpleData>
		<SimpleData name="HAVZA_NO">17</SimpleData>
		<SimpleData name="IST_NO">17-005</SimpleData>
		<SimpleData name="IST_AD">Limonlu (Lamas)</SimpleData>
		<SimpleData name="IST_TIP">MGI</SimpleData>
		<SimpleData name="BOLGE_NO">06</SimpleData>
		<SimpleData name="RASAT_TIP">YB</SimpleData>
		<SimpleData name="ILI">Içel</SimpleData>
		<SimpleData name="ILCESI">Silifke</SimpleData>
		<SimpleData name="IST_KOT">2</SimpleData>
		<SimpleData name="DURUMU">K</SimpleData>
		<SimpleData name="IST_AC">1963/01/01 00:00:00</SimpleData>
		<SimpleData name="IST_KAP">1973/01/01 00:00:00</SimpleData>
		<SimpleData name="CKS_BOYLAM">34:14:00</SimpleData>
		<SimpleData name="CKS_ENLEM">36:34:00</SimpleData>
		<SimpleData name="UTM_ZONE">0</SimpleData>
		<SimpleData name="UTMY">0</SimpleData>
		<SimpleData name="UTMX">0</SimpleData>
		<SimpleData name="COORH_X">1020973.4375</SimpleData>
	</SchemaData></ExtendedData>
      <Point><coordinates>34.2330516269424,36.5656213283532</coordinates></Point>
  </Placemark>
  <Placemark id="cikti_dsimgi.525">
	<ExtendedData><SchemaData schemaUrl="#cikti_dsimgi">
		<SimpleData name="OBJECTID">525</SimpleData>
		<SimpleData name="HAVZA_NO">17</SimpleData>
		<SimpleData name="IST_NO">17-006</SimpleData>
		<SimpleData name="IST_AD">Akarca</SimpleData>
		<SimpleData name="IST_TIP">MGI</SimpleData>
		<SimpleData name="BOLGE_NO">06</SimpleData>
		<SimpleData name="RASAT_TIP">Y</SimpleData>
		<SimpleData name="ILI">Içel</SimpleData>
		<SimpleData name="ILCESI">Merkez</SimpleData>
		<SimpleData name="IST_KOT">800</SimpleData>
		<SimpleData name="DURUMU">K</SimpleData>
		<SimpleData name="IST_AC">1965/04/23 00:00:00</SimpleData>
		<SimpleData name="IST_KAP">1973/01/01 00:00:00</SimpleData>
		<SimpleData name="CKS_BOYLAM">34:25:00</SimpleData>
		<SimpleData name="CKS_ENLEM">36:53:00</SimpleData>
		<SimpleData name="UTM_ZONE">0</SimpleData>
		<SimpleData name="UTMY">0</SimpleData>
		<SimpleData name="UTMX">0</SimpleData>
		<SimpleData name="COORH_X">1037280.75</SimpleData>
	</SchemaData></ExtendedData>
      <Point><coordinates>34.4163878368472,36.8822949676332</coordinates></Point>
  </Placemark>
  <Placemark id="cikti_dsimgi.526">
	<ExtendedData><SchemaData schemaUrl="#cikti_dsimgi">
		<SimpleData name="OBJECTID">526</SimpleData>
		<SimpleData name="HAVZA_NO">17</SimpleData>
		<SimpleData name="IST_NO">17-007</SimpleData>
		<SimpleData name="IST_AD">Köseçobanli Göleti</SimpleData>
		<SimpleData name="IST_TIP">MGI</SimpleData>
		<SimpleData name="BOLGE_NO">06</SimpleData>
		<SimpleData name="RASAT_TIP">Y</SimpleData>
		<SimpleData name="ILI">Içel</SimpleData>
		<SimpleData name="ILCESI">Gülnar</SimpleData>
		<SimpleData name="IST_KOT">1200</SimpleData>
		<SimpleData name="DURUMU">A</SimpleData>
		<SimpleData name="IST_AC">1994/01/01 00:00:00</SimpleData>
		<SimpleData name="CKS_BOYLAM">33:08:00</SimpleData>
		<SimpleData name="CKS_ENLEM">36:27:00</SimpleData>
		<SimpleData name="UTM_ZONE">0</SimpleData>
		<SimpleData name="UTMY">0</SimpleData>
		<SimpleData name="UTMX">0</SimpleData>
		<SimpleData name="COORH_X">921968.375</SimpleData>
	</SchemaData></ExtendedData>
      <Point><coordinates>33.1330251826953,36.4489484290501</coordinates></Point>
  </Placemark>
  <Placemark id="cikti_dsimgi.527">
	<ExtendedData><SchemaData schemaUrl="#cikti_dsimgi">
		<SimpleData name="OBJECTID">527</SimpleData>
		<SimpleData name="HAVZA_NO">18</SimpleData>
		<SimpleData name="IST_NO">18-001</SimpleData>
		<SimpleData name="IST_AD">Çaparli</SimpleData>
		<SimpleData name="IST_TIP">MGI</SimpleData>
		<SimpleData name="BOLGE_NO">06</SimpleData>
		<SimpleData name="RASAT_TIP">Y</SimpleData>
		<SimpleData name="ILI">Adana</SimpleData>
		<SimpleData name="ILCESI">Karaisali</SimpleData>
		<SimpleData name="IST_KOT">185</SimpleData>
		<SimpleData name="DURUMU">K</SimpleData>
		<SimpleData name="IST_AC">1962/09/01 00:00:00</SimpleData>
		<SimpleData name="IST_KAP">1973/01/01 00:00:00</SimpleData>
		<SimpleData name="CKS_BOYLAM">35:18:00</SimpleData>
		<SimpleData name="CKS_ENLEM">37:13:00</SimpleData>
		<SimpleData name="UTM_ZONE">0</SimpleData>
		<SimpleData name="UTMY">0</SimpleData>
		<SimpleData name="UTMX">0</SimpleData>
		<SimpleData name="COORH_X">1115748.25</SimpleData>
	</SchemaData></ExtendedData>
      <Point><coordinates>35.2997414653029,37.2156381057932</coordinates></Point>
  </Placemark>
  <Placemark id="cikti_dsimgi.528">
	<ExtendedData><SchemaData schemaUrl="#cikti_dsimgi">
		<SimpleData name="OBJECTID">528</SimpleData>
		<SimpleData name="HAVZA_NO">18</SimpleData>
		<SimpleData name="IST_NO">18-002</SimpleData>
		<SimpleData name="IST_AD">Ortaca</SimpleData>
		<SimpleData name="IST_TIP">MGI</SimpleData>
		<SimpleData name="BOLGE_NO">06</SimpleData>
		<SimpleData name="RASAT_TIP">Y</SimpleData>
		<SimpleData name="ILI">Adana</SimpleData>
		<SimpleData name="ILCESI">Karaisali</SimpleData>
		<SimpleData name="IST_KOT">740</SimpleData>
		<SimpleData name="DURUMU">K</SimpleData>
		<SimpleData name="IST_AC">1960/07/06 00:00:00</SimpleData>
		<SimpleData name="IST_KAP">1969/06/01 00:00:00</SimpleData>
		<SimpleData name="CKS_BOYLAM">35:25:00</SimpleData>
		<SimpleData name="CKS_ENLEM">37:40:00</SimpleData>
		<SimpleData name="UTM_ZONE">0</SimpleData>
		<SimpleData name="UTMY">0</SimpleData>
		<SimpleData name="UTMX">0</SimpleData>
		<SimpleData name="COORH_X">1125306.375</SimpleData>
	</SchemaData></ExtendedData>
      <Point><coordinates>35.416408768107,37.6656478993095</coordinates></Point>
  </Placemark>
  <Placemark id="cikti_dsimgi.529">
	<ExtendedData><SchemaData schemaUrl="#cikti_dsimgi">
		<SimpleData name="OBJECTID">529</SimpleData>
		<SimpleData name="HAVZA_NO">18</SimpleData>
		<SimpleData name="IST_NO">18-003</SimpleData>
		<SimpleData name="IST_AD">Uzunpinar</SimpleData>
		<SimpleData name="IST_TIP">MGI</SimpleData>
		<SimpleData name="BOLGE_NO">12</SimpleData>
		<SimpleData name="RASAT_TIP">YB</SimpleData>
		<SimpleData name="ILI">Kayseri</SimpleData>
		<SimpleData name="ILCESI">Pinarbasi</SimpleData>
		<SimpleData name="IST_KOT">1740</SimpleData>
		<SimpleData name="DURUMU">A</SimpleData>
		<SimpleData name="IST_AC">1959/06/01 00:00:00</SimpleData>
		<SimpleData name="P25_PNO">k37-b2</SimpleData>
		<SimpleData name="CKS_BOYLAM">36:53:58</SimpleData>
		<SimpleData name="CKS_ENLEM">38:58:16</SimpleData>
		<SimpleData name="UTM_ZONE">37</SimpleData>
		<SimpleData name="UTMY">0</SimpleData>
		<SimpleData name="UTMX">0</SimpleData>
		<SimpleData name="COORH_X">1251511.75</SimpleData>
	</SchemaData></ExtendedData>
      <Point><coordinates>36.899217736139,38.9701255846103</coordinates></Point>
  </Placemark>
  <Placemark id="cikti_dsimgi.530">
	<ExtendedData><SchemaData schemaUrl="#cikti_dsimgi">
		<SimpleData name="OBJECTID">530</SimpleData>
		<SimpleData name="HAVZA_NO">18</SimpleData>
		<SimpleData name="IST_NO">18-006</SimpleData>
		<SimpleData name="IST_AD">Tuzla</SimpleData>
		<SimpleData name="IST_TIP">MGI</SimpleData>
		<SimpleData name="BOLGE_NO">06</SimpleData>
		<SimpleData name="RASAT_TIP">Y</SimpleData>
		<SimpleData name="ILI">Adana</SimpleData>
		<SimpleData name="ILCESI">Karatas</SimpleData>
		<SimpleData name="IST_KOT">5</SimpleData>
		<SimpleData name="DURUMU">K</SimpleData>
		<SimpleData name="IST_AC">1960/07/15 00:00:00</SimpleData>
		<SimpleData name="IST_KAP">1973/01/01 00:00:00</SimpleData>
		<SimpleData name="CKS_BOYLAM">35:07:00</SimpleData>
		<SimpleData name="CKS_ENLEM">36:42:00</SimpleData>
		<SimpleData name="UTM_ZONE">0</SimpleData>
		<SimpleData name="UTMY">0</SimpleData>
		<SimpleData name="UTMX">0</SimpleData>
		<SimpleData name="COORH_X">1100176.25</SimpleData>
	</SchemaData></ExtendedData>
      <Point><coordinates>35.1164062000082,36.6989602996405</coordinates></Point>
  </Placemark>
  <Placemark id="cikti_dsimgi.531">
	<ExtendedData><SchemaData schemaUrl="#cikti_dsimgi">
		<SimpleData name="OBJECTID">531</SimpleData>
		<SimpleData name="HAVZA_NO">18</SimpleData>
		<SimpleData name="IST_NO">18-007</SimpleData>
		<SimpleData name="IST_AD">Zeytinli</SimpleData>
		<SimpleData name="IST_TIP">MGI</SimpleData>
		<SimpleData name="BOLGE_NO">06</SimpleData>
		<SimpleData name="RASAT_TIP">Y</SimpleData>
		<SimpleData name="ILI">Içel</SimpleData>
		<SimpleData name="ILCESI">Tarsus</SimpleData>
		<SimpleData name="IST_KOT">30</SimpleData>
		<SimpleData name="DURUMU">K</SimpleData>
		<SimpleData name="IST_AC">1962/10/11 00:00:00</SimpleData>
		<SimpleData name="IST_KAP">1973/01/01 00:00:00</SimpleData>
		<SimpleData name="CKS_BOYLAM">35:10:00</SimpleData>
		<SimpleData name="CKS_ENLEM">36:59:00</SimpleData>
		<SimpleData name="UTM_ZONE">0</SimpleData>
		<SimpleData name="UTMY">0</SimpleData>
		<SimpleData name="UTMX">0</SimpleData>
		<SimpleData name="COORH_X">1104231.5</SimpleData>
	</SchemaData></ExtendedData>
      <Point><coordinates>35.166406020568,36.9822995519585</coordinates></Point>
  </Placemark>
  <Placemark id="cikti_dsimgi.532">
	<ExtendedData><SchemaData schemaUrl="#cikti_dsimgi">
		<SimpleData name="OBJECTID">532</SimpleData>
		<SimpleData name="HAVZA_NO">18</SimpleData>
		<SimpleData name="IST_NO">18-008</SimpleData>
		<SimpleData name="IST_AD">Doganbeyli</SimpleData>
		<SimpleData name="IST_TIP">MGI</SimpleData>
		<SimpleData name="BOLGE_NO">06</SimpleData>
		<SimpleData name="RASAT_TIP">Y</SimpleData>
		<SimpleData name="ILI">Adana</SimpleData>
		<SimpleData name="ILCESI">Magara</SimpleData>
		<SimpleData name="IST_KOT">1350</SimpleData>
		<SimpleData name="DURUMU">K</SimpleData>
		<SimpleData name="IST_AC">1962/10/01 00:00:00</SimpleData>
		<SimpleData name="IST_KAP">1973/01/01 00:00:00</SimpleData>
		<SimpleData name="CKS_BOYLAM">36:10:00</SimpleData>
		<SimpleData name="CKS_ENLEM">38:08:00</SimpleData>
		<SimpleData name="UTM_ZONE">0</SimpleData>
		<SimpleData name="UTMY">0</SimpleData>
		<SimpleData name="UTMX">0</SimpleData>
		<SimpleData name="COORH_X">1190319.75</SimpleData>
	</SchemaData></ExtendedData>
      <Point><coordinates>36.1664253773252,38.132326977539</coordinates></Point>
  </Placemark>
  <Placemark id="cikti_dsimgi.533">
	<ExtendedData><SchemaData schemaUrl="#cikti_dsimgi">
		<SimpleData name="OBJECTID">533</SimpleData>
		<SimpleData name="HAVZA_NO">18</SimpleData>
		<SimpleData name="IST_NO">18-009</SimpleData>
		<SimpleData name="IST_AD">Ergenusagi</SimpleData>
		<SimpleData name="IST_TIP">MGI</SimpleData>
		<SimpleData name="BOLGE_NO">06</SimpleData>
		<SimpleData name="RASAT_TIP">Y</SimpleData>
		<SimpleData name="ILI">Adana</SimpleData>
		<SimpleData name="ILCESI">Kozan</SimpleData>
		<SimpleData name="IST_KOT">800</SimpleData>
		<SimpleData name="DURUMU">K</SimpleData>
		<SimpleData name="IST_AC">1962/10/05 00:00:00</SimpleData>
		<SimpleData name="IST_KAP">1973/01/01 00:00:00</SimpleData>
		<SimpleData name="CKS_BOYLAM">35:37:00</SimpleData>
		<SimpleData name="CKS_ENLEM">37:38:00</SimpleData>
		<SimpleData name="UTM_ZONE">0</SimpleData>
		<SimpleData name="UTMY">0</SimpleData>
		<SimpleData name="UTMX">0</SimpleData>
		<SimpleData name="COORH_X">1143064.75</SimpleData>
	</SchemaData></ExtendedData>
      <Point><coordinates>35.6164139784446,37.6323145110332</coordinates></Point>
  </Placemark>
  <Placemark id="cikti_dsimgi.534">
	<ExtendedData><SchemaData schemaUrl="#cikti_dsimgi">
		<SimpleData name="OBJECTID">534</SimpleData>
		<SimpleData name="HAVZA_NO">18</SimpleData>
		<SimpleData name="IST_NO">18-011</SimpleData>
		<SimpleData name="IST_AD">Kazancik</SimpleData>
		<SimpleData name="IST_TIP">MGI</SimpleData>
		<SimpleData name="BOLGE_NO">06</SimpleData>
		<SimpleData name="RASAT_TIP">YB</SimpleData>
		<SimpleData name="ILI">Adana</SimpleData>
		<SimpleData name="ILCESI">Saimbeyli</SimpleData>
		<SimpleData name="IST_KOT">1050</SimpleData>
		<SimpleData name="DURUMU">K</SimpleData>
		<SimpleData name="IST_AC">1962/09/29 00:00:00</SimpleData>
		<SimpleData name="IST_KAP">1973/01/01 00:00:00</SimpleData>
		<SimpleData name="P25_PNO">J37-d4</SimpleData>
		<SimpleData name="CKS_BOYLAM">36:32:45</SimpleData>
		<SimpleData name="CKS_ENLEM">39:04:34</SimpleData>
		<SimpleData name="UTM_ZONE">37</SimpleData>
		<SimpleData name="UTMY">0</SimpleData>
		<SimpleData name="UTMX">0</SimpleData>
		<SimpleData name="COORH_X">1220500.5</SimpleData>
	</SchemaData></ExtendedData>
      <Point><coordinates>36.5455969436768,39.075126853949</coordinates></Point>
  </Placemark>
  <Placemark id="cikti_dsimgi.535">
	<ExtendedData><SchemaData schemaUrl="#cikti_dsimgi">
		<SimpleData name="OBJECTID">535</SimpleData>
		<SimpleData name="HAVZA_NO">18</SimpleData>
		<SimpleData name="IST_NO">18-012</SimpleData>
		<SimpleData name="IST_AD">Yardibi</SimpleData>
		<SimpleData name="IST_TIP">MGI</SimpleData>
		<SimpleData name="BOLGE_NO">12</SimpleData>
		<SimpleData name="RASAT_TIP">YB</SimpleData>
		<SimpleData name="ILI">Kayseri</SimpleData>
		<SimpleData name="ILCESI">Pinarbasi</SimpleData>
		<SimpleData name="IST_KOT">1585</SimpleData>
		<SimpleData name="DURUMU">A</SimpleData>
		<SimpleData name="IST_AC">1965/06/12 00:00:00</SimpleData>
		<SimpleData name="CKS_BOYLAM">36:09:00</SimpleData>
		<SimpleData name="CKS_ENLEM">37:32:00</SimpleData>
		<SimpleData name="UTM_ZONE">0</SimpleData>
		<SimpleData name="UTMY">0</SimpleData>
		<SimpleData name="UTMX">0</SimpleData>
		<SimpleData name="COORH_X">1190532.125</SimpleData>
	</SchemaData></ExtendedData>
      <Point><coordinates>36.1497612542183,37.5323140891956</coordinates></Point>
  </Placemark>
  <Placemark id="cikti_dsimgi.536">
	<ExtendedData><SchemaData schemaUrl="#cikti_dsimgi">
		<SimpleData name="OBJECTID">536</SimpleData>
		<SimpleData name="HAVZA_NO">18</SimpleData>
		<SimpleData name="IST_NO">18-014</SimpleData>
		<SimpleData name="IST_AD">Hüseyinli</SimpleData>
		<SimpleData name="IST_TIP">MGI</SimpleData>
		<SimpleData name="BOLGE_NO">12</SimpleData>
		<SimpleData name="RASAT_TIP">Y</SimpleData>
		<SimpleData name="ILI">Kayseri</SimpleData>
		<SimpleData name="ILCESI">Develi</SimpleData>
		<SimpleData name="IST_KOT">1330</SimpleData>
		<SimpleData name="DURUMU">K</SimpleData>
		<SimpleData name="IST_AC">1966/07/28 00:00:00</SimpleData>
		<SimpleData name="IST_KAP">1973/07/09 00:00:00</SimpleData>
		<SimpleData name="CKS_BOYLAM">35:46:00</SimpleData>
		<SimpleData name="CKS_ENLEM">38:16:00</SimpleData>
		<SimpleData name="UTM_ZONE">0</SimpleData>
		<SimpleData name="UTMY">0</SimpleData>
		<SimpleData name="UTMX">0</SimpleData>
		<SimpleData name="COORH_X">1154883.375</SimpleData>
	</SchemaData></ExtendedData>
      <Point><coordinates>35.7664144721164,38.2656619355396</coordinates></Point>
  </Placemark>
  <Placemark id="cikti_dsimgi.537">
	<ExtendedData><SchemaData schemaUrl="#cikti_dsimgi">
		<SimpleData name="OBJECTID">537</SimpleData>
		<SimpleData name="HAVZA_NO">18</SimpleData>
		<SimpleData name="IST_NO">18-015</SimpleData>
		<SimpleData name="IST_AD">Yedioluk</SimpleData>
		<SimpleData name="IST_TIP">MGI</SimpleData>
		<SimpleData name="BOLGE_NO">12</SimpleData>
		<SimpleData name="RASAT_TIP">Y</SimpleData>
		<SimpleData name="ILI">Kayseri</SimpleData>
		<SimpleData name="ILCESI">Sariz</SimpleData>
		<SimpleData name="IST_KOT">1790</SimpleData>
		<SimpleData name="DURUMU">K</SimpleData>
		<SimpleData name="IST_AC">1966/07/25 00:00:00</SimpleData>
		<SimpleData name="IST_KAP">1973/07/05 00:00:00</SimpleData>
		<SimpleData name="CKS_BOYLAM">36:28:00</SimpleData>
		<SimpleData name="CKS_ENLEM">38:35:00</SimpleData>
		<SimpleData name="UTM_ZONE">0</SimpleData>
		<SimpleData name="UTMY">0</SimpleData>
		<SimpleData name="UTMX">0</SimpleData>
		<SimpleData name="COORH_X">1215223.5</SimpleData>
	</SchemaData></ExtendedData>
      <Point><coordinates>36.4664307784655,38.5823377943004</coordinates></Point>
  </Placemark>
  <Placemark id="cikti_dsimgi.538">
	<ExtendedData><SchemaData schemaUrl="#cikti_dsimgi">
		<SimpleData name="OBJECTID">538</SimpleData>
		<SimpleData name="HAVZA_NO">18</SimpleData>
		<SimpleData name="IST_NO">18-016</SimpleData>
		<SimpleData name="IST_AD">Basören</SimpleData>
		<SimpleData name="IST_TIP">MGI</SimpleData>
		<SimpleData name="BOLGE_NO">19</SimpleData>
		<SimpleData name="RASAT_TIP">YB</SimpleData>
		<SimpleData name="ILI">Sivas</SimpleData>
		<SimpleData name="ILCESI">Sarkisla</SimpleData>
		<SimpleData name="IST_KOT">1670</SimpleData>
		<SimpleData name="DURUMU">A</SimpleData>
		<SimpleData name="IST_AC">1966/07/23 00:00:00</SimpleData>
		<SimpleData name="CKS_BOYLAM">36:28:00</SimpleData>
		<SimpleData name="CKS_ENLEM">39:10:00</SimpleData>
		<SimpleData name="UTM_ZONE">0</SimpleData>
		<SimpleData name="UTMY">0</SimpleData>
		<SimpleData name="UTMX">0</SimpleData>
		<SimpleData name="COORH_X">1213355.75</SimpleData>
	</SchemaData></ExtendedData>
      <Point><coordinates>36.466427754658,39.1656842173626</coordinates></Point>
  </Placemark>
  <Placemark id="cikti_dsimgi.539">
	<ExtendedData><SchemaData schemaUrl="#cikti_dsimgi">
		<SimpleData name="OBJECTID">539</SimpleData>
		<SimpleData name="HAVZA_NO">19</SimpleData>
		<SimpleData name="IST_NO">19-001</SimpleData>
		<SimpleData name="IST_AD">Ballikaya (Içerisu)</SimpleData>
		<SimpleData name="IST_TIP">MGI</SimpleData>
		<SimpleData name="BOLGE_NO">20</SimpleData>
		<SimpleData name="RASAT_TIP">YB</SimpleData>
		<SimpleData name="ILI">Gaziantep</SimpleData>
		<SimpleData name="ILCESI">Islahiye</SimpleData>
		<SimpleData name="IST_KOT">620</SimpleData>
		<SimpleData name="DURUMU">A</SimpleData>
		<SimpleData name="IST_AC">1979/12/31 00:00:00</SimpleData>
		<SimpleData name="CKS_BOYLAM">36:52:35</SimpleData>
		<SimpleData name="CKS_ENLEM">37:08:00</SimpleData>
		<SimpleData name="UTM_ZONE">37</SimpleData>
		<SimpleData name="UTMY">0</SimpleData>
		<SimpleData name="UTMX">0</SimpleData>
		<SimpleData name="COORH_X">1256378.875</SimpleData>
	</SchemaData></ExtendedData>
      <Point><coordinates>36.8761704122147,37.1323079513138</coordinates></Point>
  </Placemark>
  <Placemark id="cikti_dsimgi.540">
	<ExtendedData><SchemaData schemaUrl="#cikti_dsimgi">
		<SimpleData name="OBJECTID">540</SimpleData>
		<SimpleData name="HAVZA_NO">19</SimpleData>
		<SimpleData name="IST_NO">19-003</SimpleData>
		<SimpleData name="IST_AD">Kavkurt</SimpleData>
		<SimpleData name="IST_TIP">MGI</SimpleData>
		<SimpleData name="BOLGE_NO">06</SimpleData>
		<SimpleData name="RASAT_TIP">YB</SimpleData>
		<SimpleData name="ILI">Hatay</SimpleData>
		<SimpleData name="ILCESI">Iskenderun</SimpleData>
		<SimpleData name="IST_KOT">400</SimpleData>
		<SimpleData name="DURUMU">K</SimpleData>
		<SimpleData name="IST_AC">1959/04/01 00:00:00</SimpleData>
		<SimpleData name="IST_KAP">1985/01/01 00:00:00</SimpleData>
		<SimpleData name="CKS_BOYLAM">36:35:00</SimpleData>
		<SimpleData name="CKS_ENLEM">36:14:00</SimpleData>
		<SimpleData name="UTM_ZONE">0</SimpleData>
		<SimpleData name="UTMY">0</SimpleData>
		<SimpleData name="UTMX">0</SimpleData>
		<SimpleData name="COORH_X">1233291.375</SimpleData>
	</SchemaData></ExtendedData>
      <Point><coordinates>36.583111595418,36.232288894655</coordinates></Point>
  </Placemark>
  <Placemark id="cikti_dsimgi.541">
	<ExtendedData><SchemaData schemaUrl="#cikti_dsimgi">
		<SimpleData name="OBJECTID">541</SimpleData>
		<SimpleData name="HAVZA_NO">19</SimpleData>
		<SimpleData name="IST_NO">19-004</SimpleData>
		<SimpleData name="IST_AD">Daztepe</SimpleData>
		<SimpleData name="IST_TIP">MGI</SimpleData>
		<SimpleData name="BOLGE_NO">06</SimpleData>
		<SimpleData name="RASAT_TIP">Y</SimpleData>
		<SimpleData name="ILI">Içel</SimpleData>
		<SimpleData name="ILCESI">Merkez</SimpleData>
		<SimpleData name="IST_KOT">1755</SimpleData>
		<SimpleData name="DURUMU">K</SimpleData>
		<SimpleData name="IST_AC">1962/08/23 00:00:00</SimpleData>
		<SimpleData name="IST_KAP">1964/06/01 00:00:00</SimpleData>
		<SimpleData name="CKS_BOYLAM">36:31:00</SimpleData>
		<SimpleData name="CKS_ENLEM">33:29:00</SimpleData>
		<SimpleData name="UTM_ZONE">0</SimpleData>
		<SimpleData name="UTMY">0</SimpleData>
		<SimpleData name="UTMX">0</SimpleData>
		<SimpleData name="COORH_X">1226453.875</SimpleData>
	</SchemaData></ExtendedData>
      <Point><coordinates>36.5164421333043,36.4822936451315</coordinates></Point>
  </Placemark>
  <Placemark id="cikti_dsimgi.542">
	<ExtendedData><SchemaData schemaUrl="#cikti_dsimgi">
		<SimpleData name="OBJECTID">542</SimpleData>
		<SimpleData name="HAVZA_NO">19</SimpleData>
		<SimpleData name="IST_NO">19-005</SimpleData>
		<SimpleData name="IST_AD">Kapalin</SimpleData>
		<SimpleData name="IST_TIP">MGI</SimpleData>
		<SimpleData name="BOLGE_NO">06</SimpleData>
		<SimpleData name="RASAT_TIP">Y</SimpleData>
		<SimpleData name="ILI">Hatay</SimpleData>
		<SimpleData name="ILCESI">Dörtyol</SimpleData>
		<SimpleData name="IST_KOT">350</SimpleData>
		<SimpleData name="DURUMU">K</SimpleData>
		<SimpleData name="IST_AC">1965/02/15 00:00:00</SimpleData>
		<SimpleData name="IST_KAP">1973/01/01 00:00:00</SimpleData>
		<SimpleData name="CKS_BOYLAM">36:53:00</SimpleData>
		<SimpleData name="CKS_ENLEM">36:17:00</SimpleData>
		<SimpleData name="UTM_ZONE">0</SimpleData>
		<SimpleData name="UTMY">0</SimpleData>
		<SimpleData name="UTMX">0</SimpleData>
		<SimpleData name="COORH_X">1260186</SimpleData>
	</SchemaData></ExtendedData>
      <Point><coordinates>36.8831188349279,36.282290732361</coordinates></Point>
  </Placemark>
  <Placemark id="cikti_dsimgi.543">
	<ExtendedData><SchemaData schemaUrl="#cikti_dsimgi">
		<SimpleData name="OBJECTID">543</SimpleData>
		<SimpleData name="HAVZA_NO">19</SimpleData>
		<SimpleData name="IST_NO">19-006</SimpleData>
		<SimpleData name="IST_AD">Sakit</SimpleData>
		<SimpleData name="IST_TIP">MGI</SimpleData>
		<SimpleData name="BOLGE_NO">06</SimpleData>
		<SimpleData name="RASAT_TIP">Y</SimpleData>
		<SimpleData name="ILI">Hatay</SimpleData>
		<SimpleData name="ILCESI">Iskenderun</SimpleData>
		<SimpleData name="IST_KOT">700</SimpleData>
		<SimpleData name="DURUMU">K</SimpleData>
		<SimpleData name="IST_AC">1960/12/28 00:00:00</SimpleData>
		<SimpleData name="IST_KAP">1973/01/01 00:00:00</SimpleData>
		<SimpleData name="CKS_BOYLAM">36:34:00</SimpleData>
		<SimpleData name="CKS_ENLEM">36:15:00</SimpleData>
		<SimpleData name="UTM_ZONE">0</SimpleData>
		<SimpleData name="UTMY">0</SimpleData>
		<SimpleData name="UTMX">0</SimpleData>
		<SimpleData name="COORH_X">1231731.125</SimpleData>
	</SchemaData></ExtendedData>
      <Point><coordinates>36.5664444170678,36.2489558466593</coordinates></Point>
  </Placemark>
  <Placemark id="cikti_dsimgi.544">
	<ExtendedData><SchemaData schemaUrl="#cikti_dsimgi">
		<SimpleData name="OBJECTID">544</SimpleData>
		<SimpleData name="HAVZA_NO">19</SimpleData>
		<SimpleData name="IST_NO">19-008</SimpleData>
		<SimpleData name="IST_AD">Beydihan Yaylasi</SimpleData>
		<SimpleData name="IST_TIP">MGI</SimpleData>
		<SimpleData name="BOLGE_NO">06</SimpleData>
		<SimpleData name="RASAT_TIP">Y</SimpleData>
		<SimpleData name="ILI">Hatay</SimpleData>
		<SimpleData name="ILCESI">Dörtyol</SimpleData>
		<SimpleData name="IST_KOT">850</SimpleData>
		<SimpleData name="DURUMU">K</SimpleData>
		<SimpleData name="IST_AC">1969/08/22 00:00:00</SimpleData>
		<SimpleData name="IST_KAP">1973/01/01 00:00:00</SimpleData>
		<SimpleData name="CKS_BOYLAM">36:44:00</SimpleData>
		<SimpleData name="CKS_ENLEM">36:16:00</SimpleData>
		<SimpleData name="UTM_ZONE">0</SimpleData>
		<SimpleData name="UTMY">0</SimpleData>
		<SimpleData name="UTMX">0</SimpleData>
		<SimpleData name="COORH_X">1246714.25</SimpleData>
	</SchemaData></ExtendedData>
      <Point><coordinates>36.7331151667385,36.2656233027668</coordinates></Point>
  </Placemark>
  <Placemark id="cikti_dsimgi.545">
	<ExtendedData><SchemaData schemaUrl="#cikti_dsimgi">
		<SimpleData name="OBJECTID">545</SimpleData>
		<SimpleData name="HAVZA_NO">19</SimpleData>
		<SimpleData name="IST_NO">19-009</SimpleData>
		<SimpleData name="IST_AD">Moduk</SimpleData>
		<SimpleData name="IST_TIP">MGI</SimpleData>
		<SimpleData name="BOLGE_NO">06</SimpleData>
		<SimpleData name="RASAT_TIP">Y</SimpleData>
		<SimpleData name="ILI">Hatay</SimpleData>
		<SimpleData name="ILCESI">Iskenderun</SimpleData>
		<SimpleData name="IST_KOT">1050</SimpleData>
		<SimpleData name="DURUMU">K</SimpleData>
		<SimpleData name="IST_AC">1965/01/03 00:00:00</SimpleData>
		<SimpleData name="IST_KAP">1973/01/01 00:00:00</SimpleData>
		<SimpleData name="CKS_BOYLAM">36:16:00</SimpleData>
		<SimpleData name="CKS_ENLEM">36:33:00</SimpleData>
		<SimpleData name="UTM_ZONE">0</SimpleData>
		<SimpleData name="UTMY">0</SimpleData>
		<SimpleData name="UTMX">0</SimpleData>
		<SimpleData name="COORH_X">1203767.25</SimpleData>
	</SchemaData></ExtendedData>
      <Point><coordinates>36.2664355888205,36.5489608908735</coordinates></Point>
  </Placemark>
  <Placemark id="cikti_dsimgi.546">
	<ExtendedData><SchemaData schemaUrl="#cikti_dsimgi">
		<SimpleData name="OBJECTID">546</SimpleData>
		<SimpleData name="HAVZA_NO">19</SimpleData>
		<SimpleData name="IST_NO">19-010</SimpleData>
		<SimpleData name="IST_AD">Agaoluk</SimpleData>
		<SimpleData name="IST_TIP">MGI</SimpleData>
		<SimpleData name="BOLGE_NO">06</SimpleData>
		<SimpleData name="RASAT_TIP">Y</SimpleData>
		<SimpleData name="ILI">Hatay</SimpleData>
		<SimpleData name="ILCESI">Iskenderun</SimpleData>
		<SimpleData name="IST_KOT">600</SimpleData>
		<SimpleData name="DURUMU">K</SimpleData>
		<SimpleData name="IST_AC">1962/01/01 00:00:00</SimpleData>
		<SimpleData name="IST_KAP">1973/01/01 00:00:00</SimpleData>
		<SimpleData name="CKS_BOYLAM">36:16:00</SimpleData>
		<SimpleData name="CKS_ENLEM">36:37:00</SimpleData>
		<SimpleData name="UTM_ZONE">0</SimpleData>
		<SimpleData name="UTMY">0</SimpleData>
		<SimpleData name="UTMX">0</SimpleData>
		<SimpleData name="COORH_X">1203570.625</SimpleData>
	</SchemaData></ExtendedData>
      <Point><coordinates>36.2664352559056,36.6156289251707</coordinates></Point>
  </Placemark>
  <Placemark id="cikti_dsimgi.547">
	<ExtendedData><SchemaData schemaUrl="#cikti_dsimgi">
		<SimpleData name="OBJECTID">547</SimpleData>
		<SimpleData name="HAVZA_NO">19</SimpleData>
		<SimpleData name="IST_NO">19-011</SimpleData>
		<SimpleData name="IST_AD">Kavlaktepe</SimpleData>
		<SimpleData name="IST_TIP">MGI</SimpleData>
		<SimpleData name="BOLGE_NO">06</SimpleData>
		<SimpleData name="RASAT_TIP">Y</SimpleData>
		<SimpleData name="ILI">Hatay</SimpleData>
		<SimpleData name="ILCESI">Hassa</SimpleData>
		<SimpleData name="IST_KOT">750</SimpleData>
		<SimpleData name="DURUMU">K</SimpleData>
		<SimpleData name="IST_AC">1969/08/20 00:00:00</SimpleData>
		<SimpleData name="IST_KAP">1978/01/01 00:00:00</SimpleData>
		<SimpleData name="CKS_BOYLAM">36:26:00</SimpleData>
		<SimpleData name="CKS_ENLEM">36:47:00</SimpleData>
		<SimpleData name="UTM_ZONE">0</SimpleData>
		<SimpleData name="UTMY">0</SimpleData>
		<SimpleData name="UTMX">0</SimpleData>
		<SimpleData name="COORH_X">1218007.5</SimpleData>
	</SchemaData></ExtendedData>
      <Point><coordinates>36.4331053091195,36.7822994501411</coordinates></Point>
  </Placemark>
  <Placemark id="cikti_dsimgi.548">
	<ExtendedData><SchemaData schemaUrl="#cikti_dsimgi">
		<SimpleData name="OBJECTID">548</SimpleData>
		<SimpleData name="HAVZA_NO">20</SimpleData>
		<SimpleData name="IST_NO">20-001</SimpleData>
		<SimpleData name="IST_AD">Sevdilli</SimpleData>
		<SimpleData name="IST_TIP">MGI</SimpleData>
		<SimpleData name="BOLGE_NO">20</SimpleData>
		<SimpleData name="RASAT_TIP">YB</SimpleData>
		<SimpleData name="ILI">Adiyaman</SimpleData>
		<SimpleData name="ILCESI">Merkez</SimpleData>
		<SimpleData name="IST_KOT">650</SimpleData>
		<SimpleData name="DURUMU">A</SimpleData>
		<SimpleData name="IST_AC">1963/05/14 00:00:00</SimpleData>
		<SimpleData name="CKS_BOYLAM">37:34:04</SimpleData>
		<SimpleData name="CKS_ENLEM">38:15:22</SimpleData>
		<SimpleData name="UTM_ZONE">37</SimpleData>
		<SimpleData name="UTMY">0</SimpleData>
		<SimpleData name="UTMX">0</SimpleData>
		<SimpleData name="COORH_X">1312767.125</SimpleData>
	</SchemaData></ExtendedData>
      <Point><coordinates>37.5675716989834,38.2551116516741</coordinates></Point>
  </Placemark>
  <Placemark id="cikti_dsimgi.549">
	<ExtendedData><SchemaData schemaUrl="#cikti_dsimgi">
		<SimpleData name="OBJECTID">549</SimpleData>
		<SimpleData name="HAVZA_NO">20</SimpleData>
		<SimpleData name="IST_NO">20-002</SimpleData>
		<SimpleData name="IST_AD">Kilavuzlu</SimpleData>
		<SimpleData name="IST_TIP">MGI</SimpleData>
		<SimpleData name="BOLGE_NO">20</SimpleData>
		<SimpleData name="RASAT_TIP">YB</SimpleData>
		<SimpleData name="ILI">K.Maras</SimpleData>
		<SimpleData name="ILCESI">Merkez</SimpleData>
		<SimpleData name="IST_KOT">500</SimpleData>
		<SimpleData name="DURUMU">A</SimpleData>
		<SimpleData name="IST_AC">1979/12/31 00:00:00</SimpleData>
		<SimpleData name="CKS_BOYLAM">36:48:20</SimpleData>
		<SimpleData name="CKS_ENLEM">37:32:23</SimpleData>
		<SimpleData name="UTM_ZONE">37</SimpleData>
		<SimpleData name="UTMY">0</SimpleData>
		<SimpleData name="UTMX">0</SimpleData>
		<SimpleData name="COORH_X">1248585.5</SimpleData>
	</SchemaData></ExtendedData>
      <Point><coordinates>36.8053334053638,37.5387051337435</coordinates></Point>
  </Placemark>
  <Placemark id="cikti_dsimgi.550">
	<ExtendedData><SchemaData schemaUrl="#cikti_dsimgi">
		<SimpleData name="OBJECTID">550</SimpleData>
		<SimpleData name="HAVZA_NO">20</SimpleData>
		<SimpleData name="IST_NO">20-003</SimpleData>
		<SimpleData name="IST_AD">Akyar</SimpleData>
		<SimpleData name="IST_TIP">MGI</SimpleData>
		<SimpleData name="BOLGE_NO">20</SimpleData>
		<SimpleData name="RASAT_TIP">YB</SimpleData>
		<SimpleData name="ILI">K.Maras</SimpleData>
		<SimpleData name="ILCESI">Merkez</SimpleData>
		<SimpleData name="IST_KOT">1260</SimpleData>
		<SimpleData name="DURUMU">K</SimpleData>
		<SimpleData name="IST_AC">1964/06/11 00:00:00</SimpleData>
		<SimpleData name="IST_KAP">1972/11/30 00:00:00</SimpleData>
		<SimpleData name="CKS_BOYLAM">37:05:00</SimpleData>
		<SimpleData name="CKS_ENLEM">37:37:00</SimpleData>
		<SimpleData name="UTM_ZONE">0</SimpleData>
		<SimpleData name="UTMY">0</SimpleData>
		<SimpleData name="UTMX">0</SimpleData>
		<SimpleData name="COORH_X">1272879.5</SimpleData>
	</SchemaData></ExtendedData>
      <Point><coordinates>37.0831178444114,37.615652008394</coordinates></Point>
  </Placemark>
  <Placemark id="cikti_dsimgi.551">
	<ExtendedData><SchemaData schemaUrl="#cikti_dsimgi">
		<SimpleData name="OBJECTID">551</SimpleData>
		<SimpleData name="HAVZA_NO">20</SimpleData>
		<SimpleData name="IST_NO">20-004</SimpleData>
		<SimpleData name="IST_AD">Narli (Pazarcik)</SimpleData>
		<SimpleData name="IST_TIP">MGI</SimpleData>
		<SimpleData name="BOLGE_NO">20</SimpleData>
		<SimpleData name="RASAT_TIP">YB</SimpleData>
		<SimpleData name="ILI">K.Maras</SimpleData>
		<SimpleData name="ILCESI">Pazarcik</SimpleData>
		<SimpleData name="IST_KOT">650</SimpleData>
		<SimpleData name="DURUMU">K</SimpleData>
		<SimpleData name="IST_AC">1962/12/01 00:00:00</SimpleData>
		<SimpleData name="IST_KAP">1989/07/01 00:00:00</SimpleData>
		<SimpleData name="CKS_BOYLAM">37:10:00</SimpleData>
		<SimpleData name="CKS_ENLEM">37:23:00</SimpleData>
		<SimpleData name="UTM_ZONE">0</SimpleData>
		<SimpleData name="UTMY">0</SimpleData>
		<SimpleData name="UTMX">0</SimpleData>
		<SimpleData name="COORH_X">1281211.5</SimpleData>
	</SchemaData></ExtendedData>
      <Point><coordinates>37.1664543729616,37.3823139906387</coordinates></Point>
  </Placemark>
  <Placemark id="cikti_dsimgi.552">
	<ExtendedData><SchemaData schemaUrl="#cikti_dsimgi">
		<SimpleData name="OBJECTID">552</SimpleData>
		<SimpleData name="HAVZA_NO">20</SimpleData>
		<SimpleData name="IST_NO">20-005</SimpleData>
		<SimpleData name="IST_AD">Çakmak</SimpleData>
		<SimpleData name="IST_TIP">MGI</SimpleData>
		<SimpleData name="BOLGE_NO">20</SimpleData>
		<SimpleData name="RASAT_TIP">Y</SimpleData>
		<SimpleData name="ILI">Gaziantep</SimpleData>
		<SimpleData name="ILCESI">Islahiye</SimpleData>
		<SimpleData name="IST_KOT">950</SimpleData>
		<SimpleData name="DURUMU">K</SimpleData>
		<SimpleData name="IST_AC">1962/11/14 00:00:00</SimpleData>
		<SimpleData name="IST_KAP">1972/11/30 00:00:00</SimpleData>
		<SimpleData name="CKS_BOYLAM">36:50:00</SimpleData>
		<SimpleData name="CKS_ENLEM">37:12:00</SimpleData>
		<SimpleData name="UTM_ZONE">0</SimpleData>
		<SimpleData name="UTMY">0</SimpleData>
		<SimpleData name="UTMX">0</SimpleData>
		<SimpleData name="COORH_X">1252297</SimpleData>
	</SchemaData></ExtendedData>
      <Point><coordinates>36.833113447971,37.1989758620549</coordinates></Point>
  </Placemark>
  <Placemark id="cikti_dsimgi.553">
	<ExtendedData><SchemaData schemaUrl="#cikti_dsimgi">
		<SimpleData name="OBJECTID">553</SimpleData>
		<SimpleData name="HAVZA_NO">20</SimpleData>
		<SimpleData name="IST_NO">20-006</SimpleData>
		<SimpleData name="IST_AD">Kirmit</SimpleData>
		<SimpleData name="IST_TIP">MGI</SimpleData>
		<SimpleData name="BOLGE_NO">06</SimpleData>
		<SimpleData name="RASAT_TIP">Y</SimpleData>
		<SimpleData name="ILI">Adana</SimpleData>
		<SimpleData name="ILCESI">Ceyhan</SimpleData>
		<SimpleData name="IST_KOT">65</SimpleData>
		<SimpleData name="DURUMU">K</SimpleData>
		<SimpleData name="IST_AC">1962/12/01 00:00:00</SimpleData>
		<SimpleData name="IST_KAP">1975/01/01 00:00:00</SimpleData>
		<SimpleData name="CKS_BOYLAM">35:42:00</SimpleData>
		<SimpleData name="CKS_ENLEM">37:10:00</SimpleData>
		<SimpleData name="UTM_ZONE">0</SimpleData>
		<SimpleData name="UTMY">0</SimpleData>
		<SimpleData name="UTMX">0</SimpleData>
		<SimpleData name="COORH_X">1151469.625</SimpleData>
	</SchemaData></ExtendedData>
      <Point><coordinates>35.6997517358656,37.165638367113</coordinates></Point>
  </Placemark>
  <Placemark id="cikti_dsimgi.554">
	<ExtendedData><SchemaData schemaUrl="#cikti_dsimgi">
		<SimpleData name="OBJECTID">554</SimpleData>
		<SimpleData name="HAVZA_NO">20</SimpleData>
		<SimpleData name="IST_NO">20-007</SimpleData>
		<SimpleData name="IST_AD">Kavlakli</SimpleData>
		<SimpleData name="IST_TIP">MGI</SimpleData>
		<SimpleData name="BOLGE_NO">20</SimpleData>
		<SimpleData name="RASAT_TIP">Y</SimpleData>
		<SimpleData name="ILI">K.Maras</SimpleData>
		<SimpleData name="ILCESI">Merkez</SimpleData>
		<SimpleData name="IST_KOT">475</SimpleData>
		<SimpleData name="DURUMU">K</SimpleData>
		<SimpleData name="IST_AC">1962/11/15 00:00:00</SimpleData>
		<SimpleData name="IST_KAP">1972/11/30 00:00:00</SimpleData>
		<SimpleData name="CKS_BOYLAM">36:48:00</SimpleData>
		<SimpleData name="CKS_ENLEM">37:36:00</SimpleData>
		<SimpleData name="UTM_ZONE">0</SimpleData>
		<SimpleData name="UTMY">0</SimpleData>
		<SimpleData name="UTMX">0</SimpleData>
		<SimpleData name="COORH_X">1247874.125</SimpleData>
	</SchemaData></ExtendedData>
      <Point><coordinates>36.7997773937632,37.5989841778043</coordinates></Point>
  </Placemark>
  <Placemark id="cikti_dsimgi.555">
	<ExtendedData><SchemaData schemaUrl="#cikti_dsimgi">
		<SimpleData name="OBJECTID">555</SimpleData>
		<SimpleData name="HAVZA_NO">20</SimpleData>
		<SimpleData name="IST_NO">20-008</SimpleData>
		<SimpleData name="IST_AD">Eskimantas</SimpleData>
		<SimpleData name="IST_TIP">MGI</SimpleData>
		<SimpleData name="BOLGE_NO">06</SimpleData>
		<SimpleData name="RASAT_TIP">YB</SimpleData>
		<SimpleData name="ILI">Hatay</SimpleData>
		<SimpleData name="ILCESI">Dörtyol</SimpleData>
		<SimpleData name="IST_KOT">365</SimpleData>
		<SimpleData name="DURUMU">K</SimpleData>
		<SimpleData name="IST_AC">1962/12/01 00:00:00</SimpleData>
		<SimpleData name="IST_KAP">1973/01/01 00:00:00</SimpleData>
		<SimpleData name="CKS_BOYLAM">35:56:00</SimpleData>
		<SimpleData name="CKS_ENLEM">37:34:00</SimpleData>
		<SimpleData name="UTM_ZONE">0</SimpleData>
		<SimpleData name="UTMY">0</SimpleData>
		<SimpleData name="UTMX">0</SimpleData>
		<SimpleData name="COORH_X">1171250.875</SimpleData>
	</SchemaData></ExtendedData>
      <Point><coordinates>35.9330889595033,37.5656474577509</coordinates></Point>
  </Placemark>
  <Placemark id="cikti_dsimgi.556">
	<ExtendedData><SchemaData schemaUrl="#cikti_dsimgi">
		<SimpleData name="OBJECTID">556</SimpleData>
		<SimpleData name="HAVZA_NO">20</SimpleData>
		<SimpleData name="IST_NO">20-009</SimpleData>
		<SimpleData name="IST_AD">Süleymanli</SimpleData>
		<SimpleData name="IST_TIP">MGI</SimpleData>
		<SimpleData name="BOLGE_NO">20</SimpleData>
		<SimpleData name="RASAT_TIP">YB</SimpleData>
		<SimpleData name="ILI">K.Maras</SimpleData>
		<SimpleData name="ILCESI">Merkez</SimpleData>
		<SimpleData name="IST_KOT">895</SimpleData>
		<SimpleData name="DURUMU">A</SimpleData>
		<SimpleData name="IST_AC">1962/12/05 00:00:00</SimpleData>
		<SimpleData name="CKS_BOYLAM">36:50:06</SimpleData>
		<SimpleData name="CKS_ENLEM">37:52:26</SimpleData>
		<SimpleData name="UTM_ZONE">37</SimpleData>
		<SimpleData name="UTMY">0</SimpleData>
		<SimpleData name="UTMX">0</SimpleData>
		<SimpleData name="COORH_X">1249962.5</SimpleData>
	</SchemaData></ExtendedData>
      <Point><coordinates>36.834776971978,37.8728789822945</coordinates></Point>
  </Placemark>
  <Placemark id="cikti_dsimgi.557">
	<ExtendedData><SchemaData schemaUrl="#cikti_dsimgi">
		<SimpleData name="OBJECTID">557</SimpleData>
		<SimpleData name="HAVZA_NO">20</SimpleData>
		<SimpleData name="IST_NO">20-010</SimpleData>
		<SimpleData name="IST_AD">Köprüagzi</SimpleData>
		<SimpleData name="IST_TIP">MGI</SimpleData>
		<SimpleData name="BOLGE_NO">06</SimpleData>
		<SimpleData name="RASAT_TIP">Y</SimpleData>
		<SimpleData name="ILI">Adana</SimpleData>
		<SimpleData name="ILCESI">Bahçe</SimpleData>
		<SimpleData name="IST_KOT">600</SimpleData>
		<SimpleData name="DURUMU">K</SimpleData>
		<SimpleData name="IST_AC">1966/06/23 00:00:00</SimpleData>
		<SimpleData name="IST_KAP">1973/01/01 00:00:00</SimpleData>
		<SimpleData name="CKS_BOYLAM">36:27:00</SimpleData>
		<SimpleData name="CKS_ENLEM">38:37:00</SimpleData>
		<SimpleData name="UTM_ZONE">0</SimpleData>
		<SimpleData name="UTMY">0</SimpleData>
		<SimpleData name="UTMX">0</SimpleData>
		<SimpleData name="COORH_X">1213663.625</SimpleData>
	</SchemaData></ExtendedData>
      <Point><coordinates>36.4497634861694,38.615671800145</coordinates></Point>
  </Placemark>
  <Placemark id="cikti_dsimgi.558">
	<ExtendedData><SchemaData schemaUrl="#cikti_dsimgi">
		<SimpleData name="OBJECTID">558</SimpleData>
		<SimpleData name="HAVZA_NO">20</SimpleData>
		<SimpleData name="IST_NO">20-011</SimpleData>
		<SimpleData name="IST_AD">Akdere</SimpleData>
		<SimpleData name="IST_TIP">MGI</SimpleData>
		<SimpleData name="BOLGE_NO">19</SimpleData>
		<SimpleData name="RASAT_TIP">YB</SimpleData>
		<SimpleData name="ILI">Sivas</SimpleData>
		<SimpleData name="ILCESI">Gürün</SimpleData>
		<SimpleData name="IST_KOT">1520</SimpleData>
		<SimpleData name="DURUMU">K</SimpleData>
		<SimpleData name="IST_AC">1962/12/08 00:00:00</SimpleData>
		<SimpleData name="IST_KAP">1997/02/01 00:00:00</SimpleData>
		<SimpleData name="CKS_BOYLAM">36:56:00</SimpleData>
		<SimpleData name="CKS_ENLEM">38:38:00</SimpleData>
		<SimpleData name="UTM_ZONE">0</SimpleData>
		<SimpleData name="UTMY">0</SimpleData>
		<SimpleData name="UTMX">0</SimpleData>
		<SimpleData name="COORH_X">1255736.375</SimpleData>
	</SchemaData></ExtendedData>
      <Point><coordinates>36.9331091575631,38.632340345024</coordinates></Point>
  </Placemark>
  <Placemark id="cikti_dsimgi.559">
	<ExtendedData><SchemaData schemaUrl="#cikti_dsimgi">
		<SimpleData name="OBJECTID">559</SimpleData>
		<SimpleData name="HAVZA_NO">20</SimpleData>
		<SimpleData name="IST_NO">20-012</SimpleData>
		<SimpleData name="IST_AD">Gerdek Magara</SimpleData>
		<SimpleData name="IST_TIP">MGI</SimpleData>
		<SimpleData name="BOLGE_NO">19</SimpleData>
		<SimpleData name="RASAT_TIP">YB</SimpleData>
		<SimpleData name="ILI">Sivas</SimpleData>
		<SimpleData name="ILCESI">Gürün</SimpleData>
		<SimpleData name="IST_KOT">1725</SimpleData>
		<SimpleData name="DURUMU">K</SimpleData>
		<SimpleData name="IST_AC">1962/12/10 00:00:00</SimpleData>
		<SimpleData name="IST_KAP">1977/10/01 00:00:00</SimpleData>
		<SimpleData name="CKS_BOYLAM">36:46:00</SimpleData>
		<SimpleData name="CKS_ENLEM">37:28:00</SimpleData>
		<SimpleData name="UTM_ZONE">0</SimpleData>
		<SimpleData name="UTMY">0</SimpleData>
		<SimpleData name="UTMX">0</SimpleData>
		<SimpleData name="COORH_X">1245403.625</SimpleData>
	</SchemaData></ExtendedData>
      <Point><coordinates>36.7664438734821,37.4656479206466</coordinates></Point>
  </Placemark>
  <Placemark id="cikti_dsimgi.560">
	<ExtendedData><SchemaData schemaUrl="#cikti_dsimgi">
		<SimpleData name="OBJECTID">560</SimpleData>
		<SimpleData name="HAVZA_NO">20</SimpleData>
		<SimpleData name="IST_NO">20-013</SimpleData>
		<SimpleData name="IST_AD">Kartalkaya</SimpleData>
		<SimpleData name="IST_TIP">MGI</SimpleData>
		<SimpleData name="BOLGE_NO">20</SimpleData>
		<SimpleData name="RASAT_TIP">YB</SimpleData>
		<SimpleData name="ILI">K.Maras</SimpleData>
		<SimpleData name="ILCESI">Pazarcik</SimpleData>
		<SimpleData name="IST_KOT">745</SimpleData>
		<SimpleData name="DURUMU">A</SimpleData>
		<SimpleData name="IST_AC">1968/08/01 00:00:00</SimpleData>
		<SimpleData name="CKS_BOYLAM">37:28:00</SimpleData>
		<SimpleData name="CKS_ENLEM">37:15:00</SimpleData>
		<SimpleData name="UTM_ZONE">37</SimpleData>
		<SimpleData name="UTMY">0</SimpleData>
		<SimpleData name="UTMX">0</SimpleData>
		<SimpleData name="COORH_X">1308439.5</SimpleData>
	</SchemaData></ExtendedData>
      <Point><coordinates>37.466462560473,37.2489787529794</coordinates></Point>
  </Placemark>
  <Placemark id="cikti_dsimgi.561">
	<ExtendedData><SchemaData schemaUrl="#cikti_dsimgi">
		<SimpleData name="OBJECTID">561</SimpleData>
		<SimpleData name="HAVZA_NO">20</SimpleData>
		<SimpleData name="IST_NO">20-017</SimpleData>
		<SimpleData name="IST_AD">Adatepe</SimpleData>
		<SimpleData name="IST_TIP">MGI</SimpleData>
		<SimpleData name="BOLGE_NO">20</SimpleData>
		<SimpleData name="RASAT_TIP">YB</SimpleData>
		<SimpleData name="ILI">K.Maras</SimpleData>
		<SimpleData name="ILCESI">Göksun</SimpleData>
		<SimpleData name="IST_KOT">1300</SimpleData>
		<SimpleData name="DURUMU">A</SimpleData>
		<SimpleData name="IST_AC">1979/12/30 00:00:00</SimpleData>
		<SimpleData name="CKS_BOYLAM">36:43:44</SimpleData>
		<SimpleData name="CKS_ENLEM">38:04:13</SimpleData>
		<SimpleData name="UTM_ZONE">37</SimpleData>
		<SimpleData name="UTMY">0</SimpleData>
		<SimpleData name="UTMX">0</SimpleData>
		<SimpleData name="COORH_X">1239913.75</SimpleData>
	</SchemaData></ExtendedData>
      <Point><coordinates>36.728662246558,38.0692717862214</coordinates></Point>
  </Placemark>
  <Placemark id="cikti_dsimgi.562">
	<ExtendedData><SchemaData schemaUrl="#cikti_dsimgi">
		<SimpleData name="OBJECTID">562</SimpleData>
		<SimpleData name="HAVZA_NO">20</SimpleData>
		<SimpleData name="IST_NO">20-018</SimpleData>
		<SimpleData name="IST_AD">Karakuz</SimpleData>
		<SimpleData name="IST_TIP">MGI</SimpleData>
		<SimpleData name="BOLGE_NO">20</SimpleData>
		<SimpleData name="RASAT_TIP">YB</SimpleData>
		<SimpleData name="ILI">K.Maras</SimpleData>
		<SimpleData name="ILCESI">Afsin</SimpleData>
		<SimpleData name="IST_KOT">1760</SimpleData>
		<SimpleData name="DURUMU">A</SimpleData>
		<SimpleData name="IST_AC">1982/04/01 00:00:00</SimpleData>
		<SimpleData name="CKS_BOYLAM">36:51:26</SimpleData>
		<SimpleData name="CKS_ENLEM">38:32:11</SimpleData>
		<SimpleData name="UTM_ZONE">37</SimpleData>
		<SimpleData name="UTMY">0</SimpleData>
		<SimpleData name="UTMX">0</SimpleData>
		<SimpleData name="COORH_X">1249462.875</SimpleData>
	</SchemaData></ExtendedData>
      <Point><coordinates>36.8569965645274,38.5353934904255</coordinates></Point>
  </Placemark>
  <Placemark id="cikti_dsimgi.563">
	<ExtendedData><SchemaData schemaUrl="#cikti_dsimgi">
		<SimpleData name="OBJECTID">563</SimpleData>
		<SimpleData name="HAVZA_NO">20</SimpleData>
		<SimpleData name="IST_NO">20-019</SimpleData>
		<SimpleData name="IST_AD">Kandil</SimpleData>
		<SimpleData name="IST_TIP">MGI</SimpleData>
		<SimpleData name="BOLGE_NO">20</SimpleData>
		<SimpleData name="RASAT_TIP">YB</SimpleData>
		<SimpleData name="ILI">K.Maras</SimpleData>
		<SimpleData name="ILCESI">Elbistan</SimpleData>
		<SimpleData name="IST_KOT">1279</SimpleData>
		<SimpleData name="DURUMU">A</SimpleData>
		<SimpleData name="IST_AC">1980/11/01 00:00:00</SimpleData>
		<SimpleData name="CKS_BOYLAM">37:11:05</SimpleData>
		<SimpleData name="CKS_ENLEM">38:03:16</SimpleData>
		<SimpleData name="UTM_ZONE">37</SimpleData>
		<SimpleData name="UTMY">0</SimpleData>
		<SimpleData name="UTMX">0</SimpleData>
		<SimpleData name="COORH_X">1280037.25</SimpleData>
	</SchemaData></ExtendedData>
      <Point><coordinates>37.1845072788099,38.0534394808821</coordinates></Point>
  </Placemark>
  <Placemark id="cikti_dsimgi.564">
	<ExtendedData><SchemaData schemaUrl="#cikti_dsimgi">
		<SimpleData name="OBJECTID">564</SimpleData>
		<SimpleData name="HAVZA_NO">20</SimpleData>
		<SimpleData name="IST_NO">20-021</SimpleData>
		<SimpleData name="IST_AD">K.Maras Bölge Sh.</SimpleData>
		<SimpleData name="IST_TIP">MGI</SimpleData>
		<SimpleData name="BOLGE_NO">20</SimpleData>
		<SimpleData name="RASAT_TIP">YB</SimpleData>
		<SimpleData name="ILI">K.Maras</SimpleData>
		<SimpleData name="ILCESI">Merkez</SimpleData>
		<SimpleData name="IST_KOT">549</SimpleData>
		<SimpleData name="DURUMU">K</SimpleData>
		<SimpleData name="IST_AC">1992/01/01 00:00:00</SimpleData>
		<SimpleData name="IST_KAP">1994/01/01 00:00:00</SimpleData>
		<SimpleData name="CKS_BOYLAM">37:32:00</SimpleData>
		<SimpleData name="CKS_ENLEM">36:53:00</SimpleData>
		<SimpleData name="UTM_ZONE">0</SimpleData>
		<SimpleData name="UTMY">0</SimpleData>
		<SimpleData name="UTMX">0</SimpleData>
		<SimpleData name="COORH_X">1316052.125</SimpleData>
	</SchemaData></ExtendedData>
      <Point><coordinates>37.5331325163801,36.8823046731252</coordinates></Point>
  </Placemark>
  <Placemark id="cikti_dsimgi.565">
	<ExtendedData><SchemaData schemaUrl="#cikti_dsimgi">
		<SimpleData name="OBJECTID">565</SimpleData>
		<SimpleData name="HAVZA_NO">20</SimpleData>
		<SimpleData name="IST_NO">20-029</SimpleData>
		<SimpleData name="IST_AD">Serefli</SimpleData>
		<SimpleData name="IST_TIP">MGI</SimpleData>
		<SimpleData name="RASAT_TIP">Y</SimpleData>
		<SimpleData name="IST_KOT">0</SimpleData>
		<SimpleData name="DURUMU">A</SimpleData>
		<SimpleData name="CKS_BOYLAM">38:04:59</SimpleData>
		<SimpleData name="CKS_ENLEM">37:48:25</SimpleData>
		<SimpleData name="UTM_ZONE">37</SimpleData>
		<SimpleData name="UTMY">0</SimpleData>
		<SimpleData name="UTMX">0</SimpleData>
		<SimpleData name="COORH_X">1360288.25</SimpleData>
	</SchemaData></ExtendedData>
      <Point><coordinates>38.0828647027024,37.8059366923326</coordinates></Point>
  </Placemark>
  <Placemark id="cikti_dsimgi.566">
	<ExtendedData><SchemaData schemaUrl="#cikti_dsimgi">
		<SimpleData name="OBJECTID">566</SimpleData>
		<SimpleData name="HAVZA_NO">21</SimpleData>
		<SimpleData name="IST_NO">21-001</SimpleData>
		<SimpleData name="IST_AD">Kalkim</SimpleData>
		<SimpleData name="IST_TIP">MGI</SimpleData>
		<SimpleData name="BOLGE_NO">19</SimpleData>
		<SimpleData name="RASAT_TIP">YB</SimpleData>
		<SimpleData name="ILI">Sivas</SimpleData>
		<SimpleData name="ILCESI">Kangal</SimpleData>
		<SimpleData name="IST_KOT">1500</SimpleData>
		<SimpleData name="DURUMU">K</SimpleData>
		<SimpleData name="IST_AC">1959/06/01 00:00:00</SimpleData>
		<SimpleData name="IST_KAP">1972/12/20 00:00:00</SimpleData>
		<SimpleData name="CKS_BOYLAM">37:39:00</SimpleData>
		<SimpleData name="CKS_ENLEM">38:12:00</SimpleData>
		<SimpleData name="UTM_ZONE">0</SimpleData>
		<SimpleData name="UTMY">0</SimpleData>
		<SimpleData name="UTMX">0</SimpleData>
		<SimpleData name="COORH_X">1320236.625</SimpleData>
	</SchemaData></ExtendedData>
      <Point><coordinates>37.6497963123923,38.1989995425368</coordinates></Point>
  </Placemark>
  <Placemark id="cikti_dsimgi.567">
	<ExtendedData><SchemaData schemaUrl="#cikti_dsimgi">
		<SimpleData name="OBJECTID">567</SimpleData>
		<SimpleData name="HAVZA_NO">21</SimpleData>
		<SimpleData name="IST_NO">21-002</SimpleData>
		<SimpleData name="IST_AD">Yarmak</SimpleData>
		<SimpleData name="IST_TIP">MGI</SimpleData>
		<SimpleData name="BOLGE_NO">08</SimpleData>
		<SimpleData name="RASAT_TIP">Y</SimpleData>
		<SimpleData name="ILI">Er4zurum</SimpleData>
		<SimpleData name="ILCESI">Çat</SimpleData>
		<SimpleData name="IST_KOT">1750</SimpleData>
		<SimpleData name="DURUMU">K</SimpleData>
		<SimpleData name="IST_AC">1963/09/23 00:00:00</SimpleData>
		<SimpleData name="IST_KAP">1972/10/01 00:00:00</SimpleData>
		<SimpleData name="CKS_BOYLAM">40:57:00</SimpleData>
		<SimpleData name="CKS_ENLEM">39:38:00</SimpleData>
		<SimpleData name="UTM_ZONE">0</SimpleData>
		<SimpleData name="UTMY">0</SimpleData>
		<SimpleData name="UTMX">0</SimpleData>
		<SimpleData name="COORH_X">1596363.125</SimpleData>
	</SchemaData></ExtendedData>
      <Point><coordinates>40.9498764238767,39.6323736898329</coordinates></Point>
  </Placemark>
  <Placemark id="cikti_dsimgi.568">
	<ExtendedData><SchemaData schemaUrl="#cikti_dsimgi">
		<SimpleData name="OBJECTID">568</SimpleData>
		<SimpleData name="HAVZA_NO">21</SimpleData>
		<SimpleData name="IST_NO">21-004</SimpleData>
		<SimpleData name="IST_AD">Engüzek</SimpleData>
		<SimpleData name="IST_TIP">MGI</SimpleData>
		<SimpleData name="BOLGE_NO">09</SimpleData>
		<SimpleData name="RASAT_TIP">Y</SimpleData>
		<SimpleData name="ILI">Malatya</SimpleData>
		<SimpleData name="ILCESI">Hekimhan</SimpleData>
		<SimpleData name="IST_KOT">1180</SimpleData>
		<SimpleData name="DURUMU">A</SimpleData>
		<SimpleData name="IST_AC">1963/06/10 00:00:00</SimpleData>
		<SimpleData name="P25_PNO">k39-c4</SimpleData>
		<SimpleData name="CKS_BOYLAM">37:49:47.10</SimpleData>
		<SimpleData name="CKS_ENLEM">38:33:06.24</SimpleData>
		<SimpleData name="UTM_ZONE">37</SimpleData>
		<SimpleData name="UTMY">0</SimpleData>
		<SimpleData name="UTMX">0</SimpleData>
		<SimpleData name="COORH_X">1334246</SimpleData>
	</SchemaData></ExtendedData>
      <Point><coordinates>37.8295215485623,38.5506744917833</coordinates></Point>
  </Placemark>
  <Placemark id="cikti_dsimgi.569">
	<ExtendedData><SchemaData schemaUrl="#cikti_dsimgi">
		<SimpleData name="OBJECTID">569</SimpleData>
		<SimpleData name="HAVZA_NO">21</SimpleData>
		<SimpleData name="IST_NO">21-005</SimpleData>
		<SimpleData name="IST_AD">Ortakent</SimpleData>
		<SimpleData name="IST_TIP">MGI</SimpleData>
		<SimpleData name="BOLGE_NO">08</SimpleData>
		<SimpleData name="RASAT_TIP">Y</SimpleData>
		<SimpleData name="ILI">Agri</SimpleData>
		<SimpleData name="ILCESI">Merkez</SimpleData>
		<SimpleData name="IST_KOT">2150</SimpleData>
		<SimpleData name="DURUMU">K</SimpleData>
		<SimpleData name="IST_AC">1963/10/14 00:00:00</SimpleData>
		<SimpleData name="IST_KAP">1972/10/01 00:00:00</SimpleData>
		<SimpleData name="CKS_BOYLAM">43:21:00</SimpleData>
		<SimpleData name="CKS_ENLEM">39:58:00</SimpleData>
		<SimpleData name="UTM_ZONE">0</SimpleData>
		<SimpleData name="UTMY">0</SimpleData>
		<SimpleData name="UTMX">0</SimpleData>
		<SimpleData name="COORH_X">1797552.125</SimpleData>
	</SchemaData></ExtendedData>
      <Point><coordinates>43.3499392742972,39.9657195173176</coordinates></Point>
  </Placemark>
  <Placemark id="cikti_dsimgi.570">
	<ExtendedData><SchemaData schemaUrl="#cikti_dsimgi">
		<SimpleData name="OBJECTID">570</SimpleData>
		<SimpleData name="HAVZA_NO">21</SimpleData>
		<SimpleData name="IST_NO">21-006</SimpleData>
		<SimpleData name="IST_AD">Adaksu</SimpleData>
		<SimpleData name="IST_TIP">MGI</SimpleData>
		<SimpleData name="BOLGE_NO">17</SimpleData>
		<SimpleData name="RASAT_TIP">YB</SimpleData>
		<SimpleData name="ILI">Mus</SimpleData>
		<SimpleData name="ILCESI">Malazgirt</SimpleData>
		<SimpleData name="IST_KOT">2040</SimpleData>
		<SimpleData name="DURUMU">A</SimpleData>
		<SimpleData name="IST_AC">1963/08/07 00:00:00</SimpleData>
		<SimpleData name="P25_PNO">K49-a1</SimpleData>
		<SimpleData name="CKS_BOYLAM">42:35:34</SimpleData>
		<SimpleData name="CKS_ENLEM">38:57:54</SimpleData>
		<SimpleData name="UTM_ZONE">38</SimpleData>
		<SimpleData name="UTMY">0</SimpleData>
		<SimpleData name="UTMX">0</SimpleData>
		<SimpleData name="COORH_X">1744338.375</SimpleData>
	</SchemaData></ExtendedData>
      <Point><coordinates>42.5926997695264,38.9640281245409</coordinates></Point>
  </Placemark>
  <Placemark id="cikti_dsimgi.571">
	<ExtendedData><SchemaData schemaUrl="#cikti_dsimgi">
		<SimpleData name="OBJECTID">571</SimpleData>
		<SimpleData name="HAVZA_NO">21</SimpleData>
		<SimpleData name="IST_NO">21-007</SimpleData>
		<SimpleData name="IST_AD">Yeniköy</SimpleData>
		<SimpleData name="IST_TIP">MGI</SimpleData>
		<SimpleData name="BOLGE_NO">09</SimpleData>
		<SimpleData name="RASAT_TIP">Y</SimpleData>
		<SimpleData name="ILI">Tunceli</SimpleData>
		<SimpleData name="ILCESI">Pertek</SimpleData>
		<SimpleData name="IST_KOT">1350</SimpleData>
		<SimpleData name="DURUMU">A</SimpleData>
		<SimpleData name="IST_AC">1963/06/01 00:00:00</SimpleData>
		<SimpleData name="P25_PNO">k42-b2</SimpleData>
		<SimpleData name="CKS_BOYLAM">39:27:06.00</SimpleData>
		<SimpleData name="CKS_ENLEM">38:53:30.00</SimpleData>
		<SimpleData name="UTM_ZONE">37</SimpleData>
		<SimpleData name="UTMY">0</SimpleData>
		<SimpleData name="UTMX">0</SimpleData>
		<SimpleData name="COORH_X">1473236.375</SimpleData>
	</SchemaData></ExtendedData>
      <Point><coordinates>39.4515065808433,38.8906864274426</coordinates></Point>
  </Placemark>
  <Placemark id="cikti_dsimgi.572">
	<ExtendedData><SchemaData schemaUrl="#cikti_dsimgi">
		<SimpleData name="OBJECTID">572</SimpleData>
		<SimpleData name="HAVZA_NO">21</SimpleData>
		<SimpleData name="IST_NO">21-008</SimpleData>
		<SimpleData name="IST_AD">Aktoprak</SimpleData>
		<SimpleData name="IST_TIP">MGI</SimpleData>
		<SimpleData name="BOLGE_NO">20</SimpleData>
		<SimpleData name="RASAT_TIP">YB</SimpleData>
		<SimpleData name="ILI">Gaziantep</SimpleData>
		<SimpleData name="ILCESI">Merkez</SimpleData>
		<SimpleData name="IST_KOT">965</SimpleData>
		<SimpleData name="DURUMU">K</SimpleData>
		<SimpleData name="IST_AC">1964/06/08 00:00:00</SimpleData>
		<SimpleData name="IST_KAP">1972/11/30 00:00:00</SimpleData>
		<SimpleData name="CKS_BOYLAM">37:19:00</SimpleData>
		<SimpleData name="CKS_ENLEM">37:10:00</SimpleData>
		<SimpleData name="UTM_ZONE">0</SimpleData>
		<SimpleData name="UTMY">0</SimpleData>
		<SimpleData name="UTMX">0</SimpleData>
		<SimpleData name="COORH_X">1295459.625</SimpleData>
	</SchemaData></ExtendedData>
      <Point><coordinates>37.3164591555704,37.1656432400557</coordinates></Point>
  </Placemark>
  <Placemark id="cikti_dsimgi.573">
	<ExtendedData><SchemaData schemaUrl="#cikti_dsimgi">
		<SimpleData name="OBJECTID">573</SimpleData>
		<SimpleData name="HAVZA_NO">21</SimpleData>
		<SimpleData name="IST_NO">21-009</SimpleData>
		<SimpleData name="IST_AD">Bozaga (Karaderbent)</SimpleData>
		<SimpleData name="IST_TIP">MGI</SimpleData>
		<SimpleData name="BOLGE_NO">09</SimpleData>
		<SimpleData name="RASAT_TIP">Y</SimpleData>
		<SimpleData name="ILI">Tunceli</SimpleData>
		<SimpleData name="ILCESI">Pülümür</SimpleData>
		<SimpleData name="IST_KOT">1800</SimpleData>
		<SimpleData name="DURUMU">K</SimpleData>
		<SimpleData name="IST_AC">1969/09/23 00:00:00</SimpleData>
		<SimpleData name="IST_KAP">1990/03/01 00:00:00</SimpleData>
		<SimpleData name="CKS_BOYLAM">40:00:00</SimpleData>
		<SimpleData name="CKS_ENLEM">39:27:00</SimpleData>
		<SimpleData name="UTM_ZONE">0</SimpleData>
		<SimpleData name="UTMY">0</SimpleData>
		<SimpleData name="UTMX">0</SimpleData>
		<SimpleData name="COORH_X">1516416.125</SimpleData>
	</SchemaData></ExtendedData>
      <Point><coordinates>39.9998520510862,39.4490339022134</coordinates></Point>
  </Placemark>
  <Placemark id="cikti_dsimgi.574">
	<ExtendedData><SchemaData schemaUrl="#cikti_dsimgi">
		<SimpleData name="OBJECTID">574</SimpleData>
		<SimpleData name="HAVZA_NO">21</SimpleData>
		<SimpleData name="IST_NO">21-011</SimpleData>
		<SimpleData name="IST_AD">Karacaören</SimpleData>
		<SimpleData name="IST_TIP">MGI</SimpleData>
		<SimpleData name="BOLGE_NO">15</SimpleData>
		<SimpleData name="RASAT_TIP">Y</SimpleData>
		<SimpleData name="ILI">Sanliurfa</SimpleData>
		<SimpleData name="ILCESI">Bozova</SimpleData>
		<SimpleData name="IST_KOT">500</SimpleData>
		<SimpleData name="DURUMU">K</SimpleData>
		<SimpleData name="IST_AC">1966/11/15 00:00:00</SimpleData>
		<SimpleData name="IST_KAP">1972/07/21 00:00:00</SimpleData>
		<SimpleData name="CKS_BOYLAM">38:19:00</SimpleData>
		<SimpleData name="CKS_ENLEM">37:24:00</SimpleData>
		<SimpleData name="UTM_ZONE">0</SimpleData>
		<SimpleData name="UTMY">0</SimpleData>
		<SimpleData name="UTMX">0</SimpleData>
		<SimpleData name="COORH_X">1383167.25</SimpleData>
	</SchemaData></ExtendedData>
      <Point><coordinates>38.3164834737611,37.3989842125163</coordinates></Point>
  </Placemark>
  <Placemark id="cikti_dsimgi.575">
	<ExtendedData><SchemaData schemaUrl="#cikti_dsimgi">
		<SimpleData name="OBJECTID">575</SimpleData>
		<SimpleData name="HAVZA_NO">21</SimpleData>
		<SimpleData name="IST_NO">21-012</SimpleData>
		<SimpleData name="IST_AD">Tabakhane D.</SimpleData>
		<SimpleData name="IST_TIP">MGI</SimpleData>
		<SimpleData name="BOLGE_NO">09</SimpleData>
		<SimpleData name="RASAT_TIP">Y</SimpleData>
		<SimpleData name="ILI">Elazig</SimpleData>
		<SimpleData name="ILCESI">Merkez</SimpleData>
		<SimpleData name="IST_KOT">1490</SimpleData>
		<SimpleData name="DURUMU">K</SimpleData>
		<SimpleData name="IST_AC">1963/11/09 00:00:00</SimpleData>
		<SimpleData name="IST_KAP">1975/07/01 00:00:00</SimpleData>
		<SimpleData name="CKS_BOYLAM">39:15:00</SimpleData>
		<SimpleData name="CKS_ENLEM">38:42:00</SimpleData>
		<SimpleData name="UTM_ZONE">0</SimpleData>
		<SimpleData name="UTMY">0</SimpleData>
		<SimpleData name="UTMX">0</SimpleData>
		<SimpleData name="COORH_X">1457058.5</SimpleData>
	</SchemaData></ExtendedData>
      <Point><coordinates>39.2498354376295,38.6990149335598</coordinates></Point>
  </Placemark>
  <Placemark id="cikti_dsimgi.576">
	<ExtendedData><SchemaData schemaUrl="#cikti_dsimgi">
		<SimpleData name="OBJECTID">576</SimpleData>
		<SimpleData name="HAVZA_NO">21</SimpleData>
		<SimpleData name="IST_NO">21-013</SimpleData>
		<SimpleData name="IST_AD">Kirkgöze (Çipak)</SimpleData>
		<SimpleData name="IST_TIP">MGI</SimpleData>
		<SimpleData name="BOLGE_NO">08</SimpleData>
		<SimpleData name="RASAT_TIP">Y</SimpleData>
		<SimpleData name="ILI">Erzurum</SimpleData>
		<SimpleData name="ILCESI">Merkez</SimpleData>
		<SimpleData name="IST_KOT">1825</SimpleData>
		<SimpleData name="DURUMU">K</SimpleData>
		<SimpleData name="IST_AC">1963/09/01 00:00:00</SimpleData>
		<SimpleData name="IST_KAP">1976/09/21 00:00:00</SimpleData>
		<SimpleData name="CKS_BOYLAM">41:23:00</SimpleData>
		<SimpleData name="CKS_ENLEM">40:07:00</SimpleData>
		<SimpleData name="UTM_ZONE">0</SimpleData>
		<SimpleData name="UTMY">0</SimpleData>
		<SimpleData name="UTMX">0</SimpleData>
		<SimpleData name="COORH_X">1628832.875</SimpleData>
	</SchemaData></ExtendedData>
      <Point><coordinates>41.3832195539231,40.1157194471997</coordinates></Point>
  </Placemark>
  <Placemark id="cikti_dsimgi.577">
	<ExtendedData><SchemaData schemaUrl="#cikti_dsimgi">
		<SimpleData name="OBJECTID">577</SimpleData>
		<SimpleData name="HAVZA_NO">21</SimpleData>
		<SimpleData name="IST_NO">21-014</SimpleData>
		<SimpleData name="IST_AD">Karakaya Brj.</SimpleData>
		<SimpleData name="IST_TIP">MGI</SimpleData>
		<SimpleData name="BOLGE_NO">10</SimpleData>
		<SimpleData name="RASAT_TIP">YB</SimpleData>
		<SimpleData name="ILI">Diyarbakir</SimpleData>
		<SimpleData name="ILCESI">Çüngüs</SimpleData>
		<SimpleData name="IST_KOT">820</SimpleData>
		<SimpleData name="DURUMU">A</SimpleData>
		<SimpleData name="IST_AC">1971/01/01 00:00:00</SimpleData>
		<SimpleData name="P25_PNO">L42-d2</SimpleData>
		<SimpleData name="CKS_BOYLAM">41:08:13</SimpleData>
		<SimpleData name="CKS_ENLEM">38:13:30</SimpleData>
		<SimpleData name="UTM_ZONE">37</SimpleData>
		<SimpleData name="UTMY">0</SimpleData>
		<SimpleData name="UTMX">0</SimpleData>
		<SimpleData name="COORH_X">1625400.625</SimpleData>
	</SchemaData></ExtendedData>
      <Point><coordinates>41.1368306849747,38.2240086687322</coordinates></Point>
  </Placemark>
  <Placemark id="cikti_dsimgi.578">
	<ExtendedData><SchemaData schemaUrl="#cikti_dsimgi">
		<SimpleData name="OBJECTID">578</SimpleData>
		<SimpleData name="HAVZA_NO">21</SimpleData>
		<SimpleData name="IST_NO">21-015</SimpleData>
		<SimpleData name="IST_AD">Meydan</SimpleData>
		<SimpleData name="IST_TIP">MGI</SimpleData>
		<SimpleData name="BOLGE_NO">20</SimpleData>
		<SimpleData name="RASAT_TIP">YB</SimpleData>
		<SimpleData name="ILI">Adiyaman</SimpleData>
		<SimpleData name="ILCESI">Gölbasi</SimpleData>
		<SimpleData name="IST_KOT">1150</SimpleData>
		<SimpleData name="DURUMU">K</SimpleData>
		<SimpleData name="IST_AC">1963/10/15 00:00:00</SimpleData>
		<SimpleData name="IST_KAP">1998/10/01 00:00:00</SimpleData>
		<SimpleData name="CKS_BOYLAM">37:29:00</SimpleData>
		<SimpleData name="CKS_ENLEM">37:52:00</SimpleData>
		<SimpleData name="UTM_ZONE">0</SimpleData>
		<SimpleData name="UTMY">0</SimpleData>
		<SimpleData name="UTMX">0</SimpleData>
		<SimpleData name="COORH_X">1307130.25</SimpleData>
	</SchemaData></ExtendedData>
      <Point><coordinates>37.4831269058637,37.8656584996615</coordinates></Point>
  </Placemark>
  <Placemark id="cikti_dsimgi.579">
	<ExtendedData><SchemaData schemaUrl="#cikti_dsimgi">
		<SimpleData name="OBJECTID">579</SimpleData>
		<SimpleData name="HAVZA_NO">21</SimpleData>
		<SimpleData name="IST_NO">21-016</SimpleData>
		<SimpleData name="IST_AD">Yayginçadir</SimpleData>
		<SimpleData name="IST_TIP">MGI</SimpleData>
		<SimpleData name="BOLGE_NO">09</SimpleData>
		<SimpleData name="RASAT_TIP">Y</SimpleData>
		<SimpleData name="ILI">Bingöl</SimpleData>
		<SimpleData name="ILCESI">Merkez</SimpleData>
		<SimpleData name="IST_KOT">1480</SimpleData>
		<SimpleData name="DURUMU">K</SimpleData>
		<SimpleData name="IST_AC">1963/06/01 00:00:00</SimpleData>
		<SimpleData name="IST_KAP">1972/10/16 00:00:00</SimpleData>
		<SimpleData name="CKS_BOYLAM">40:19:00</SimpleData>
		<SimpleData name="CKS_ENLEM">39:02:00</SimpleData>
		<SimpleData name="UTM_ZONE">0</SimpleData>
		<SimpleData name="UTMY">0</SimpleData>
		<SimpleData name="UTMX">0</SimpleData>
		<SimpleData name="COORH_X">1547036</SimpleData>
	</SchemaData></ExtendedData>
      <Point><coordinates>40.3165286386653,39.0323583619594</coordinates></Point>
  </Placemark>
  <Placemark id="cikti_dsimgi.580">
	<ExtendedData><SchemaData schemaUrl="#cikti_dsimgi">
		<SimpleData name="OBJECTID">580</SimpleData>
		<SimpleData name="HAVZA_NO">21</SimpleData>
		<SimpleData name="IST_NO">21-017</SimpleData>
		<SimpleData name="IST_AD">Karakas (Ipsir)</SimpleData>
		<SimpleData name="IST_TIP">MGI</SimpleData>
		<SimpleData name="BOLGE_NO">09</SimpleData>
		<SimpleData name="RASAT_TIP">Y</SimpleData>
		<SimpleData name="ILI">Elazig</SimpleData>
		<SimpleData name="ILCESI">Baskil</SimpleData>
		<SimpleData name="IST_KOT">1200</SimpleData>
		<SimpleData name="DURUMU">A</SimpleData>
		<SimpleData name="IST_AC">1963/11/01 00:00:00</SimpleData>
		<SimpleData name="CKS_BOYLAM">38:38:00</SimpleData>
		<SimpleData name="CKS_ENLEM">38:33:00</SimpleData>
		<SimpleData name="UTM_ZONE">0</SimpleData>
		<SimpleData name="UTMY">0</SimpleData>
		<SimpleData name="UTMX">0</SimpleData>
		<SimpleData name="COORH_X">1404330.125</SimpleData>
	</SchemaData></ExtendedData>
      <Point><coordinates>38.6331534436458,38.5490099520618</coordinates></Point>
  </Placemark>
  <Placemark id="cikti_dsimgi.581">
	<ExtendedData><SchemaData schemaUrl="#cikti_dsimgi">
		<SimpleData name="OBJECTID">581</SimpleData>
		<SimpleData name="HAVZA_NO">21</SimpleData>
		<SimpleData name="IST_NO">21-018</SimpleData>
		<SimpleData name="IST_AD">Erkenek</SimpleData>
		<SimpleData name="IST_TIP">MGI</SimpleData>
		<SimpleData name="BOLGE_NO">09</SimpleData>
		<SimpleData name="RASAT_TIP">YB</SimpleData>
		<SimpleData name="ILI">Malatya</SimpleData>
		<SimpleData name="ILCESI">Dogansehir</SimpleData>
		<SimpleData name="IST_KOT">1410</SimpleData>
		<SimpleData name="DURUMU">A</SimpleData>
		<SimpleData name="IST_AC">1964/07/30 00:00:00</SimpleData>
		<SimpleData name="P25_PNO">m39-b2</SimpleData>
		<SimpleData name="CKS_BOYLAM">37:56:29.22</SimpleData>
		<SimpleData name="CKS_ENLEM">37:55:48.48</SimpleData>
		<SimpleData name="UTM_ZONE">37</SimpleData>
		<SimpleData name="UTMY">0</SimpleData>
		<SimpleData name="UTMX">0</SimpleData>
		<SimpleData name="COORH_X">1347166.625</SimpleData>
	</SchemaData></ExtendedData>
      <Point><coordinates>37.9411938790114,37.9289945153841</coordinates></Point>
  </Placemark>
  <Placemark id="cikti_dsimgi.582">
	<ExtendedData><SchemaData schemaUrl="#cikti_dsimgi">
		<SimpleData name="OBJECTID">582</SimpleData>
		<SimpleData name="HAVZA_NO">21</SimpleData>
		<SimpleData name="IST_NO">21-019</SimpleData>
		<SimpleData name="IST_AD">Çifthisar</SimpleData>
		<SimpleData name="IST_TIP">MGI</SimpleData>
		<SimpleData name="BOLGE_NO">20</SimpleData>
		<SimpleData name="RASAT_TIP">Y</SimpleData>
		<SimpleData name="ILI">Adiyaman</SimpleData>
		<SimpleData name="ILCESI">Gerger</SimpleData>
		<SimpleData name="IST_KOT">625</SimpleData>
		<SimpleData name="DURUMU">K</SimpleData>
		<SimpleData name="IST_AC">1965/06/18 00:00:00</SimpleData>
		<SimpleData name="IST_KAP">1972/10/16 00:00:00</SimpleData>
		<SimpleData name="CKS_BOYLAM">38:56:00</SimpleData>
		<SimpleData name="CKS_ENLEM">37:57:00</SimpleData>
		<SimpleData name="UTM_ZONE">0</SimpleData>
		<SimpleData name="UTMY">0</SimpleData>
		<SimpleData name="UTMX">0</SimpleData>
		<SimpleData name="COORH_X">1434324.25</SimpleData>
	</SchemaData></ExtendedData>
      <Point><coordinates>38.93316366269,37.9489975611194</coordinates></Point>
  </Placemark>
  <Placemark id="cikti_dsimgi.583">
	<ExtendedData><SchemaData schemaUrl="#cikti_dsimgi">
		<SimpleData name="OBJECTID">583</SimpleData>
		<SimpleData name="HAVZA_NO">21</SimpleData>
		<SimpleData name="IST_NO">21-020</SimpleData>
		<SimpleData name="IST_AD">Mollaaliler</SimpleData>
		<SimpleData name="IST_TIP">MGI</SimpleData>
		<SimpleData name="BOLGE_NO">09</SimpleData>
		<SimpleData name="RASAT_TIP">Y</SimpleData>
		<SimpleData name="ILI">Tunceli</SimpleData>
		<SimpleData name="ILCESI">Ovacik</SimpleData>
		<SimpleData name="IST_KOT">1650</SimpleData>
		<SimpleData name="DURUMU">K</SimpleData>
		<SimpleData name="IST_AC">1963/07/15 00:00:00</SimpleData>
		<SimpleData name="IST_KAP">1972/10/16 00:00:00</SimpleData>
		<SimpleData name="CKS_BOYLAM">39:22:00</SimpleData>
		<SimpleData name="CKS_ENLEM">39:25:00</SimpleData>
		<SimpleData name="UTM_ZONE">0</SimpleData>
		<SimpleData name="UTMY">0</SimpleData>
		<SimpleData name="UTMX">0</SimpleData>
		<SimpleData name="COORH_X">1462213.125</SimpleData>
	</SchemaData></ExtendedData>
      <Point><coordinates>39.3665022084494,39.4156982471599</coordinates></Point>
  </Placemark>
  <Placemark id="cikti_dsimgi.584">
	<ExtendedData><SchemaData schemaUrl="#cikti_dsimgi">
		<SimpleData name="OBJECTID">584</SimpleData>
		<SimpleData name="HAVZA_NO">21</SimpleData>
		<SimpleData name="IST_NO">21-021</SimpleData>
		<SimpleData name="IST_AD">Kale</SimpleData>
		<SimpleData name="IST_TIP">MGI</SimpleData>
		<SimpleData name="BOLGE_NO">09</SimpleData>
		<SimpleData name="RASAT_TIP">YB</SimpleData>
		<SimpleData name="ILI">Malatya</SimpleData>
		<SimpleData name="ILCESI">Merkez</SimpleData>
		<SimpleData name="IST_KOT">720</SimpleData>
		<SimpleData name="DURUMU">A</SimpleData>
		<SimpleData name="IST_AC">1964/08/01 00:00:00</SimpleData>
		<SimpleData name="P25_PNO">l41-a1-b1</SimpleData>
		<SimpleData name="CKS_BOYLAM">38:44:39.42</SimpleData>
		<SimpleData name="CKS_ENLEM">38:24:04.74</SimpleData>
		<SimpleData name="UTM_ZONE">37</SimpleData>
		<SimpleData name="UTMY">0</SimpleData>
		<SimpleData name="UTMX">0</SimpleData>
		<SimpleData name="COORH_X">1414909.125</SimpleData>
	</SchemaData></ExtendedData>
      <Point><coordinates>38.7439902362893,38.4001180736453</coordinates></Point>
  </Placemark>
  <Placemark id="cikti_dsimgi.585">
	<ExtendedData><SchemaData schemaUrl="#cikti_dsimgi">
		<SimpleData name="OBJECTID">585</SimpleData>
		<SimpleData name="HAVZA_NO">21</SimpleData>
		<SimpleData name="IST_NO">21-022</SimpleData>
		<SimpleData name="IST_AD">Egripinar</SimpleData>
		<SimpleData name="IST_TIP">MGI</SimpleData>
		<SimpleData name="BOLGE_NO">09</SimpleData>
		<SimpleData name="RASAT_TIP">Y</SimpleData>
		<SimpleData name="ILI">Tunceli</SimpleData>
		<SimpleData name="ILCESI">Ovacik</SimpleData>
		<SimpleData name="IST_KOT">1370</SimpleData>
		<SimpleData name="DURUMU">K</SimpleData>
		<SimpleData name="IST_AC">1963/07/15 00:00:00</SimpleData>
		<SimpleData name="IST_KAP">1972/10/16 00:00:00</SimpleData>
		<SimpleData name="CKS_BOYLAM">39:03:00</SimpleData>
		<SimpleData name="CKS_ENLEM">39:18:00</SimpleData>
		<SimpleData name="UTM_ZONE">0</SimpleData>
		<SimpleData name="UTMY">0</SimpleData>
		<SimpleData name="UTMX">0</SimpleData>
		<SimpleData name="COORH_X">1435736.5</SimpleData>
	</SchemaData></ExtendedData>
      <Point><coordinates>39.0498276977507,39.2990280704716</coordinates></Point>
  </Placemark>
  <Placemark id="cikti_dsimgi.586">
	<ExtendedData><SchemaData schemaUrl="#cikti_dsimgi">
		<SimpleData name="OBJECTID">586</SimpleData>
		<SimpleData name="HAVZA_NO">21</SimpleData>
		<SimpleData name="IST_NO">21-023</SimpleData>
		<SimpleData name="IST_AD">Bardakçi</SimpleData>
		<SimpleData name="IST_TIP">MGI</SimpleData>
		<SimpleData name="BOLGE_NO">08</SimpleData>
		<SimpleData name="RASAT_TIP">Y</SimpleData>
		<SimpleData name="ILI">Tunceli</SimpleData>
		<SimpleData name="ILCESI">Pülümür</SimpleData>
		<SimpleData name="IST_KOT">1620</SimpleData>
		<SimpleData name="DURUMU">K</SimpleData>
		<SimpleData name="IST_AC">1963/09/20 00:00:00</SimpleData>
		<SimpleData name="IST_KAP">1972/10/01 00:00:00</SimpleData>
		<SimpleData name="CKS_BOYLAM">40:15:00</SimpleData>
		<SimpleData name="CKS_ENLEM">39:34:00</SimpleData>
		<SimpleData name="UTM_ZONE">0</SimpleData>
		<SimpleData name="UTMY">0</SimpleData>
		<SimpleData name="UTMX">0</SimpleData>
		<SimpleData name="COORH_X">1536950.625</SimpleData>
	</SchemaData></ExtendedData>
      <Point><coordinates>40.2498581830659,39.5657038775206</coordinates></Point>
  </Placemark>
  <Placemark id="cikti_dsimgi.587">
	<ExtendedData><SchemaData schemaUrl="#cikti_dsimgi">
		<SimpleData name="OBJECTID">587</SimpleData>
		<SimpleData name="HAVZA_NO">21</SimpleData>
		<SimpleData name="IST_NO">21-024</SimpleData>
		<SimpleData name="IST_AD">Yenikaya (Kemik)</SimpleData>
		<SimpleData name="IST_TIP">MGI</SimpleData>
		<SimpleData name="BOLGE_NO">09</SimpleData>
		<SimpleData name="RASAT_TIP">Y</SimpleData>
		<SimpleData name="ILI">Elazig</SimpleData>
		<SimpleData name="ILCESI">Karakoçan</SimpleData>
		<SimpleData name="IST_KOT">1700</SimpleData>
		<SimpleData name="DURUMU">K</SimpleData>
		<SimpleData name="IST_AC">1963/07/01 00:00:00</SimpleData>
		<SimpleData name="IST_KAP">1975/09/01 00:00:00</SimpleData>
		<SimpleData name="CKS_BOYLAM">40:12:00</SimpleData>
		<SimpleData name="CKS_ENLEM">39:00:00</SimpleData>
		<SimpleData name="UTM_ZONE">0</SimpleData>
		<SimpleData name="UTMY">0</SimpleData>
		<SimpleData name="UTMX">0</SimpleData>
		<SimpleData name="COORH_X">1537218.25</SimpleData>
	</SchemaData></ExtendedData>
      <Point><coordinates>40.1998590507827,38.9990240205147</coordinates></Point>
  </Placemark>
  <Placemark id="cikti_dsimgi.588">
	<ExtendedData><SchemaData schemaUrl="#cikti_dsimgi">
		<SimpleData name="OBJECTID">588</SimpleData>
		<SimpleData name="HAVZA_NO">21</SimpleData>
		<SimpleData name="IST_NO">21-025</SimpleData>
		<SimpleData name="IST_AD">Günaçti</SimpleData>
		<SimpleData name="IST_TIP">MGI</SimpleData>
		<SimpleData name="BOLGE_NO">09</SimpleData>
		<SimpleData name="RASAT_TIP">YB</SimpleData>
		<SimpleData name="ILI">Elazig</SimpleData>
		<SimpleData name="ILCESI">Baskil</SimpleData>
		<SimpleData name="IST_KOT">1120</SimpleData>
		<SimpleData name="DURUMU">A</SimpleData>
		<SimpleData name="IST_AC">1963/05/07 00:00:00</SimpleData>
		<SimpleData name="P25_PNO">l42-a1</SimpleData>
		<SimpleData name="CKS_BOYLAM">39:01:01.20</SimpleData>
		<SimpleData name="CKS_ENLEM">38:29:39.24</SimpleData>
		<SimpleData name="UTM_ZONE">37</SimpleData>
		<SimpleData name="UTMY">0</SimpleData>
		<SimpleData name="UTMX">0</SimpleData>
		<SimpleData name="COORH_X">1438132.875</SimpleData>
	</SchemaData></ExtendedData>
      <Point><coordinates>39.0167746870862,38.4931764089428</coordinates></Point>
  </Placemark>
  <Placemark id="cikti_dsimgi.589">
	<ExtendedData><SchemaData schemaUrl="#cikti_dsimgi">
		<SimpleData name="OBJECTID">589</SimpleData>
		<SimpleData name="HAVZA_NO">21</SimpleData>
		<SimpleData name="IST_NO">21-027</SimpleData>
		<SimpleData name="IST_AD">Kiziltepe Sürekli</SimpleData>
		<SimpleData name="IST_TIP">MGI</SimpleData>
		<SimpleData name="BOLGE_NO">10</SimpleData>
		<SimpleData name="RASAT_TIP">YB</SimpleData>
		<SimpleData name="ILI">Mardin</SimpleData>
		<SimpleData name="ILCESI">Kiziltepe</SimpleData>
		<SimpleData name="IST_KOT">432</SimpleData>
		<SimpleData name="DURUMU">A</SimpleData>
		<SimpleData name="IST_AC">1964/10/05 00:00:00</SimpleData>
		<SimpleData name="P25_PNO">N44-c2</SimpleData>
		<SimpleData name="CKS_BOYLAM">40:23:57</SimpleData>
		<SimpleData name="CKS_ENLEM">37:11:49</SimpleData>
		<SimpleData name="UTM_ZONE">37</SimpleData>
		<SimpleData name="UTMY">0</SimpleData>
		<SimpleData name="UTMX">0</SimpleData>
		<SimpleData name="COORH_X">1569419.125</SimpleData>
	</SchemaData></ExtendedData>
      <Point><coordinates>40.399037372589,37.1959294169725</coordinates></Point>
  </Placemark>
  <Placemark id="cikti_dsimgi.590">
	<ExtendedData><SchemaData schemaUrl="#cikti_dsimgi">
		<SimpleData name="OBJECTID">590</SimpleData>
		<SimpleData name="HAVZA_NO">21</SimpleData>
		<SimpleData name="IST_NO">21-028</SimpleData>
		<SimpleData name="IST_AD">Saribahçe</SimpleData>
		<SimpleData name="IST_TIP">MGI</SimpleData>
		<SimpleData name="BOLGE_NO">17</SimpleData>
		<SimpleData name="RASAT_TIP">YB</SimpleData>
		<SimpleData name="ILI">Mus</SimpleData>
		<SimpleData name="ILCESI">Saribahçe</SimpleData>
		<SimpleData name="IST_KOT">1270</SimpleData>
		<SimpleData name="DURUMU">K</SimpleData>
		<SimpleData name="IST_AC">1963/07/15 00:00:00</SimpleData>
		<SimpleData name="IST_KAP">1968/08/25 00:00:00</SimpleData>
		<SimpleData name="CKS_BOYLAM">41:47:00</SimpleData>
		<SimpleData name="CKS_ENLEM">38:39:00</SimpleData>
		<SimpleData name="UTM_ZONE">0</SimpleData>
		<SimpleData name="UTMY">0</SimpleData>
		<SimpleData name="UTMX">0</SimpleData>
		<SimpleData name="COORH_X">1677603.25</SimpleData>
	</SchemaData></ExtendedData>
      <Point><coordinates>41.7832350302423,38.6490194474925</coordinates></Point>
  </Placemark>
  <Placemark id="cikti_dsimgi.591">
	<ExtendedData><SchemaData schemaUrl="#cikti_dsimgi">
		<SimpleData name="OBJECTID">591</SimpleData>
		<SimpleData name="HAVZA_NO">21</SimpleData>
		<SimpleData name="IST_NO">21-029</SimpleData>
		<SimpleData name="IST_AD">Serefli</SimpleData>
		<SimpleData name="IST_TIP">MGI</SimpleData>
		<SimpleData name="BOLGE_NO">20</SimpleData>
		<SimpleData name="RASAT_TIP">YB</SimpleData>
		<SimpleData name="ILI">Adiyaman</SimpleData>
		<SimpleData name="ILCESI">Merkez</SimpleData>
		<SimpleData name="IST_KOT">800</SimpleData>
		<SimpleData name="DURUMU">A</SimpleData>
		<SimpleData name="IST_AC">1963/10/15 00:00:00</SimpleData>
		<SimpleData name="CKS_BOYLAM">38:08:00</SimpleData>
		<SimpleData name="CKS_ENLEM">37:47:00</SimpleData>
		<SimpleData name="UTM_ZONE">0</SimpleData>
		<SimpleData name="UTMY">0</SimpleData>
		<SimpleData name="UTMX">0</SimpleData>
		<SimpleData name="COORH_X">1364848</SimpleData>
	</SchemaData></ExtendedData>
      <Point><coordinates>38.1331438485018,37.7823252117455</coordinates></Point>
  </Placemark>
  <Placemark id="cikti_dsimgi.592">
	<ExtendedData><SchemaData schemaUrl="#cikti_dsimgi">
		<SimpleData name="OBJECTID">592</SimpleData>
		<SimpleData name="HAVZA_NO">21</SimpleData>
		<SimpleData name="IST_NO">21-030</SimpleData>
		<SimpleData name="IST_AD">Yünlüce</SimpleData>
		<SimpleData name="IST_TIP">MGI</SimpleData>
		<SimpleData name="BOLGE_NO">09</SimpleData>
		<SimpleData name="RASAT_TIP">YB</SimpleData>
		<SimpleData name="ILI">Elazig</SimpleData>
		<SimpleData name="ILCESI">Merkez</SimpleData>
		<SimpleData name="IST_KOT">860</SimpleData>
		<SimpleData name="DURUMU">K</SimpleData>
		<SimpleData name="IST_AC">1960/08/27 00:00:00</SimpleData>
		<SimpleData name="IST_KAP">1970/01/01 00:00:00</SimpleData>
		<SimpleData name="CKS_BOYLAM">29:23:00</SimpleData>
		<SimpleData name="CKS_ENLEM">38:36:00</SimpleData>
		<SimpleData name="UTM_ZONE">0</SimpleData>
		<SimpleData name="UTMY">0</SimpleData>
		<SimpleData name="UTMX">0</SimpleData>
		<SimpleData name="COORH_X">597422.4375</SimpleData>
	</SchemaData></ExtendedData>
      <Point><coordinates>29.3829187255368,38.5989772146804</coordinates></Point>
  </Placemark>
  <Placemark id="cikti_dsimgi.593">
	<ExtendedData><SchemaData schemaUrl="#cikti_dsimgi">
		<SimpleData name="OBJECTID">593</SimpleData>
		<SimpleData name="HAVZA_NO">21</SimpleData>
		<SimpleData name="IST_NO">21-032</SimpleData>
		<SimpleData name="IST_AD">Zagfiran</SimpleData>
		<SimpleData name="IST_TIP">MGI</SimpleData>
		<SimpleData name="BOLGE_NO">09</SimpleData>
		<SimpleData name="RASAT_TIP">Y</SimpleData>
		<SimpleData name="ILI">Elazig</SimpleData>
		<SimpleData name="ILCESI">Merkez</SimpleData>
		<SimpleData name="IST_KOT">1180</SimpleData>
		<SimpleData name="DURUMU">K</SimpleData>
		<SimpleData name="IST_AC">1961/10/19 00:00:00</SimpleData>
		<SimpleData name="IST_KAP">1969/02/28 00:00:00</SimpleData>
		<SimpleData name="CKS_BOYLAM">39:14:00</SimpleData>
		<SimpleData name="CKS_ENLEM">38:42:00</SimpleData>
		<SimpleData name="UTM_ZONE">0</SimpleData>
		<SimpleData name="UTMY">0</SimpleData>
		<SimpleData name="UTMX">0</SimpleData>
		<SimpleData name="COORH_X">1455609.375</SimpleData>
	</SchemaData></ExtendedData>
      <Point><coordinates>39.2331683392089,38.6990148916914</coordinates></Point>
  </Placemark>
  <Placemark id="cikti_dsimgi.594">
	<ExtendedData><SchemaData schemaUrl="#cikti_dsimgi">
		<SimpleData name="OBJECTID">594</SimpleData>
		<SimpleData name="HAVZA_NO">21</SimpleData>
		<SimpleData name="IST_NO">21-033</SimpleData>
		<SimpleData name="IST_AD">Seyrandere</SimpleData>
		<SimpleData name="IST_TIP">MGI</SimpleData>
		<SimpleData name="BOLGE_NO">09</SimpleData>
		<SimpleData name="RASAT_TIP">Y</SimpleData>
		<SimpleData name="ILI">Elazig</SimpleData>
		<SimpleData name="ILCESI">Merkez</SimpleData>
		<SimpleData name="IST_KOT">1295</SimpleData>
		<SimpleData name="DURUMU">K</SimpleData>
		<SimpleData name="IST_AC">1961/11/19 00:00:00</SimpleData>
		<SimpleData name="IST_KAP">1969/02/28 00:00:00</SimpleData>
		<SimpleData name="CKS_BOYLAM">39:15:00</SimpleData>
		<SimpleData name="CKS_ENLEM">38:43:00</SimpleData>
		<SimpleData name="UTM_ZONE">0</SimpleData>
		<SimpleData name="UTMY">0</SimpleData>
		<SimpleData name="UTMX">0</SimpleData>
		<SimpleData name="COORH_X">1456945</SimpleData>
	</SchemaData></ExtendedData>
      <Point><coordinates>39.2498353781943,38.7156819724217</coordinates></Point>
  </Placemark>
  <Placemark id="cikti_dsimgi.595">
	<ExtendedData><SchemaData schemaUrl="#cikti_dsimgi">
		<SimpleData name="OBJECTID">595</SimpleData>
		<SimpleData name="HAVZA_NO">21</SimpleData>
		<SimpleData name="IST_NO">21-034</SimpleData>
		<SimpleData name="IST_AD">Hasköy</SimpleData>
		<SimpleData name="IST_TIP">MGI</SimpleData>
		<SimpleData name="BOLGE_NO">17</SimpleData>
		<SimpleData name="RASAT_TIP">YB</SimpleData>
		<SimpleData name="ILI">Mus</SimpleData>
		<SimpleData name="ILCESI">Merkez</SimpleData>
		<SimpleData name="IST_KOT">1258</SimpleData>
		<SimpleData name="DURUMU">A</SimpleData>
		<SimpleData name="IST_AC">1969/12/08 00:00:00</SimpleData>
		<SimpleData name="P25_PNO">K47-d2</SimpleData>
		<SimpleData name="CKS_BOYLAM">41:41:23</SimpleData>
		<SimpleData name="CKS_ENLEM">38:40:42</SimpleData>
		<SimpleData name="UTM_ZONE">37</SimpleData>
		<SimpleData name="UTMY">0</SimpleData>
		<SimpleData name="UTMX">0</SimpleData>
		<SimpleData name="COORH_X">1669193.25</SimpleData>
	</SchemaData></ExtendedData>
      <Point><coordinates>41.6896214199547,38.6773532301079</coordinates></Point>
  </Placemark>
  <Placemark id="cikti_dsimgi.596">
	<ExtendedData><SchemaData schemaUrl="#cikti_dsimgi">
		<SimpleData name="OBJECTID">596</SimpleData>
		<SimpleData name="HAVZA_NO">21</SimpleData>
		<SimpleData name="IST_NO">21-035</SimpleData>
		<SimpleData name="IST_AD">Yazihan</SimpleData>
		<SimpleData name="IST_TIP">MGI</SimpleData>
		<SimpleData name="BOLGE_NO">09</SimpleData>
		<SimpleData name="RASAT_TIP">YB</SimpleData>
		<SimpleData name="ILI">Malatya</SimpleData>
		<SimpleData name="ILCESI">Merkez</SimpleData>
		<SimpleData name="IST_KOT">835</SimpleData>
		<SimpleData name="DURUMU">K</SimpleData>
		<SimpleData name="IST_AC">1962/12/06 00:00:00</SimpleData>
		<SimpleData name="IST_KAP">1968/08/11 00:00:00</SimpleData>
		<SimpleData name="CKS_BOYLAM">38:12:00</SimpleData>
		<SimpleData name="CKS_ENLEM">38:37:00</SimpleData>
		<SimpleData name="UTM_ZONE">0</SimpleData>
		<SimpleData name="UTMY">0</SimpleData>
		<SimpleData name="UTMX">0</SimpleData>
		<SimpleData name="COORH_X">1366183.5</SimpleData>
	</SchemaData></ExtendedData>
      <Point><coordinates>38.1998086061996,38.6156769535013</coordinates></Point>
  </Placemark>
  <Placemark id="cikti_dsimgi.597">
	<ExtendedData><SchemaData schemaUrl="#cikti_dsimgi">
		<SimpleData name="OBJECTID">597</SimpleData>
		<SimpleData name="HAVZA_NO">21</SimpleData>
		<SimpleData name="IST_NO">21-036</SimpleData>
		<SimpleData name="IST_AD">Zerdanli</SimpleData>
		<SimpleData name="IST_TIP">MGI</SimpleData>
		<SimpleData name="BOLGE_NO">09</SimpleData>
		<SimpleData name="RASAT_TIP">Y</SimpleData>
		<SimpleData name="ILI">Malatya</SimpleData>
		<SimpleData name="ILCESI">Yesilyurt</SimpleData>
		<SimpleData name="IST_KOT">1400</SimpleData>
		<SimpleData name="DURUMU">K</SimpleData>
		<SimpleData name="IST_AC">1962/12/01 00:00:00</SimpleData>
		<SimpleData name="IST_KAP">1972/10/16 00:00:00</SimpleData>
		<SimpleData name="CKS_BOYLAM">38:07:00</SimpleData>
		<SimpleData name="CKS_ENLEM">38:11:00</SimpleData>
		<SimpleData name="UTM_ZONE">0</SimpleData>
		<SimpleData name="UTMY">0</SimpleData>
		<SimpleData name="UTMX">0</SimpleData>
		<SimpleData name="COORH_X">1361239.5</SimpleData>
	</SchemaData></ExtendedData>
      <Point><coordinates>38.1164750117349,38.1823338209004</coordinates></Point>
  </Placemark>
  <Placemark id="cikti_dsimgi.598">
	<ExtendedData><SchemaData schemaUrl="#cikti_dsimgi">
		<SimpleData name="OBJECTID">598</SimpleData>
		<SimpleData name="HAVZA_NO">21</SimpleData>
		<SimpleData name="IST_NO">21-037</SimpleData>
		<SimpleData name="IST_AD">Tasdamlar</SimpleData>
		<SimpleData name="IST_TIP">MGI</SimpleData>
		<SimpleData name="BOLGE_NO">09</SimpleData>
		<SimpleData name="RASAT_TIP">YB</SimpleData>
		<SimpleData name="ILI">Adiyaman</SimpleData>
		<SimpleData name="ILCESI">Çelikhan</SimpleData>
		<SimpleData name="IST_KOT">1400</SimpleData>
		<SimpleData name="DURUMU">A</SimpleData>
		<SimpleData name="IST_AC">1962/12/01 00:00:00</SimpleData>
		<SimpleData name="P25_PNO">l40-c4</SimpleData>
		<SimpleData name="CKS_BOYLAM">38:20:00</SimpleData>
		<SimpleData name="CKS_ENLEM">38:05:09</SimpleData>
		<SimpleData name="UTM_ZONE">37</SimpleData>
		<SimpleData name="UTMY">0</SimpleData>
		<SimpleData name="UTMX">0</SimpleData>
		<SimpleData name="COORH_X">1380784.875</SimpleData>
	</SchemaData></ExtendedData>
      <Point><coordinates>38.3331476882141,38.0848322671752</coordinates></Point>
  </Placemark>
  <Placemark id="cikti_dsimgi.599">
	<ExtendedData><SchemaData schemaUrl="#cikti_dsimgi">
		<SimpleData name="OBJECTID">599</SimpleData>
		<SimpleData name="HAVZA_NO">21</SimpleData>
		<SimpleData name="IST_NO">21-038</SimpleData>
		<SimpleData name="IST_AD">Düzbag (Helete)</SimpleData>
		<SimpleData name="IST_TIP">MGI</SimpleData>
		<SimpleData name="BOLGE_NO">20</SimpleData>
		<SimpleData name="RASAT_TIP">YB</SimpleData>
		<SimpleData name="ILI">K.Maras</SimpleData>
		<SimpleData name="ILCESI">Pazarcik</SimpleData>
		<SimpleData name="IST_KOT">930</SimpleData>
		<SimpleData name="DURUMU">K</SimpleData>
		<SimpleData name="IST_AC">1962/12/05 00:00:00</SimpleData>
		<SimpleData name="IST_KAP">1972/11/30 00:00:00</SimpleData>
		<SimpleData name="CKS_BOYLAM">37:29:00</SimpleData>
		<SimpleData name="CKS_ENLEM">37:47:00</SimpleData>
		<SimpleData name="UTM_ZONE">0</SimpleData>
		<SimpleData name="UTMY">0</SimpleData>
		<SimpleData name="UTMX">0</SimpleData>
		<SimpleData name="COORH_X">1307507.375</SimpleData>
	</SchemaData></ExtendedData>
      <Point><coordinates>37.4831272810229,37.7823233802067</coordinates></Point>
  </Placemark>
  <Placemark id="cikti_dsimgi.600">
	<ExtendedData><SchemaData schemaUrl="#cikti_dsimgi">
		<SimpleData name="OBJECTID">600</SimpleData>
		<SimpleData name="HAVZA_NO">21</SimpleData>
		<SimpleData name="IST_NO">21-040</SimpleData>
		<SimpleData name="IST_AD">Yanginköy</SimpleData>
		<SimpleData name="IST_TIP">MGI</SimpleData>
		<SimpleData name="BOLGE_NO">17</SimpleData>
		<SimpleData name="RASAT_TIP">Y</SimpleData>
		<SimpleData name="ILI">Mus</SimpleData>
		<SimpleData name="ILCESI">Merkez</SimpleData>
		<SimpleData name="IST_KOT">1300</SimpleData>
		<SimpleData name="DURUMU">K</SimpleData>
		<SimpleData name="IST_AC">1963/07/19 00:00:00</SimpleData>
		<SimpleData name="IST_KAP">1968/08/01 00:00:00</SimpleData>
		<SimpleData name="CKS_BOYLAM">41:20:00</SimpleData>
		<SimpleData name="CKS_ENLEM">38:53:00</SimpleData>
		<SimpleData name="UTM_ZONE">0</SimpleData>
		<SimpleData name="UTMY">0</SimpleData>
		<SimpleData name="UTMX">0</SimpleData>
		<SimpleData name="COORH_X">1636307</SimpleData>
	</SchemaData></ExtendedData>
      <Point><coordinates>41.3332225105753,38.8823571630122</coordinates></Point>
  </Placemark>
  <Placemark id="cikti_dsimgi.601">
	<ExtendedData><SchemaData schemaUrl="#cikti_dsimgi">
		<SimpleData name="OBJECTID">601</SimpleData>
		<SimpleData name="HAVZA_NO">21</SimpleData>
		<SimpleData name="IST_NO">21-041</SimpleData>
		<SimpleData name="IST_AD">Kirköy</SimpleData>
		<SimpleData name="IST_TIP">MGI</SimpleData>
		<SimpleData name="BOLGE_NO">17</SimpleData>
		<SimpleData name="RASAT_TIP">YB</SimpleData>
		<SimpleData name="ILI">Mus</SimpleData>
		<SimpleData name="ILCESI">Merkez</SimpleData>
		<SimpleData name="IST_KOT">1340</SimpleData>
		<SimpleData name="DURUMU">K</SimpleData>
		<SimpleData name="IST_AC">1963/07/17 00:00:00</SimpleData>
		<SimpleData name="IST_KAP">1972/10/31 00:00:00</SimpleData>
		<SimpleData name="CKS_BOYLAM">41:43:00</SimpleData>
		<SimpleData name="CKS_ENLEM">38:49:00</SimpleData>
		<SimpleData name="UTM_ZONE">0</SimpleData>
		<SimpleData name="UTMY">0</SimpleData>
		<SimpleData name="UTMX">0</SimpleData>
		<SimpleData name="COORH_X">1670147.625</SimpleData>
	</SchemaData></ExtendedData>
      <Point><coordinates>41.7165660979529,38.8156897784385</coordinates></Point>
  </Placemark>
  <Placemark id="cikti_dsimgi.602">
	<ExtendedData><SchemaData schemaUrl="#cikti_dsimgi">
		<SimpleData name="OBJECTID">602</SimpleData>
		<SimpleData name="HAVZA_NO">21</SimpleData>
		<SimpleData name="IST_NO">21-042</SimpleData>
		<SimpleData name="IST_AD">Semikomu</SimpleData>
		<SimpleData name="IST_TIP">MGI</SimpleData>
		<SimpleData name="BOLGE_NO">08</SimpleData>
		<SimpleData name="RASAT_TIP">Y</SimpleData>
		<SimpleData name="ILI">Agri</SimpleData>
		<SimpleData name="ILCESI">Tasliçay</SimpleData>
		<SimpleData name="IST_KOT">2300</SimpleData>
		<SimpleData name="DURUMU">K</SimpleData>
		<SimpleData name="IST_AC">1963/10/14 00:00:00</SimpleData>
		<SimpleData name="IST_KAP">1972/10/01 00:00:00</SimpleData>
		<SimpleData name="CKS_BOYLAM">43:20:00</SimpleData>
		<SimpleData name="CKS_ENLEM">39:26:00</SimpleData>
		<SimpleData name="UTM_ZONE">0</SimpleData>
		<SimpleData name="UTMY">0</SimpleData>
		<SimpleData name="UTMX">0</SimpleData>
		<SimpleData name="COORH_X">1802582</SimpleData>
	</SchemaData></ExtendedData>
      <Point><coordinates>43.3332735982967,39.4323735689511</coordinates></Point>
  </Placemark>
  <Placemark id="cikti_dsimgi.603">
	<ExtendedData><SchemaData schemaUrl="#cikti_dsimgi">
		<SimpleData name="OBJECTID">603</SimpleData>
		<SimpleData name="HAVZA_NO">21</SimpleData>
		<SimpleData name="IST_NO">21-043</SimpleData>
		<SimpleData name="IST_AD">Göltepe (Piran)</SimpleData>
		<SimpleData name="IST_TIP">MGI</SimpleData>
		<SimpleData name="BOLGE_NO">17</SimpleData>
		<SimpleData name="RASAT_TIP">YB</SimpleData>
		<SimpleData name="ILI">Mus</SimpleData>
		<SimpleData name="ILCESI">Bulanik</SimpleData>
		<SimpleData name="IST_KOT">1600</SimpleData>
		<SimpleData name="DURUMU">K</SimpleData>
		<SimpleData name="IST_AC">1964/10/23 00:00:00</SimpleData>
		<SimpleData name="IST_KAP">1980/07/31 00:00:00</SimpleData>
		<SimpleData name="CKS_BOYLAM">42:18:00</SimpleData>
		<SimpleData name="CKS_ENLEM">38:58:00</SimpleData>
		<SimpleData name="UTM_ZONE">0</SimpleData>
		<SimpleData name="UTMY">0</SimpleData>
		<SimpleData name="UTMX">0</SimpleData>
		<SimpleData name="COORH_X">1719039.875</SimpleData>
	</SchemaData></ExtendedData>
      <Point><coordinates>42.299914288868,38.9656942775361</coordinates></Point>
  </Placemark>
  <Placemark id="cikti_dsimgi.604">
	<ExtendedData><SchemaData schemaUrl="#cikti_dsimgi">
		<SimpleData name="OBJECTID">604</SimpleData>
		<SimpleData name="HAVZA_NO">21</SimpleData>
		<SimpleData name="IST_NO">21-044</SimpleData>
		<SimpleData name="IST_AD">Yolgözler (Agdat)</SimpleData>
		<SimpleData name="IST_TIP">MGI</SimpleData>
		<SimpleData name="BOLGE_NO">17</SimpleData>
		<SimpleData name="RASAT_TIP">Y</SimpleData>
		<SimpleData name="ILI">Mus</SimpleData>
		<SimpleData name="ILCESI">Bulanik</SimpleData>
		<SimpleData name="IST_KOT">1685</SimpleData>
		<SimpleData name="DURUMU">K</SimpleData>
		<SimpleData name="IST_AC">1964/10/28 00:00:00</SimpleData>
		<SimpleData name="IST_KAP">1975/07/31 00:00:00</SimpleData>
		<SimpleData name="CKS_BOYLAM">42:01:00</SimpleData>
		<SimpleData name="CKS_ENLEM">38:42:00</SimpleData>
		<SimpleData name="UTM_ZONE">0</SimpleData>
		<SimpleData name="UTMY">0</SimpleData>
		<SimpleData name="UTMX">0</SimpleData>
		<SimpleData name="COORH_X">1697338.625</SimpleData>
	</SchemaData></ExtendedData>
      <Point><coordinates>42.0165743394506,38.6990210449461</coordinates></Point>
  </Placemark>
  <Placemark id="cikti_dsimgi.605">
	<ExtendedData><SchemaData schemaUrl="#cikti_dsimgi">
		<SimpleData name="OBJECTID">605</SimpleData>
		<SimpleData name="HAVZA_NO">21</SimpleData>
		<SimpleData name="IST_NO">21-045</SimpleData>
		<SimpleData name="IST_AD">Sürgü Baraji</SimpleData>
		<SimpleData name="IST_TIP">MGI</SimpleData>
		<SimpleData name="BOLGE_NO">09</SimpleData>
		<SimpleData name="RASAT_TIP">YB</SimpleData>
		<SimpleData name="ILI">Malatya</SimpleData>
		<SimpleData name="ILCESI">Dogansehir</SimpleData>
		<SimpleData name="IST_KOT">1325</SimpleData>
		<SimpleData name="DURUMU">A</SimpleData>
		<SimpleData name="IST_AC">1971/10/30 00:00:00</SimpleData>
		<SimpleData name="P25_PNO">l39-c3</SimpleData>
		<SimpleData name="CKS_BOYLAM">37:53:07.62</SimpleData>
		<SimpleData name="CKS_ENLEM">38:02:31.98</SimpleData>
		<SimpleData name="UTM_ZONE">37</SimpleData>
		<SimpleData name="UTMY">0</SimpleData>
		<SimpleData name="UTMX">0</SimpleData>
		<SimpleData name="COORH_X">1341662.75</SimpleData>
	</SchemaData></ExtendedData>
      <Point><coordinates>37.8850808451614,38.0409412033693</coordinates></Point>
  </Placemark>
  <Placemark id="cikti_dsimgi.606">
	<ExtendedData><SchemaData schemaUrl="#cikti_dsimgi">
		<SimpleData name="OBJECTID">606</SimpleData>
		<SimpleData name="HAVZA_NO">21</SimpleData>
		<SimpleData name="IST_NO">21-047</SimpleData>
		<SimpleData name="IST_AD">Bucak</SimpleData>
		<SimpleData name="IST_TIP">MGI</SimpleData>
		<SimpleData name="BOLGE_NO">15</SimpleData>
		<SimpleData name="RASAT_TIP">Y</SimpleData>
		<SimpleData name="ILI">Sanliurfa</SimpleData>
		<SimpleData name="ILCESI">Merkez</SimpleData>
		<SimpleData name="IST_KOT">655</SimpleData>
		<SimpleData name="DURUMU">K</SimpleData>
		<SimpleData name="IST_AC">1965/05/13 00:00:00</SimpleData>
		<SimpleData name="IST_KAP">1972/07/22 00:00:00</SimpleData>
		<SimpleData name="CKS_BOYLAM">39:06:00</SimpleData>
		<SimpleData name="CKS_ENLEM">37:57:00</SimpleData>
		<SimpleData name="UTM_ZONE">0</SimpleData>
		<SimpleData name="UTMY">0</SimpleData>
		<SimpleData name="UTMX">0</SimpleData>
		<SimpleData name="COORH_X">1448980.25</SimpleData>
	</SchemaData></ExtendedData>
      <Point><coordinates>39.0998346141286,37.9489979922043</coordinates></Point>
  </Placemark>
  <Placemark id="cikti_dsimgi.607">
	<ExtendedData><SchemaData schemaUrl="#cikti_dsimgi">
		<SimpleData name="OBJECTID">607</SimpleData>
		<SimpleData name="HAVZA_NO">21</SimpleData>
		<SimpleData name="IST_NO">21-048</SimpleData>
		<SimpleData name="IST_AD">Konakkuran</SimpleData>
		<SimpleData name="IST_TIP">MGI</SimpleData>
		<SimpleData name="BOLGE_NO">08</SimpleData>
		<SimpleData name="RASAT_TIP">Y</SimpleData>
		<SimpleData name="ILI">Mus</SimpleData>
		<SimpleData name="ILCESI">Derinkuyu</SimpleData>
		<SimpleData name="IST_KOT">1535</SimpleData>
		<SimpleData name="DURUMU">K</SimpleData>
		<SimpleData name="IST_AC">1965/07/05 00:00:00</SimpleData>
		<SimpleData name="IST_KAP">1969/10/01 00:00:00</SimpleData>
		<SimpleData name="CKS_BOYLAM">42:31:00</SimpleData>
		<SimpleData name="CKS_ENLEM">39:17:00</SimpleData>
		<SimpleData name="UTM_ZONE">0</SimpleData>
		<SimpleData name="UTMY">0</SimpleData>
		<SimpleData name="UTMX">0</SimpleData>
		<SimpleData name="COORH_X">1734254.125</SimpleData>
	</SchemaData></ExtendedData>
      <Point><coordinates>42.5165857237015,39.2823686525008</coordinates></Point>
  </Placemark>
  <Placemark id="cikti_dsimgi.608">
	<ExtendedData><SchemaData schemaUrl="#cikti_dsimgi">
		<SimpleData name="OBJECTID">608</SimpleData>
		<SimpleData name="HAVZA_NO">21</SimpleData>
		<SimpleData name="IST_NO">21-049</SimpleData>
		<SimpleData name="IST_AD">Suduragi</SimpleData>
		<SimpleData name="IST_TIP">MGI</SimpleData>
		<SimpleData name="BOLGE_NO">09</SimpleData>
		<SimpleData name="RASAT_TIP">Y</SimpleData>
		<SimpleData name="ILI">Bingöl</SimpleData>
		<SimpleData name="ILCESI">Karliova</SimpleData>
		<SimpleData name="IST_KOT">1625</SimpleData>
		<SimpleData name="DURUMU">K</SimpleData>
		<SimpleData name="IST_AC">1965/06/24 00:00:00</SimpleData>
		<SimpleData name="IST_KAP">1972/10/16 00:00:00</SimpleData>
		<SimpleData name="CKS_BOYLAM">40:52:00</SimpleData>
		<SimpleData name="CKS_ENLEM">39:08:00</SimpleData>
		<SimpleData name="UTM_ZONE">0</SimpleData>
		<SimpleData name="UTMY">0</SimpleData>
		<SimpleData name="UTMX">0</SimpleData>
		<SimpleData name="COORH_X">1593678.625</SimpleData>
	</SchemaData></ExtendedData>
      <Point><coordinates>40.8665427240437,39.1323619056279</coordinates></Point>
  </Placemark>
  <Placemark id="cikti_dsimgi.609">
	<ExtendedData><SchemaData schemaUrl="#cikti_dsimgi">
		<SimpleData name="OBJECTID">609</SimpleData>
		<SimpleData name="HAVZA_NO">21</SimpleData>
		<SimpleData name="IST_NO">21-050</SimpleData>
		<SimpleData name="IST_AD">Koçyatagi (Mihar)</SimpleData>
		<SimpleData name="IST_TIP">MGI</SimpleData>
		<SimpleData name="BOLGE_NO">08</SimpleData>
		<SimpleData name="RASAT_TIP">Y</SimpleData>
		<SimpleData name="ILI">Erzincan</SimpleData>
		<SimpleData name="ILCESI">Merkez</SimpleData>
		<SimpleData name="IST_KOT">1935</SimpleData>
		<SimpleData name="DURUMU">K</SimpleData>
		<SimpleData name="IST_AC">1965/06/17 00:00:00</SimpleData>
		<SimpleData name="IST_KAP">1972/10/01 00:00:00</SimpleData>
		<SimpleData name="CKS_BOYLAM">39:12:00</SimpleData>
		<SimpleData name="CKS_ENLEM">39:54:00</SimpleData>
		<SimpleData name="UTM_ZONE">0</SimpleData>
		<SimpleData name="UTMY">0</SimpleData>
		<SimpleData name="UTMX">0</SimpleData>
		<SimpleData name="COORH_X">1444617.5</SimpleData>
	</SchemaData></ExtendedData>
      <Point><coordinates>39.1998290775316,39.899042491393</coordinates></Point>
  </Placemark>
  <Placemark id="cikti_dsimgi.610">
	<ExtendedData><SchemaData schemaUrl="#cikti_dsimgi">
		<SimpleData name="OBJECTID">610</SimpleData>
		<SimpleData name="HAVZA_NO">21</SimpleData>
		<SimpleData name="IST_NO">21-051</SimpleData>
		<SimpleData name="IST_AD">Bayirüstü</SimpleData>
		<SimpleData name="IST_TIP">MGI</SimpleData>
		<SimpleData name="BOLGE_NO">19</SimpleData>
		<SimpleData name="RASAT_TIP">YB</SimpleData>
		<SimpleData name="ILI">Sivas</SimpleData>
		<SimpleData name="ILCESI">Sarkisla</SimpleData>
		<SimpleData name="IST_KOT">1430</SimpleData>
		<SimpleData name="DURUMU">K</SimpleData>
		<SimpleData name="IST_AC">1965/07/10 00:00:00</SimpleData>
		<SimpleData name="IST_KAP">1972/12/20 00:00:00</SimpleData>
		<SimpleData name="CKS_BOYLAM">38:12:00</SimpleData>
		<SimpleData name="CKS_ENLEM">39:15:00</SimpleData>
		<SimpleData name="UTM_ZONE">0</SimpleData>
		<SimpleData name="UTMY">0</SimpleData>
		<SimpleData name="UTMX">0</SimpleData>
		<SimpleData name="COORH_X">1362732</SimpleData>
	</SchemaData></ExtendedData>
      <Point><coordinates>38.1998057393614,39.2490246305411</coordinates></Point>
  </Placemark>
  <Placemark id="cikti_dsimgi.611">
	<ExtendedData><SchemaData schemaUrl="#cikti_dsimgi">
		<SimpleData name="OBJECTID">611</SimpleData>
		<SimpleData name="HAVZA_NO">21</SimpleData>
		<SimpleData name="IST_NO">21-052</SimpleData>
		<SimpleData name="IST_AD">Demirsaban (Ziyurt)</SimpleData>
		<SimpleData name="IST_TIP">MGI</SimpleData>
		<SimpleData name="BOLGE_NO">09</SimpleData>
		<SimpleData name="RASAT_TIP">Y</SimpleData>
		<SimpleData name="ILI">Tunceli</SimpleData>
		<SimpleData name="ILCESI">Pertek</SimpleData>
		<SimpleData name="IST_KOT">1105</SimpleData>
		<SimpleData name="DURUMU">A</SimpleData>
		<SimpleData name="IST_AC">1967/10/13 00:00:00</SimpleData>
		<SimpleData name="P25_PNO">k42-a2</SimpleData>
		<SimpleData name="CKS_BOYLAM">39:12:15.00</SimpleData>
		<SimpleData name="CKS_ENLEM">38:56:00.00</SimpleData>
		<SimpleData name="UTM_ZONE">37</SimpleData>
		<SimpleData name="UTMY">0</SimpleData>
		<SimpleData name="UTMX">0</SimpleData>
		<SimpleData name="COORH_X">1451497.75</SimpleData>
	</SchemaData></ExtendedData>
      <Point><coordinates>39.2039999688865,38.9323534074689</coordinates></Point>
  </Placemark>
  <Placemark id="cikti_dsimgi.612">
	<ExtendedData><SchemaData schemaUrl="#cikti_dsimgi">
		<SimpleData name="OBJECTID">612</SimpleData>
		<SimpleData name="HAVZA_NO">21</SimpleData>
		<SimpleData name="IST_NO">21-053</SimpleData>
		<SimpleData name="IST_AD">Y.Budak</SimpleData>
		<SimpleData name="IST_TIP">MGI</SimpleData>
		<SimpleData name="BOLGE_NO">09</SimpleData>
		<SimpleData name="RASAT_TIP">YB</SimpleData>
		<SimpleData name="ILI">Tunceli</SimpleData>
		<SimpleData name="ILCESI">Çemisgezek</SimpleData>
		<SimpleData name="IST_KOT">930</SimpleData>
		<SimpleData name="DURUMU">K</SimpleData>
		<SimpleData name="IST_AC">1967/09/25 00:00:00</SimpleData>
		<SimpleData name="IST_KAP">1972/10/16 00:00:00</SimpleData>
		<SimpleData name="CKS_BOYLAM">38:57:00</SimpleData>
		<SimpleData name="CKS_ENLEM">38:52:00</SimpleData>
		<SimpleData name="UTM_ZONE">0</SimpleData>
		<SimpleData name="UTMY">0</SimpleData>
		<SimpleData name="UTMX">0</SimpleData>
		<SimpleData name="COORH_X">1429900.375</SimpleData>
	</SchemaData></ExtendedData>
      <Point><coordinates>38.9498269458145,38.8656845624853</coordinates></Point>
  </Placemark>
  <Placemark id="cikti_dsimgi.613">
	<ExtendedData><SchemaData schemaUrl="#cikti_dsimgi">
		<SimpleData name="OBJECTID">613</SimpleData>
		<SimpleData name="HAVZA_NO">21</SimpleData>
		<SimpleData name="IST_NO">21-054</SimpleData>
		<SimpleData name="IST_AD">Cip Baraji</SimpleData>
		<SimpleData name="IST_TIP">MGI</SimpleData>
		<SimpleData name="BOLGE_NO">09</SimpleData>
		<SimpleData name="RASAT_TIP">Y</SimpleData>
		<SimpleData name="ILI">Elazig</SimpleData>
		<SimpleData name="ILCESI">Merkez</SimpleData>
		<SimpleData name="IST_KOT">1000</SimpleData>
		<SimpleData name="DURUMU">A</SimpleData>
		<SimpleData name="IST_AC">1969/04/01 00:00:00</SimpleData>
		<SimpleData name="P25_PNO">k42-d1</SimpleData>
		<SimpleData name="CKS_BOYLAM">39:04:14.10</SimpleData>
		<SimpleData name="CKS_ENLEM">38:40:51.12</SimpleData>
		<SimpleData name="UTM_ZONE">37</SimpleData>
		<SimpleData name="UTMY">0</SimpleData>
		<SimpleData name="UTMX">0</SimpleData>
		<SimpleData name="COORH_X">1441581</SimpleData>
	</SchemaData></ExtendedData>
      <Point><coordinates>39.0703864174323,38.6798473773468</coordinates></Point>
  </Placemark>
  <Placemark id="cikti_dsimgi.614">
	<ExtendedData><SchemaData schemaUrl="#cikti_dsimgi">
		<SimpleData name="OBJECTID">614</SimpleData>
		<SimpleData name="HAVZA_NO">21</SimpleData>
		<SimpleData name="IST_NO">21-055</SimpleData>
		<SimpleData name="IST_AD">DSI. Hazar Kampi</SimpleData>
		<SimpleData name="IST_TIP">MGI</SimpleData>
		<SimpleData name="BOLGE_NO">09</SimpleData>
		<SimpleData name="RASAT_TIP">YB</SimpleData>
		<SimpleData name="ILI">Elazig</SimpleData>
		<SimpleData name="ILCESI">Sivrice</SimpleData>
		<SimpleData name="IST_KOT">1250</SimpleData>
		<SimpleData name="DURUMU">A</SimpleData>
		<SimpleData name="IST_AC">1967/10/17 00:00:00</SimpleData>
		<SimpleData name="P25_PNO">l42-b1</SimpleData>
		<SimpleData name="CKS_BOYLAM">39:22:40.02</SimpleData>
		<SimpleData name="CKS_ENLEM">38:29:52.20</SimpleData>
		<SimpleData name="UTM_ZONE">37</SimpleData>
		<SimpleData name="UTMY">0</SimpleData>
		<SimpleData name="UTMX">0</SimpleData>
		<SimpleData name="COORH_X">1469579.375</SimpleData>
	</SchemaData></ExtendedData>
      <Point><coordinates>39.377617348875,38.4967884895417</coordinates></Point>
  </Placemark>
  <Placemark id="cikti_dsimgi.615">
	<ExtendedData><SchemaData schemaUrl="#cikti_dsimgi">
		<SimpleData name="OBJECTID">615</SimpleData>
		<SimpleData name="HAVZA_NO">21</SimpleData>
		<SimpleData name="IST_NO">21-057</SimpleData>
		<SimpleData name="IST_AD">Keysun (Çakirhüyük)</SimpleData>
		<SimpleData name="IST_TIP">MGI</SimpleData>
		<SimpleData name="BOLGE_NO">20</SimpleData>
		<SimpleData name="RASAT_TIP">YB</SimpleData>
		<SimpleData name="ILI">Adiyaman</SimpleData>
		<SimpleData name="ILCESI">Besni</SimpleData>
		<SimpleData name="IST_KOT">600</SimpleData>
		<SimpleData name="DURUMU">A</SimpleData>
		<SimpleData name="IST_AC">1973/08/01 00:00:00</SimpleData>
		<SimpleData name="CKS_BOYLAM">37:51:25</SimpleData>
		<SimpleData name="CKS_ENLEM">37:33:32</SimpleData>
		<SimpleData name="UTM_ZONE">37</SimpleData>
		<SimpleData name="UTMY">0</SimpleData>
		<SimpleData name="UTMX">0</SimpleData>
		<SimpleData name="COORH_X">1341593</SimpleData>
	</SchemaData></ExtendedData>
      <Point><coordinates>37.8567488814704,37.5578752138076</coordinates></Point>
  </Placemark>
  <Placemark id="cikti_dsimgi.616">
	<ExtendedData><SchemaData schemaUrl="#cikti_dsimgi">
		<SimpleData name="OBJECTID">616</SimpleData>
		<SimpleData name="HAVZA_NO">21</SimpleData>
		<SimpleData name="IST_NO">21-058</SimpleData>
		<SimpleData name="IST_AD">Karababa Brj.</SimpleData>
		<SimpleData name="IST_TIP">MGI</SimpleData>
		<SimpleData name="BOLGE_NO">15</SimpleData>
		<SimpleData name="RASAT_TIP">YB</SimpleData>
		<SimpleData name="ILI">Sanliurfa</SimpleData>
		<SimpleData name="ILCESI">Bozova</SimpleData>
		<SimpleData name="IST_KOT">555</SimpleData>
		<SimpleData name="DURUMU">K</SimpleData>
		<SimpleData name="IST_AC">1973/01/01 00:00:00</SimpleData>
		<SimpleData name="IST_KAP">1974/08/31 00:00:00</SimpleData>
		<SimpleData name="CKS_BOYLAM">38:21:00</SimpleData>
		<SimpleData name="CKS_ENLEM">37:27:00</SimpleData>
		<SimpleData name="UTM_ZONE">0</SimpleData>
		<SimpleData name="UTMY">0</SimpleData>
		<SimpleData name="UTMX">0</SimpleData>
		<SimpleData name="COORH_X">1385840.875</SimpleData>
	</SchemaData></ExtendedData>
      <Point><coordinates>38.34981748118,37.448985339445</coordinates></Point>
  </Placemark>
  <Placemark id="cikti_dsimgi.617">
	<ExtendedData><SchemaData schemaUrl="#cikti_dsimgi">
		<SimpleData name="OBJECTID">617</SimpleData>
		<SimpleData name="HAVZA_NO">21</SimpleData>
		<SimpleData name="IST_NO">21-060</SimpleData>
		<SimpleData name="IST_AD">Koruk</SimpleData>
		<SimpleData name="IST_TIP">MGI</SimpleData>
		<SimpleData name="BOLGE_NO">09</SimpleData>
		<SimpleData name="RASAT_TIP">YB</SimpleData>
		<SimpleData name="ILI">Elazig</SimpleData>
		<SimpleData name="ILCESI">Merkez</SimpleData>
		<SimpleData name="IST_KOT">1100</SimpleData>
		<SimpleData name="DURUMU">A</SimpleData>
		<SimpleData name="IST_AC">1975/07/01 00:00:00</SimpleData>
		<SimpleData name="P25_PNO">k42-a4</SimpleData>
		<SimpleData name="CKS_BOYLAM">39:00:48.12</SimpleData>
		<SimpleData name="CKS_ENLEM">38:49:27.78</SimpleData>
		<SimpleData name="UTM_ZONE">37</SimpleData>
		<SimpleData name="UTMY">0</SimpleData>
		<SimpleData name="UTMX">0</SimpleData>
		<SimpleData name="COORH_X">1435671</SimpleData>
	</SchemaData></ExtendedData>
      <Point><coordinates>39.0131621294806,38.8231837657941</coordinates></Point>
  </Placemark>
  <Placemark id="cikti_dsimgi.618">
	<ExtendedData><SchemaData schemaUrl="#cikti_dsimgi">
		<SimpleData name="OBJECTID">618</SimpleData>
		<SimpleData name="HAVZA_NO">21</SimpleData>
		<SimpleData name="IST_NO">21-061</SimpleData>
		<SimpleData name="IST_AD">Kalkankaya</SimpleData>
		<SimpleData name="IST_TIP">MGI</SimpleData>
		<SimpleData name="BOLGE_NO">09</SimpleData>
		<SimpleData name="RASAT_TIP">YB</SimpleData>
		<SimpleData name="ILI">Elazig</SimpleData>
		<SimpleData name="ILCESI">Karakoçan</SimpleData>
		<SimpleData name="IST_KOT">1230</SimpleData>
		<SimpleData name="DURUMU">K</SimpleData>
		<SimpleData name="IST_AC">1975/09/01 00:00:00</SimpleData>
		<SimpleData name="IST_KAP">1989/03/01 00:00:00</SimpleData>
		<SimpleData name="P25_PNO">k44-a1</SimpleData>
		<SimpleData name="CKS_BOYLAM">40:05:51.60</SimpleData>
		<SimpleData name="CKS_ENLEM">38:56:53.28</SimpleData>
		<SimpleData name="UTM_ZONE">37</SimpleData>
		<SimpleData name="UTMY">0</SimpleData>
		<SimpleData name="UTMX">0</SimpleData>
		<SimpleData name="COORH_X">1528762.75</SimpleData>
	</SchemaData></ExtendedData>
      <Point><coordinates>40.0973565504088,38.947078156473</coordinates></Point>
  </Placemark>
  <Placemark id="cikti_dsimgi.619">
	<ExtendedData><SchemaData schemaUrl="#cikti_dsimgi">
		<SimpleData name="OBJECTID">619</SimpleData>
		<SimpleData name="HAVZA_NO">21</SimpleData>
		<SimpleData name="IST_NO">21-062</SimpleData>
		<SimpleData name="IST_AD">Çakirtas</SimpleData>
		<SimpleData name="IST_TIP">MGI</SimpleData>
		<SimpleData name="BOLGE_NO">09</SimpleData>
		<SimpleData name="RASAT_TIP">YB</SimpleData>
		<SimpleData name="ILI">Erzincan</SimpleData>
		<SimpleData name="ILCESI">Kemaliye</SimpleData>
		<SimpleData name="IST_KOT">950</SimpleData>
		<SimpleData name="DURUMU">A</SimpleData>
		<SimpleData name="IST_AC">1975/07/04 00:00:00</SimpleData>
		<SimpleData name="P25_PNO">j41-d3</SimpleData>
		<SimpleData name="CKS_BOYLAM">38:43:16.80</SimpleData>
		<SimpleData name="CKS_ENLEM">39:03:58.62</SimpleData>
		<SimpleData name="UTM_ZONE">37</SimpleData>
		<SimpleData name="UTMY">0</SimpleData>
		<SimpleData name="UTMX">0</SimpleData>
		<SimpleData name="COORH_X">1408820.75</SimpleData>
	</SchemaData></ExtendedData>
      <Point><coordinates>38.7209312412003,39.0651329535525</coordinates></Point>
  </Placemark>
  <Placemark id="cikti_dsimgi.620">
	<ExtendedData><SchemaData schemaUrl="#cikti_dsimgi">
		<SimpleData name="OBJECTID">620</SimpleData>
		<SimpleData name="HAVZA_NO">21</SimpleData>
		<SimpleData name="IST_NO">21-063</SimpleData>
		<SimpleData name="IST_AD">Içme</SimpleData>
		<SimpleData name="IST_TIP">MGI</SimpleData>
		<SimpleData name="BOLGE_NO">09</SimpleData>
		<SimpleData name="RASAT_TIP">YB</SimpleData>
		<SimpleData name="ILI">Elazig</SimpleData>
		<SimpleData name="ILCESI">Merkez</SimpleData>
		<SimpleData name="IST_KOT">900</SimpleData>
		<SimpleData name="DURUMU">A</SimpleData>
		<SimpleData name="IST_AC">1975/07/16 00:00:00</SimpleData>
		<SimpleData name="P25_PNO">k43-d4</SimpleData>
		<SimpleData name="CKS_BOYLAM">39:32:10.74</SimpleData>
		<SimpleData name="CKS_ENLEM">38:37:18.78</SimpleData>
		<SimpleData name="UTM_ZONE">37</SimpleData>
		<SimpleData name="UTMY">0</SimpleData>
		<SimpleData name="UTMX">0</SimpleData>
		<SimpleData name="COORH_X">1482495.875</SimpleData>
	</SchemaData></ExtendedData>
      <Point><coordinates>39.5359543193255,38.6206805470051</coordinates></Point>
  </Placemark>
  <Placemark id="cikti_dsimgi.621">
	<ExtendedData><SchemaData schemaUrl="#cikti_dsimgi">
		<SimpleData name="OBJECTID">621</SimpleData>
		<SimpleData name="HAVZA_NO">21</SimpleData>
		<SimpleData name="IST_NO">21-064</SimpleData>
		<SimpleData name="IST_AD">Göktepe</SimpleData>
		<SimpleData name="IST_TIP">MGI</SimpleData>
		<SimpleData name="BOLGE_NO">09</SimpleData>
		<SimpleData name="RASAT_TIP">YB</SimpleData>
		<SimpleData name="ILI">Tunceli</SimpleData>
		<SimpleData name="ILCESI">Mazgirt</SimpleData>
		<SimpleData name="IST_KOT">900</SimpleData>
		<SimpleData name="DURUMU">A</SimpleData>
		<SimpleData name="IST_AC">1975/07/24 00:00:00</SimpleData>
		<SimpleData name="P25_PNO">k43-a1</SimpleData>
		<SimpleData name="CKS_BOYLAM">39:37:00.18</SimpleData>
		<SimpleData name="CKS_ENLEM">38:55:45.36</SimpleData>
		<SimpleData name="UTM_ZONE">37</SimpleData>
		<SimpleData name="UTMY">0</SimpleData>
		<SimpleData name="UTMX">0</SimpleData>
		<SimpleData name="COORH_X">1487265.875</SimpleData>
	</SchemaData></ExtendedData>
      <Point><coordinates>39.6165107428148,38.928187654945</coordinates></Point>
  </Placemark>
  <Placemark id="cikti_dsimgi.622">
	<ExtendedData><SchemaData schemaUrl="#cikti_dsimgi">
		<SimpleData name="OBJECTID">622</SimpleData>
		<SimpleData name="HAVZA_NO">21</SimpleData>
		<SimpleData name="IST_NO">21-065</SimpleData>
		<SimpleData name="IST_AD">Altinova (Vartiniz)</SimpleData>
		<SimpleData name="IST_TIP">MGI</SimpleData>
		<SimpleData name="BOLGE_NO">17</SimpleData>
		<SimpleData name="RASAT_TIP">YB</SimpleData>
		<SimpleData name="ILI">Mus</SimpleData>
		<SimpleData name="ILCESI">Merkez</SimpleData>
		<SimpleData name="IST_KOT">1290</SimpleData>
		<SimpleData name="DURUMU">A</SimpleData>
		<SimpleData name="IST_AC">1975/10/01 00:00:00</SimpleData>
		<SimpleData name="P25_PNO">K47-c2</SimpleData>
		<SimpleData name="CKS_BOYLAM">41:56:08</SimpleData>
		<SimpleData name="CKS_ENLEM">38:41:10</SimpleData>
		<SimpleData name="UTM_ZONE">37</SimpleData>
		<SimpleData name="UTMY">0</SimpleData>
		<SimpleData name="UTMX">0</SimpleData>
		<SimpleData name="COORH_X">1690446.375</SimpleData>
	</SchemaData></ExtendedData>
      <Point><coordinates>41.9354611379356,38.6851316629867</coordinates></Point>
  </Placemark>
  <Placemark id="cikti_dsimgi.623">
	<ExtendedData><SchemaData schemaUrl="#cikti_dsimgi">
		<SimpleData name="OBJECTID">623</SimpleData>
		<SimpleData name="HAVZA_NO">21</SimpleData>
		<SimpleData name="IST_NO">21-067</SimpleData>
		<SimpleData name="IST_AD">Hancagiz</SimpleData>
		<SimpleData name="IST_TIP">MGI</SimpleData>
		<SimpleData name="BOLGE_NO">20</SimpleData>
		<SimpleData name="RASAT_TIP">YB</SimpleData>
		<SimpleData name="ILI">Gaziantep</SimpleData>
		<SimpleData name="ILCESI">Nizip</SimpleData>
		<SimpleData name="IST_KOT">375</SimpleData>
		<SimpleData name="DURUMU">K</SimpleData>
		<SimpleData name="IST_AC">1982/01/01 00:00:00</SimpleData>
		<SimpleData name="IST_KAP">1997/09/01 00:00:00</SimpleData>
		<SimpleData name="CKS_BOYLAM">36:57:00</SimpleData>
		<SimpleData name="CKS_ENLEM">37:53:00</SimpleData>
		<SimpleData name="UTM_ZONE">0</SimpleData>
		<SimpleData name="UTMY">0</SimpleData>
		<SimpleData name="UTMX">0</SimpleData>
		<SimpleData name="COORH_X">1260062</SimpleData>
	</SchemaData></ExtendedData>
      <Point><coordinates>36.9497798679531,37.8823239859359</coordinates></Point>
  </Placemark>
  <Placemark id="cikti_dsimgi.624">
	<ExtendedData><SchemaData schemaUrl="#cikti_dsimgi">
		<SimpleData name="OBJECTID">624</SimpleData>
		<SimpleData name="HAVZA_NO">21</SimpleData>
		<SimpleData name="IST_NO">21-069</SimpleData>
		<SimpleData name="IST_AD">Tegmenli (Kahta)</SimpleData>
		<SimpleData name="IST_TIP">MGI</SimpleData>
		<SimpleData name="BOLGE_NO">20</SimpleData>
		<SimpleData name="RASAT_TIP">YB</SimpleData>
		<SimpleData name="ILI">Adiyaman</SimpleData>
		<SimpleData name="ILCESI">Kahta</SimpleData>
		<SimpleData name="IST_KOT">635</SimpleData>
		<SimpleData name="DURUMU">A</SimpleData>
		<SimpleData name="IST_AC">1981/01/01 00:00:00</SimpleData>
		<SimpleData name="CKS_BOYLAM">38:36:19</SimpleData>
		<SimpleData name="CKS_ENLEM">37:53:51</SimpleData>
		<SimpleData name="UTM_ZONE">37</SimpleData>
		<SimpleData name="UTMY">0</SimpleData>
		<SimpleData name="UTMX">0</SimpleData>
		<SimpleData name="COORH_X">1405785.5</SimpleData>
	</SchemaData></ExtendedData>
      <Point><coordinates>38.6050999073114,37.89649557316</coordinates></Point>
  </Placemark>
  <Placemark id="cikti_dsimgi.625">
	<ExtendedData><SchemaData schemaUrl="#cikti_dsimgi">
		<SimpleData name="OBJECTID">625</SimpleData>
		<SimpleData name="HAVZA_NO">21</SimpleData>
		<SimpleData name="IST_NO">21-070</SimpleData>
		<SimpleData name="IST_AD">Güllüova (Haçli)</SimpleData>
		<SimpleData name="IST_TIP">MGI</SimpleData>
		<SimpleData name="BOLGE_NO">17</SimpleData>
		<SimpleData name="RASAT_TIP">YB</SimpleData>
		<SimpleData name="ILI">Mus</SimpleData>
		<SimpleData name="ILCESI">Bulanik</SimpleData>
		<SimpleData name="IST_KOT">1480</SimpleData>
		<SimpleData name="DURUMU">K</SimpleData>
		<SimpleData name="IST_AC">1980/08/01 00:00:00</SimpleData>
		<SimpleData name="IST_KAP">1998/03/12 00:00:00</SimpleData>
		<SimpleData name="P25_PNO">J48-c4</SimpleData>
		<SimpleData name="CKS_BOYLAM">42:19:18</SimpleData>
		<SimpleData name="CKS_ENLEM">39:03:41</SimpleData>
		<SimpleData name="UTM_ZONE">38</SimpleData>
		<SimpleData name="UTMY">0</SimpleData>
		<SimpleData name="UTMX">0</SimpleData>
		<SimpleData name="COORH_X">1719889.375</SimpleData>
	</SchemaData></ExtendedData>
      <Point><coordinates>42.3215812372295,39.0604187263169</coordinates></Point>
  </Placemark>
  <Placemark id="cikti_dsimgi.626">
	<ExtendedData><SchemaData schemaUrl="#cikti_dsimgi">
		<SimpleData name="OBJECTID">626</SimpleData>
		<SimpleData name="HAVZA_NO">21</SimpleData>
		<SimpleData name="IST_NO">21-072</SimpleData>
		<SimpleData name="IST_AD">Kemlim Brj. (Pancarli)</SimpleData>
		<SimpleData name="IST_TIP">MGI</SimpleData>
		<SimpleData name="BOLGE_NO">20</SimpleData>
		<SimpleData name="RASAT_TIP">YB</SimpleData>
		<SimpleData name="ILI">Kilis</SimpleData>
		<SimpleData name="ILCESI">Merkez</SimpleData>
		<SimpleData name="IST_KOT">600</SimpleData>
		<SimpleData name="DURUMU">A</SimpleData>
		<SimpleData name="IST_AC">1982/11/05 00:00:00</SimpleData>
		<SimpleData name="CKS_BOYLAM">37:21:13</SimpleData>
		<SimpleData name="CKS_ENLEM">36:48:22</SimpleData>
		<SimpleData name="UTM_ZONE">37</SimpleData>
		<SimpleData name="UTMY">0</SimpleData>
		<SimpleData name="UTMX">0</SimpleData>
		<SimpleData name="COORH_X">1300321.5</SimpleData>
	</SchemaData></ExtendedData>
      <Point><coordinates>37.3534060796046,36.8050803819024</coordinates></Point>
  </Placemark>
  <Placemark id="cikti_dsimgi.627">
	<ExtendedData><SchemaData schemaUrl="#cikti_dsimgi">
		<SimpleData name="OBJECTID">627</SimpleData>
		<SimpleData name="HAVZA_NO">21</SimpleData>
		<SimpleData name="IST_NO">21-073</SimpleData>
		<SimpleData name="IST_AD">Burhan</SimpleData>
		<SimpleData name="IST_TIP">MGI</SimpleData>
		<SimpleData name="BOLGE_NO">08</SimpleData>
		<SimpleData name="RASAT_TIP">YB</SimpleData>
		<SimpleData name="ILI">Erzurum</SimpleData>
		<SimpleData name="ILCESI">Hinis</SimpleData>
		<SimpleData name="IST_KOT">1630</SimpleData>
		<SimpleData name="DURUMU">K</SimpleData>
		<SimpleData name="IST_AC">1984/10/01 00:00:00</SimpleData>
		<SimpleData name="IST_KAP">1996/02/29 00:00:00</SimpleData>
		<SimpleData name="CKS_BOYLAM">41:53:00</SimpleData>
		<SimpleData name="CKS_ENLEM">39:20:00</SimpleData>
		<SimpleData name="UTM_ZONE">0</SimpleData>
		<SimpleData name="UTMY">0</SimpleData>
		<SimpleData name="UTMX">0</SimpleData>
		<SimpleData name="COORH_X">1679301.875</SimpleData>
	</SchemaData></ExtendedData>
      <Point><coordinates>41.8832354844481,39.3323686114723</coordinates></Point>
  </Placemark>
  <Placemark id="cikti_dsimgi.628">
	<ExtendedData><SchemaData schemaUrl="#cikti_dsimgi">
		<SimpleData name="OBJECTID">628</SimpleData>
		<SimpleData name="HAVZA_NO">21</SimpleData>
		<SimpleData name="IST_NO">21-223</SimpleData>
		<SimpleData name="IST_AD">Incili</SimpleData>
		<SimpleData name="IST_TIP">MGI</SimpleData>
		<SimpleData name="RASAT_TIP">Y</SimpleData>
		<SimpleData name="IST_KOT">0</SimpleData>
		<SimpleData name="DURUMU">A</SimpleData>
		<SimpleData name="P25_PNO">M43-a1</SimpleData>
		<SimpleData name="CKS_BOYLAM">39:32:21</SimpleData>
		<SimpleData name="CKS_ENLEM">37:57:54</SimpleData>
		<SimpleData name="UTM_ZONE">37</SimpleData>
		<SimpleData name="UTMY">0</SimpleData>
		<SimpleData name="UTMX">0</SimpleData>
		<SimpleData name="COORH_X">1487482.75</SimpleData>
	</SchemaData></ExtendedData>
      <Point><coordinates>39.5390125432908,37.9639993949962</coordinates></Point>
  </Placemark>
  <Placemark id="cikti_dsimgi.629">
	<ExtendedData><SchemaData schemaUrl="#cikti_dsimgi">
		<SimpleData name="OBJECTID">629</SimpleData>
		<SimpleData name="HAVZA_NO">21</SimpleData>
		<SimpleData name="IST_NO">21-239</SimpleData>
		<SimpleData name="IST_AD">Aynali (Gülikan)</SimpleData>
		<SimpleData name="IST_TIP">MGI</SimpleData>
		<SimpleData name="RASAT_TIP">Y</SimpleData>
		<SimpleData name="IST_KOT">0</SimpleData>
		<SimpleData name="DURUMU">A</SimpleData>
		<SimpleData name="P25_PNO">L42-c3</SimpleData>
		<SimpleData name="CKS_BOYLAM">39:27:32</SimpleData>
		<SimpleData name="CKS_ENLEM">38:04:48</SimpleData>
		<SimpleData name="UTM_ZONE">37</SimpleData>
		<SimpleData name="UTMY">0</SimpleData>
		<SimpleData name="UTMX">0</SimpleData>
		<SimpleData name="COORH_X">1479612.375</SimpleData>
	</SchemaData></ExtendedData>
      <Point><coordinates>39.4587322497223,38.0790017129476</coordinates></Point>
  </Placemark>
  <Placemark id="cikti_dsimgi.630">
	<ExtendedData><SchemaData schemaUrl="#cikti_dsimgi">
		<SimpleData name="OBJECTID">630</SimpleData>
		<SimpleData name="HAVZA_NO">22</SimpleData>
		<SimpleData name="IST_NO">22-001</SimpleData>
		<SimpleData name="IST_AD">Tamdere (Teknecik)</SimpleData>
		<SimpleData name="IST_TIP">MGI</SimpleData>
		<SimpleData name="BOLGE_NO">22</SimpleData>
		<SimpleData name="RASAT_TIP">YB</SimpleData>
		<SimpleData name="ILI">Giresun</SimpleData>
		<SimpleData name="ILCESI">Dereli</SimpleData>
		<SimpleData name="IST_KOT">1700</SimpleData>
		<SimpleData name="DURUMU">A</SimpleData>
		<SimpleData name="IST_AC">1959/06/01 00:00:00</SimpleData>
		<SimpleData name="P25_PNO">G40-c4</SimpleData>
		<SimpleData name="CKS_BOYLAM">38:21:21</SimpleData>
		<SimpleData name="CKS_ENLEM">40:29:50</SimpleData>
		<SimpleData name="UTM_ZONE">37</SimpleData>
		<SimpleData name="UTMY">0</SimpleData>
		<SimpleData name="UTMX">0</SimpleData>
		<SimpleData name="COORH_X">1369133.625</SimpleData>
	</SchemaData></ExtendedData>
      <Point><coordinates>38.3556372456595,40.4962767136491</coordinates></Point>
  </Placemark>
  <Placemark id="cikti_dsimgi.631">
	<ExtendedData><SchemaData schemaUrl="#cikti_dsimgi">
		<SimpleData name="OBJECTID">631</SimpleData>
		<SimpleData name="HAVZA_NO">22</SimpleData>
		<SimpleData name="IST_NO">22-003</SimpleData>
		<SimpleData name="IST_AD">Sivrikaya</SimpleData>
		<SimpleData name="IST_TIP">MGI</SimpleData>
		<SimpleData name="BOLGE_NO">22</SimpleData>
		<SimpleData name="RASAT_TIP">YB</SimpleData>
		<SimpleData name="ILI">Rize</SimpleData>
		<SimpleData name="ILCESI">Ikizdere</SimpleData>
		<SimpleData name="IST_KOT">1650</SimpleData>
		<SimpleData name="DURUMU">K</SimpleData>
		<SimpleData name="IST_AC">1974/09/01 00:00:00</SimpleData>
		<SimpleData name="IST_KAP">1995/09/30 00:00:00</SimpleData>
		<SimpleData name="P25_PNO">G45-d2</SimpleData>
		<SimpleData name="CKS_BOYLAM">40:42:00</SimpleData>
		<SimpleData name="CKS_ENLEM">40:41:00</SimpleData>
		<SimpleData name="UTM_ZONE">37</SimpleData>
		<SimpleData name="UTMY">0</SimpleData>
		<SimpleData name="UTMX">0</SimpleData>
		<SimpleData name="COORH_X">1565839</SimpleData>
	</SchemaData></ExtendedData>
      <Point><coordinates>40.6998657580389,40.6823983540601</coordinates></Point>
  </Placemark>
  <Placemark id="cikti_dsimgi.632">
	<ExtendedData><SchemaData schemaUrl="#cikti_dsimgi">
		<SimpleData name="OBJECTID">632</SimpleData>
		<SimpleData name="HAVZA_NO">22</SimpleData>
		<SimpleData name="IST_NO">22-004</SimpleData>
		<SimpleData name="IST_AD">Demirciler</SimpleData>
		<SimpleData name="IST_TIP">MGI</SimpleData>
		<SimpleData name="BOLGE_NO">22</SimpleData>
		<SimpleData name="RASAT_TIP">YB</SimpleData>
		<SimpleData name="ILI">Gümüshane</SimpleData>
		<SimpleData name="ILCESI">Torul</SimpleData>
		<SimpleData name="IST_KOT">996</SimpleData>
		<SimpleData name="DURUMU">K</SimpleData>
		<SimpleData name="IST_AC">1967/11/01 00:00:00</SimpleData>
		<SimpleData name="IST_KAP">1972/10/01 00:00:00</SimpleData>
		<SimpleData name="CKS_BOYLAM">39:08:00</SimpleData>
		<SimpleData name="CKS_ENLEM">40:40:00</SimpleData>
		<SimpleData name="UTM_ZONE">0</SimpleData>
		<SimpleData name="UTMY">0</SimpleData>
		<SimpleData name="UTMX">0</SimpleData>
		<SimpleData name="COORH_X">1433822.125</SimpleData>
	</SchemaData></ExtendedData>
      <Point><coordinates>39.1331572135627,40.6657274188098</coordinates></Point>
  </Placemark>
  <Placemark id="cikti_dsimgi.633">
	<ExtendedData><SchemaData schemaUrl="#cikti_dsimgi">
		<SimpleData name="OBJECTID">633</SimpleData>
		<SimpleData name="HAVZA_NO">22</SimpleData>
		<SimpleData name="IST_NO">22-005</SimpleData>
		<SimpleData name="IST_AD">Aslancik</SimpleData>
		<SimpleData name="IST_TIP">MGI</SimpleData>
		<SimpleData name="BOLGE_NO">22</SimpleData>
		<SimpleData name="RASAT_TIP">YB</SimpleData>
		<SimpleData name="ILI">Giresun</SimpleData>
		<SimpleData name="ILCESI">Tirebolu</SimpleData>
		<SimpleData name="IST_KOT">40</SimpleData>
		<SimpleData name="DURUMU">K</SimpleData>
		<SimpleData name="IST_AC">1968/08/26 00:00:00</SimpleData>
		<SimpleData name="IST_KAP">1972/12/31 00:00:00</SimpleData>
		<SimpleData name="CKS_BOYLAM">38:52:00</SimpleData>
		<SimpleData name="CKS_ENLEM">40:54:00</SimpleData>
		<SimpleData name="UTM_ZONE">0</SimpleData>
		<SimpleData name="UTMY">0</SimpleData>
		<SimpleData name="UTMX">0</SimpleData>
		<SimpleData name="COORH_X">1409838.875</SimpleData>
	</SchemaData></ExtendedData>
      <Point><coordinates>38.8664823243585,40.899065754688</coordinates></Point>
  </Placemark>
  <Placemark id="cikti_dsimgi.634">
	<ExtendedData><SchemaData schemaUrl="#cikti_dsimgi">
		<SimpleData name="OBJECTID">634</SimpleData>
		<SimpleData name="HAVZA_NO">22</SimpleData>
		<SimpleData name="IST_NO">22-006</SimpleData>
		<SimpleData name="IST_AD">Zigana Geçidi</SimpleData>
		<SimpleData name="IST_TIP">MGI</SimpleData>
		<SimpleData name="BOLGE_NO">22</SimpleData>
		<SimpleData name="RASAT_TIP">YB</SimpleData>
		<SimpleData name="ILI">Gümüshane</SimpleData>
		<SimpleData name="ILCESI">Torul</SimpleData>
		<SimpleData name="IST_KOT">2015</SimpleData>
		<SimpleData name="DURUMU">K</SimpleData>
		<SimpleData name="IST_AC">1970/01/12 00:00:00</SimpleData>
		<SimpleData name="IST_KAP">1970/09/04 00:00:00</SimpleData>
		<SimpleData name="CKS_BOYLAM">39:26:00</SimpleData>
		<SimpleData name="CKS_ENLEM">40:39:00</SimpleData>
		<SimpleData name="UTM_ZONE">0</SimpleData>
		<SimpleData name="UTMY">0</SimpleData>
		<SimpleData name="UTMX">0</SimpleData>
		<SimpleData name="COORH_X">1459259.625</SimpleData>
	</SchemaData></ExtendedData>
      <Point><coordinates>39.4331653076777,40.6490611198473</coordinates></Point>
  </Placemark>
  <Placemark id="cikti_dsimgi.635">
	<ExtendedData><SchemaData schemaUrl="#cikti_dsimgi">
		<SimpleData name="OBJECTID">635</SimpleData>
		<SimpleData name="HAVZA_NO">22</SimpleData>
		<SimpleData name="IST_NO">22-007</SimpleData>
		<SimpleData name="IST_AD">Kalkanli</SimpleData>
		<SimpleData name="IST_TIP">MGI</SimpleData>
		<SimpleData name="BOLGE_NO">22</SimpleData>
		<SimpleData name="RASAT_TIP">YB</SimpleData>
		<SimpleData name="ILI">Gümüshane</SimpleData>
		<SimpleData name="ILCESI">Torul</SimpleData>
		<SimpleData name="IST_KOT">1300</SimpleData>
		<SimpleData name="DURUMU">K</SimpleData>
		<SimpleData name="IST_AC">1970/09/06 00:00:00</SimpleData>
		<SimpleData name="IST_KAP">1972/10/01 00:00:00</SimpleData>
		<SimpleData name="CKS_BOYLAM">39:26:00</SimpleData>
		<SimpleData name="CKS_ENLEM">40:39:00</SimpleData>
		<SimpleData name="UTM_ZONE">0</SimpleData>
		<SimpleData name="UTMY">0</SimpleData>
		<SimpleData name="UTMX">0</SimpleData>
		<SimpleData name="COORH_X">1459259.625</SimpleData>
	</SchemaData></ExtendedData>
      <Point><coordinates>39.4331653076777,40.6490611198473</coordinates></Point>
  </Placemark>
  <Placemark id="cikti_dsimgi.636">
	<ExtendedData><SchemaData schemaUrl="#cikti_dsimgi">
		<SimpleData name="OBJECTID">636</SimpleData>
		<SimpleData name="HAVZA_NO">22</SimpleData>
		<SimpleData name="IST_NO">22-009</SimpleData>
		<SimpleData name="IST_AD">Hemsin</SimpleData>
		<SimpleData name="IST_TIP">MGI</SimpleData>
		<SimpleData name="BOLGE_NO">22</SimpleData>
		<SimpleData name="RASAT_TIP">YB</SimpleData>
		<SimpleData name="ILI">Rize</SimpleData>
		<SimpleData name="ILCESI">Pazar</SimpleData>
		<SimpleData name="IST_KOT">500</SimpleData>
		<SimpleData name="DURUMU">K</SimpleData>
		<SimpleData name="IST_AC">1963/11/01 00:00:00</SimpleData>
		<SimpleData name="IST_KAP">1974/12/01 00:00:00</SimpleData>
		<SimpleData name="CKS_BOYLAM">40:54:00</SimpleData>
		<SimpleData name="CKS_ENLEM">41:00:00</SimpleData>
		<SimpleData name="UTM_ZONE">0</SimpleData>
		<SimpleData name="UTMY">0</SimpleData>
		<SimpleData name="UTMX">0</SimpleData>
		<SimpleData name="COORH_X">1579862.875</SimpleData>
	</SchemaData></ExtendedData>
      <Point><coordinates>40.8998698922776,40.9990733279311</coordinates></Point>
  </Placemark>
  <Placemark id="cikti_dsimgi.637">
	<ExtendedData><SchemaData schemaUrl="#cikti_dsimgi">
		<SimpleData name="OBJECTID">637</SimpleData>
		<SimpleData name="HAVZA_NO">22</SimpleData>
		<SimpleData name="IST_NO">22-010</SimpleData>
		<SimpleData name="IST_AD">Çambasi Yaylasi</SimpleData>
		<SimpleData name="IST_TIP">MGI</SimpleData>
		<SimpleData name="BOLGE_NO">07</SimpleData>
		<SimpleData name="RASAT_TIP">Y</SimpleData>
		<SimpleData name="ILI">Ordu</SimpleData>
		<SimpleData name="ILCESI">Mesudiye</SimpleData>
		<SimpleData name="IST_KOT">1790</SimpleData>
		<SimpleData name="DURUMU">K</SimpleData>
		<SimpleData name="IST_AC">1964/09/01 00:00:00</SimpleData>
		<SimpleData name="IST_KAP">1971/10/31 00:00:00</SimpleData>
		<SimpleData name="CKS_BOYLAM">37:59:00</SimpleData>
		<SimpleData name="CKS_ENLEM">40:18:00</SimpleData>
		<SimpleData name="UTM_ZONE">0</SimpleData>
		<SimpleData name="UTMY">0</SimpleData>
		<SimpleData name="UTMX">0</SimpleData>
		<SimpleData name="COORH_X">1338608.75</SimpleData>
	</SchemaData></ExtendedData>
      <Point><coordinates>37.9831283344629,40.2990486876189</coordinates></Point>
  </Placemark>
  <Placemark id="cikti_dsimgi.638">
	<ExtendedData><SchemaData schemaUrl="#cikti_dsimgi">
		<SimpleData name="OBJECTID">638</SimpleData>
		<SimpleData name="HAVZA_NO">22</SimpleData>
		<SimpleData name="IST_NO">22-011</SimpleData>
		<SimpleData name="IST_AD">Kayaiçi</SimpleData>
		<SimpleData name="IST_TIP">MGI</SimpleData>
		<SimpleData name="BOLGE_NO">22</SimpleData>
		<SimpleData name="RASAT_TIP">YB</SimpleData>
		<SimpleData name="ILI">Trabzon</SimpleData>
		<SimpleData name="ILCESI">Arakli</SimpleData>
		<SimpleData name="IST_KOT">1050</SimpleData>
		<SimpleData name="DURUMU">A</SimpleData>
		<SimpleData name="IST_AC">1977/11/01 00:00:00</SimpleData>
		<SimpleData name="P25_PNO">G43-c2</SimpleData>
		<SimpleData name="CKS_BOYLAM">39:54:10</SimpleData>
		<SimpleData name="CKS_ENLEM">40:40:24</SimpleData>
		<SimpleData name="UTM_ZONE">37</SimpleData>
		<SimpleData name="UTMY">0</SimpleData>
		<SimpleData name="UTMX">0</SimpleData>
		<SimpleData name="COORH_X">1498701.25</SimpleData>
	</SchemaData></ExtendedData>
      <Point><coordinates>39.9026221993456,40.6723962365353</coordinates></Point>
  </Placemark>
  <Placemark id="cikti_dsimgi.639">
	<ExtendedData><SchemaData schemaUrl="#cikti_dsimgi">
		<SimpleData name="OBJECTID">639</SimpleData>
		<SimpleData name="HAVZA_NO">22</SimpleData>
		<SimpleData name="IST_NO">22-012</SimpleData>
		<SimpleData name="IST_AD">Çat</SimpleData>
		<SimpleData name="IST_TIP">MGI</SimpleData>
		<SimpleData name="BOLGE_NO">22</SimpleData>
		<SimpleData name="RASAT_TIP">YB</SimpleData>
		<SimpleData name="ILI">Rize</SimpleData>
		<SimpleData name="ILCESI">Çamlihemsin</SimpleData>
		<SimpleData name="IST_KOT">1200</SimpleData>
		<SimpleData name="DURUMU">K</SimpleData>
		<SimpleData name="IST_AC">1970/07/16 00:00:00</SimpleData>
		<SimpleData name="IST_KAP">1976/11/01 00:00:00</SimpleData>
		<SimpleData name="CKS_BOYLAM">40:58:00</SimpleData>
		<SimpleData name="CKS_ENLEM">40:52:00</SimpleData>
		<SimpleData name="UTM_ZONE">0</SimpleData>
		<SimpleData name="UTMY">0</SimpleData>
		<SimpleData name="UTMX">0</SimpleData>
		<SimpleData name="COORH_X">1586656.5</SimpleData>
	</SchemaData></ExtendedData>
      <Point><coordinates>40.9665389100554,40.8657368181756</coordinates></Point>
  </Placemark>
  <Placemark id="cikti_dsimgi.640">
	<ExtendedData><SchemaData schemaUrl="#cikti_dsimgi">
		<SimpleData name="OBJECTID">640</SimpleData>
		<SimpleData name="HAVZA_NO">22</SimpleData>
		<SimpleData name="IST_NO">22-013</SimpleData>
		<SimpleData name="IST_AD">Meydan</SimpleData>
		<SimpleData name="IST_TIP">MGI</SimpleData>
		<SimpleData name="BOLGE_NO">22</SimpleData>
		<SimpleData name="RASAT_TIP">YB</SimpleData>
		<SimpleData name="ILI">Rize</SimpleData>
		<SimpleData name="ILCESI">Çamlihemsin</SimpleData>
		<SimpleData name="IST_KOT">1100</SimpleData>
		<SimpleData name="DURUMU">A</SimpleData>
		<SimpleData name="IST_AC">1979/10/06 00:00:00</SimpleData>
		<SimpleData name="P25_PNO">F45-b2</SimpleData>
		<SimpleData name="CKS_BOYLAM">40:56:46</SimpleData>
		<SimpleData name="CKS_ENLEM">40:54:05</SimpleData>
		<SimpleData name="UTM_ZONE">37</SimpleData>
		<SimpleData name="UTMY">0</SimpleData>
		<SimpleData name="UTMX">0</SimpleData>
		<SimpleData name="COORH_X">1584616.875</SimpleData>
	</SchemaData></ExtendedData>
      <Point><coordinates>40.9459826430011,40.9004598581106</coordinates></Point>
  </Placemark>
  <Placemark id="cikti_dsimgi.641">
	<ExtendedData><SchemaData schemaUrl="#cikti_dsimgi">
		<SimpleData name="OBJECTID">641</SimpleData>
		<SimpleData name="HAVZA_NO">22</SimpleData>
		<SimpleData name="IST_NO">22-014</SimpleData>
		<SimpleData name="IST_AD">Aslanca</SimpleData>
		<SimpleData name="IST_TIP">MGI</SimpleData>
		<SimpleData name="BOLGE_NO">22</SimpleData>
		<SimpleData name="RASAT_TIP">Y</SimpleData>
		<SimpleData name="ILI">Gümüshane</SimpleData>
		<SimpleData name="ILCESI">Merkez</SimpleData>
		<SimpleData name="IST_KOT">2170</SimpleData>
		<SimpleData name="DURUMU">K</SimpleData>
		<SimpleData name="IST_AC">1969/09/22 00:00:00</SimpleData>
		<SimpleData name="IST_KAP">1976/11/01 00:00:00</SimpleData>
		<SimpleData name="CKS_BOYLAM">40:01:00</SimpleData>
		<SimpleData name="CKS_ENLEM">40:33:00</SimpleData>
		<SimpleData name="UTM_ZONE">0</SimpleData>
		<SimpleData name="UTMY">0</SimpleData>
		<SimpleData name="UTMX">0</SimpleData>
		<SimpleData name="COORH_X">1509269.125</SimpleData>
	</SchemaData></ExtendedData>
      <Point><coordinates>40.0165146801257,40.5490601365602</coordinates></Point>
  </Placemark>
  <Placemark id="cikti_dsimgi.642">
	<ExtendedData><SchemaData schemaUrl="#cikti_dsimgi">
		<SimpleData name="OBJECTID">642</SimpleData>
		<SimpleData name="HAVZA_NO">22</SimpleData>
		<SimpleData name="IST_NO">22-015</SimpleData>
		<SimpleData name="IST_AD">Sögüteli</SimpleData>
		<SimpleData name="IST_TIP">MGI</SimpleData>
		<SimpleData name="BOLGE_NO">22</SimpleData>
		<SimpleData name="RASAT_TIP">YB</SimpleData>
		<SimpleData name="ILI">Gümüshane</SimpleData>
		<SimpleData name="ILCESI">Torul</SimpleData>
		<SimpleData name="IST_KOT">1300</SimpleData>
		<SimpleData name="DURUMU">K</SimpleData>
		<SimpleData name="IST_AC">1969/10/01 00:00:00</SimpleData>
		<SimpleData name="IST_KAP">1976/10/27 00:00:00</SimpleData>
		<SimpleData name="CKS_BOYLAM">39:00:00</SimpleData>
		<SimpleData name="CKS_ENLEM">40:32:00</SimpleData>
		<SimpleData name="UTM_ZONE">0</SimpleData>
		<SimpleData name="UTMY">0</SimpleData>
		<SimpleData name="UTMX">0</SimpleData>
		<SimpleData name="COORH_X">1423431.25</SimpleData>
	</SchemaData></ExtendedData>
      <Point><coordinates>38.9998209269545,40.5323904924266</coordinates></Point>
  </Placemark>
  <Placemark id="cikti_dsimgi.643">
	<ExtendedData><SchemaData schemaUrl="#cikti_dsimgi">
		<SimpleData name="OBJECTID">643</SimpleData>
		<SimpleData name="HAVZA_NO">22</SimpleData>
		<SimpleData name="IST_NO">22-016</SimpleData>
		<SimpleData name="IST_AD">Köknar</SimpleData>
		<SimpleData name="IST_TIP">MGI</SimpleData>
		<SimpleData name="BOLGE_NO">22</SimpleData>
		<SimpleData name="RASAT_TIP">Y</SimpleData>
		<SimpleData name="ILI">Trabzon</SimpleData>
		<SimpleData name="ILCESI">Çaykara</SimpleData>
		<SimpleData name="IST_KOT">950</SimpleData>
		<SimpleData name="DURUMU">K</SimpleData>
		<SimpleData name="IST_AC">1980/10/08 00:00:00</SimpleData>
		<SimpleData name="IST_KAP">1995/12/31 00:00:00</SimpleData>
		<SimpleData name="P25_PNO">G44-d3</SimpleData>
		<SimpleData name="CKS_BOYLAM">40:12:45</SimpleData>
		<SimpleData name="CKS_ENLEM">40:36:45</SimpleData>
		<SimpleData name="UTM_ZONE">37</SimpleData>
		<SimpleData name="UTMY">0</SimpleData>
		<SimpleData name="UTMX">0</SimpleData>
		<SimpleData name="COORH_X">1525313.25</SimpleData>
	</SchemaData></ExtendedData>
      <Point><coordinates>40.2123529851595,40.6115621656033</coordinates></Point>
  </Placemark>
  <Placemark id="cikti_dsimgi.644">
	<ExtendedData><SchemaData schemaUrl="#cikti_dsimgi">
		<SimpleData name="OBJECTID">644</SimpleData>
		<SimpleData name="HAVZA_NO">22</SimpleData>
		<SimpleData name="IST_NO">22-017</SimpleData>
		<SimpleData name="IST_AD">Güzelyayla</SimpleData>
		<SimpleData name="IST_TIP">MGI</SimpleData>
		<SimpleData name="BOLGE_NO">22</SimpleData>
		<SimpleData name="RASAT_TIP">YB</SimpleData>
		<SimpleData name="ILI">Trabzon</SimpleData>
		<SimpleData name="ILCESI">Maçka</SimpleData>
		<SimpleData name="IST_KOT">1250</SimpleData>
		<SimpleData name="DURUMU">A</SimpleData>
		<SimpleData name="IST_AC">1979/12/12 00:00:00</SimpleData>
		<SimpleData name="P25_PNO">G42-c2</SimpleData>
		<SimpleData name="CKS_BOYLAM">39:29:18</SimpleData>
		<SimpleData name="CKS_ENLEM">40:40:53</SimpleData>
		<SimpleData name="UTM_ZONE">37</SimpleData>
		<SimpleData name="UTMY">0</SimpleData>
		<SimpleData name="UTMX">0</SimpleData>
		<SimpleData name="COORH_X">1463679</SimpleData>
	</SchemaData></ExtendedData>
      <Point><coordinates>39.4881666075126,40.6804509409565</coordinates></Point>
  </Placemark>
  <Placemark id="cikti_dsimgi.645">
	<ExtendedData><SchemaData schemaUrl="#cikti_dsimgi">
		<SimpleData name="OBJECTID">645</SimpleData>
		<SimpleData name="HAVZA_NO">22</SimpleData>
		<SimpleData name="IST_NO">22-018</SimpleData>
		<SimpleData name="IST_AD">Sofulu</SimpleData>
		<SimpleData name="IST_TIP">MGI</SimpleData>
		<SimpleData name="BOLGE_NO">22</SimpleData>
		<SimpleData name="RASAT_TIP">YB</SimpleData>
		<SimpleData name="ILI">Giresun</SimpleData>
		<SimpleData name="ILCESI">Bulancak</SimpleData>
		<SimpleData name="IST_KOT">600</SimpleData>
		<SimpleData name="DURUMU">A</SimpleData>
		<SimpleData name="IST_AC">1980/10/05 00:00:00</SimpleData>
		<SimpleData name="P25_PNO">G40-d2</SimpleData>
		<SimpleData name="CKS_BOYLAM">38:07:11</SimpleData>
		<SimpleData name="CKS_ENLEM">40:44:24</SimpleData>
		<SimpleData name="UTM_ZONE">37</SimpleData>
		<SimpleData name="UTMY">0</SimpleData>
		<SimpleData name="UTMX">0</SimpleData>
		<SimpleData name="COORH_X">1347843.625</SimpleData>
	</SchemaData></ExtendedData>
      <Point><coordinates>38.1195186806389,40.7390597236958</coordinates></Point>
  </Placemark>
  <Placemark id="cikti_dsimgi.646">
	<ExtendedData><SchemaData schemaUrl="#cikti_dsimgi">
		<SimpleData name="OBJECTID">646</SimpleData>
		<SimpleData name="HAVZA_NO">22</SimpleData>
		<SimpleData name="IST_NO">22-019</SimpleData>
		<SimpleData name="IST_AD">Tunca</SimpleData>
		<SimpleData name="IST_TIP">MGI</SimpleData>
		<SimpleData name="BOLGE_NO">22</SimpleData>
		<SimpleData name="RASAT_TIP">YB</SimpleData>
		<SimpleData name="ILI">Rize</SimpleData>
		<SimpleData name="ILCESI">Ardesen</SimpleData>
		<SimpleData name="IST_KOT">500</SimpleData>
		<SimpleData name="DURUMU">A</SimpleData>
		<SimpleData name="IST_AC">1983/05/25 00:00:00</SimpleData>
		<SimpleData name="P25_PNO">F46-d1</SimpleData>
		<SimpleData name="CKS_BOYLAM">41:07:28</SimpleData>
		<SimpleData name="CKS_ENLEM">41:07:31</SimpleData>
		<SimpleData name="UTM_ZONE">37</SimpleData>
		<SimpleData name="UTMY">0</SimpleData>
		<SimpleData name="UTMX">0</SimpleData>
		<SimpleData name="COORH_X">1597525.625</SimpleData>
	</SchemaData></ExtendedData>
      <Point><coordinates>41.1243199561489,41.1243547271185</coordinates></Point>
  </Placemark>
  <Placemark id="cikti_dsimgi.647">
	<ExtendedData><SchemaData schemaUrl="#cikti_dsimgi">
		<SimpleData name="OBJECTID">647</SimpleData>
		<SimpleData name="HAVZA_NO">22</SimpleData>
		<SimpleData name="IST_NO">22-020</SimpleData>
		<SimpleData name="IST_AD">Sinir</SimpleData>
		<SimpleData name="IST_TIP">MGI</SimpleData>
		<SimpleData name="BOLGE_NO">22</SimpleData>
		<SimpleData name="RASAT_TIP">YB</SimpleData>
		<SimpleData name="ILI">Giresun</SimpleData>
		<SimpleData name="ILCESI">Yaglidere</SimpleData>
		<SimpleData name="IST_KOT">750</SimpleData>
		<SimpleData name="DURUMU">A</SimpleData>
		<SimpleData name="IST_AC">1984/10/25 00:00:00</SimpleData>
		<SimpleData name="P25_PNO">G41-d1</SimpleData>
		<SimpleData name="CKS_BOYLAM">38:36:15</SimpleData>
		<SimpleData name="CKS_ENLEM">40:40:00</SimpleData>
		<SimpleData name="UTM_ZONE">37</SimpleData>
		<SimpleData name="UTMY">0</SimpleData>
		<SimpleData name="UTMX">0</SimpleData>
		<SimpleData name="COORH_X">1389147.375</SimpleData>
	</SchemaData></ExtendedData>
      <Point><coordinates>38.6039763991924,40.6657259679746</coordinates></Point>
  </Placemark>
  <Placemark id="cikti_dsimgi.648">
	<ExtendedData><SchemaData schemaUrl="#cikti_dsimgi">
		<SimpleData name="OBJECTID">648</SimpleData>
		<SimpleData name="HAVZA_NO">23</SimpleData>
		<SimpleData name="IST_NO">23-002</SimpleData>
		<SimpleData name="IST_AD">Damar</SimpleData>
		<SimpleData name="IST_TIP">MGI</SimpleData>
		<SimpleData name="BOLGE_NO">22</SimpleData>
		<SimpleData name="RASAT_TIP">YB</SimpleData>
		<SimpleData name="ILI">Artvin</SimpleData>
		<SimpleData name="ILCESI">Borçka</SimpleData>
		<SimpleData name="IST_KOT">1100</SimpleData>
		<SimpleData name="DURUMU">K</SimpleData>
		<SimpleData name="IST_AC">1964/05/05 00:00:00</SimpleData>
		<SimpleData name="IST_KAP">1972/10/01 00:00:00</SimpleData>
		<SimpleData name="CKS_BOYLAM">41:37:00</SimpleData>
		<SimpleData name="CKS_ENLEM">41:15:00</SimpleData>
		<SimpleData name="UTM_ZONE">0</SimpleData>
		<SimpleData name="UTMY">0</SimpleData>
		<SimpleData name="UTMX">0</SimpleData>
		<SimpleData name="COORH_X">1637472.375</SimpleData>
	</SchemaData></ExtendedData>
      <Point><coordinates>41.616555031555,41.2490811318825</coordinates></Point>
  </Placemark>
  <Placemark id="cikti_dsimgi.649">
	<ExtendedData><SchemaData schemaUrl="#cikti_dsimgi">
		<SimpleData name="OBJECTID">649</SimpleData>
		<SimpleData name="HAVZA_NO">23</SimpleData>
		<SimpleData name="IST_NO">23-003</SimpleData>
		<SimpleData name="IST_AD">Demirözü (Kisanta)</SimpleData>
		<SimpleData name="IST_TIP">MGI</SimpleData>
		<SimpleData name="BOLGE_NO">22</SimpleData>
		<SimpleData name="RASAT_TIP">Y</SimpleData>
		<SimpleData name="ILI">Bayburt</SimpleData>
		<SimpleData name="ILCESI">Merkez</SimpleData>
		<SimpleData name="IST_KOT">1720</SimpleData>
		<SimpleData name="DURUMU">K</SimpleData>
		<SimpleData name="IST_AC">1963/08/26 00:00:00</SimpleData>
		<SimpleData name="IST_KAP">1974/10/01 00:00:00</SimpleData>
		<SimpleData name="CKS_BOYLAM">39:55:00</SimpleData>
		<SimpleData name="CKS_ENLEM">40:10:00</SimpleData>
		<SimpleData name="UTM_ZONE">0</SimpleData>
		<SimpleData name="UTMY">0</SimpleData>
		<SimpleData name="UTMX">0</SimpleData>
		<SimpleData name="COORH_X">1503758.125</SimpleData>
	</SchemaData></ExtendedData>
      <Point><coordinates>39.9165135974672,40.1657173204094</coordinates></Point>
  </Placemark>
  <Placemark id="cikti_dsimgi.650">
	<ExtendedData><SchemaData schemaUrl="#cikti_dsimgi">
		<SimpleData name="OBJECTID">650</SimpleData>
		<SimpleData name="HAVZA_NO">23</SimpleData>
		<SimpleData name="IST_NO">23-004</SimpleData>
		<SimpleData name="IST_AD">Sarigöl</SimpleData>
		<SimpleData name="IST_TIP">MGI</SimpleData>
		<SimpleData name="BOLGE_NO">22</SimpleData>
		<SimpleData name="RASAT_TIP">YB</SimpleData>
		<SimpleData name="ILI">Artvin</SimpleData>
		<SimpleData name="ILCESI">Yusufeli</SimpleData>
		<SimpleData name="IST_KOT">1300</SimpleData>
		<SimpleData name="DURUMU">A</SimpleData>
		<SimpleData name="IST_AC">1964/05/02 00:00:00</SimpleData>
		<SimpleData name="P25_PNO">G46-b2</SimpleData>
		<SimpleData name="CKS_BOYLAM">41:30:19</SimpleData>
		<SimpleData name="CKS_ENLEM">40:56:18</SimpleData>
		<SimpleData name="UTM_ZONE">37</SimpleData>
		<SimpleData name="UTMY">0</SimpleData>
		<SimpleData name="UTMX">0</SimpleData>
		<SimpleData name="COORH_X">1631203.625</SimpleData>
	</SchemaData></ExtendedData>
      <Point><coordinates>41.5051642590307,40.9374064246948</coordinates></Point>
  </Placemark>
  <Placemark id="cikti_dsimgi.651">
	<ExtendedData><SchemaData schemaUrl="#cikti_dsimgi">
		<SimpleData name="OBJECTID">651</SimpleData>
		<SimpleData name="HAVZA_NO">23</SimpleData>
		<SimpleData name="IST_NO">23-005</SimpleData>
		<SimpleData name="IST_AD">Yolboyu (Dolgah)</SimpleData>
		<SimpleData name="IST_TIP">MGI</SimpleData>
		<SimpleData name="BOLGE_NO">08</SimpleData>
		<SimpleData name="RASAT_TIP">Y</SimpleData>
		<SimpleData name="ILI">Erzurum</SimpleData>
		<SimpleData name="ILCESI">Oltu</SimpleData>
		<SimpleData name="IST_KOT">1150</SimpleData>
		<SimpleData name="DURUMU">K</SimpleData>
		<SimpleData name="IST_AC">1964/05/01 00:00:00</SimpleData>
		<SimpleData name="IST_KAP">1968/11/01 00:00:00</SimpleData>
		<SimpleData name="CKS_BOYLAM">42:11:00</SimpleData>
		<SimpleData name="CKS_ENLEM">40:39:00</SimpleData>
		<SimpleData name="UTM_ZONE">0</SimpleData>
		<SimpleData name="UTMY">0</SimpleData>
		<SimpleData name="UTMX">0</SimpleData>
		<SimpleData name="COORH_X">1691118.125</SimpleData>
	</SchemaData></ExtendedData>
      <Point><coordinates>42.1832391612598,40.6490673501467</coordinates></Point>
  </Placemark>
  <Placemark id="cikti_dsimgi.652">
	<ExtendedData><SchemaData schemaUrl="#cikti_dsimgi">
		<SimpleData name="OBJECTID">652</SimpleData>
		<SimpleData name="HAVZA_NO">23</SimpleData>
		<SimpleData name="IST_NO">23-006</SimpleData>
		<SimpleData name="IST_AD">Gölbasi (Ösk)</SimpleData>
		<SimpleData name="IST_TIP">MGI</SimpleData>
		<SimpleData name="BOLGE_NO">08</SimpleData>
		<SimpleData name="RASAT_TIP">YB</SimpleData>
		<SimpleData name="ILI">Erzurum</SimpleData>
		<SimpleData name="ILCESI">Tortum</SimpleData>
		<SimpleData name="IST_KOT">1010</SimpleData>
		<SimpleData name="DURUMU">K</SimpleData>
		<SimpleData name="IST_AC">1966/09/01 00:00:00</SimpleData>
		<SimpleData name="IST_KAP">1972/10/01 00:00:00</SimpleData>
		<SimpleData name="CKS_BOYLAM">41:38:00</SimpleData>
		<SimpleData name="CKS_ENLEM">40:37:00</SimpleData>
		<SimpleData name="UTM_ZONE">0</SimpleData>
		<SimpleData name="UTMY">0</SimpleData>
		<SimpleData name="UTMX">0</SimpleData>
		<SimpleData name="COORH_X">1645125.375</SimpleData>
	</SchemaData></ExtendedData>
      <Point><coordinates>41.6332244359932,40.6157320981077</coordinates></Point>
  </Placemark>
  <Placemark id="cikti_dsimgi.653">
	<ExtendedData><SchemaData schemaUrl="#cikti_dsimgi">
		<SimpleData name="OBJECTID">653</SimpleData>
		<SimpleData name="HAVZA_NO">23</SimpleData>
		<SimpleData name="IST_NO">23-007</SimpleData>
		<SimpleData name="IST_AD">Çalidere</SimpleData>
		<SimpleData name="IST_TIP">MGI</SimpleData>
		<SimpleData name="BOLGE_NO">22</SimpleData>
		<SimpleData name="RASAT_TIP">YB</SimpleData>
		<SimpleData name="ILI">Bayburt</SimpleData>
		<SimpleData name="ILCESI">Merkez</SimpleData>
		<SimpleData name="IST_KOT">1970</SimpleData>
		<SimpleData name="DURUMU">K</SimpleData>
		<SimpleData name="IST_AC">1969/10/04 00:00:00</SimpleData>
		<SimpleData name="IST_KAP">1972/09/01 00:00:00</SimpleData>
		<SimpleData name="CKS_BOYLAM">40:27:00</SimpleData>
		<SimpleData name="CKS_ENLEM">40:06:00</SimpleData>
		<SimpleData name="UTM_ZONE">0</SimpleData>
		<SimpleData name="UTMY">0</SimpleData>
		<SimpleData name="UTMX">0</SimpleData>
		<SimpleData name="COORH_X">1549642.25</SimpleData>
	</SchemaData></ExtendedData>
      <Point><coordinates>40.4498614028714,40.0990503064842</coordinates></Point>
  </Placemark>
  <Placemark id="cikti_dsimgi.654">
	<ExtendedData><SchemaData schemaUrl="#cikti_dsimgi">
		<SimpleData name="OBJECTID">654</SimpleData>
		<SimpleData name="HAVZA_NO">23</SimpleData>
		<SimpleData name="IST_NO">23-008</SimpleData>
		<SimpleData name="IST_AD">Sarimese</SimpleData>
		<SimpleData name="IST_TIP">MGI</SimpleData>
		<SimpleData name="BOLGE_NO">22</SimpleData>
		<SimpleData name="RASAT_TIP">YB</SimpleData>
		<SimpleData name="ILI">Bayburt</SimpleData>
		<SimpleData name="ILCESI">Merkez</SimpleData>
		<SimpleData name="IST_KOT">1700</SimpleData>
		<SimpleData name="DURUMU">A</SimpleData>
		<SimpleData name="IST_AC">1969/10/04 00:00:00</SimpleData>
		<SimpleData name="P25_PNO">H44-b1</SimpleData>
		<SimpleData name="CKS_BOYLAM">40:16:54</SimpleData>
		<SimpleData name="CKS_ENLEM">40:26:53</SimpleData>
		<SimpleData name="UTM_ZONE">37</SimpleData>
		<SimpleData name="UTMY">0</SimpleData>
		<SimpleData name="UTMX">0</SimpleData>
		<SimpleData name="COORH_X">1532490.125</SimpleData>
	</SchemaData></ExtendedData>
      <Point><coordinates>40.2815221785145,40.4471138594644</coordinates></Point>
  </Placemark>
  <Placemark id="cikti_dsimgi.655">
	<ExtendedData><SchemaData schemaUrl="#cikti_dsimgi">
		<SimpleData name="OBJECTID">655</SimpleData>
		<SimpleData name="HAVZA_NO">23</SimpleData>
		<SimpleData name="IST_NO">23-010</SimpleData>
		<SimpleData name="IST_AD">Ozansu</SimpleData>
		<SimpleData name="IST_TIP">MGI</SimpleData>
		<SimpleData name="BOLGE_NO">22</SimpleData>
		<SimpleData name="RASAT_TIP">YB</SimpleData>
		<SimpleData name="ILI">Bayburt</SimpleData>
		<SimpleData name="ILCESI">Merkez</SimpleData>
		<SimpleData name="IST_KOT">1750</SimpleData>
		<SimpleData name="DURUMU">A</SimpleData>
		<SimpleData name="IST_AC">1973/09/01 00:00:00</SimpleData>
		<SimpleData name="P25_PNO">H44-d4</SimpleData>
		<SimpleData name="CKS_BOYLAM">39:59:42</SimpleData>
		<SimpleData name="CKS_ENLEM">40:05:03</SimpleData>
		<SimpleData name="UTM_ZONE">37</SimpleData>
		<SimpleData name="UTMY">0</SimpleData>
		<SimpleData name="UTMX">0</SimpleData>
		<SimpleData name="COORH_X">1511057.875</SimpleData>
	</SchemaData></ExtendedData>
      <Point><coordinates>39.9948493599193,40.0832155160384</coordinates></Point>
  </Placemark>
  <Placemark id="cikti_dsimgi.656">
	<ExtendedData><SchemaData schemaUrl="#cikti_dsimgi">
		<SimpleData name="OBJECTID">656</SimpleData>
		<SimpleData name="HAVZA_NO">24</SimpleData>
		<SimpleData name="IST_NO">24-003</SimpleData>
		<SimpleData name="IST_AD">Geçit</SimpleData>
		<SimpleData name="IST_TIP">MGI</SimpleData>
		<SimpleData name="BOLGE_NO">08</SimpleData>
		<SimpleData name="RASAT_TIP">YB</SimpleData>
		<SimpleData name="ILI">Kars</SimpleData>
		<SimpleData name="ILCESI">Arpaçay</SimpleData>
		<SimpleData name="IST_KOT">1544</SimpleData>
		<SimpleData name="DURUMU">K</SimpleData>
		<SimpleData name="IST_AC">1966/09/26 00:00:00</SimpleData>
		<SimpleData name="IST_KAP">1975/02/01 00:00:00</SimpleData>
		<SimpleData name="CKS_BOYLAM">43:33:00</SimpleData>
		<SimpleData name="CKS_ENLEM">40:46:00</SimpleData>
		<SimpleData name="UTM_ZONE">0</SimpleData>
		<SimpleData name="UTMY">0</SimpleData>
		<SimpleData name="UTMX">0</SimpleData>
		<SimpleData name="COORH_X">1804652.375</SimpleData>
	</SchemaData></ExtendedData>
      <Point><coordinates>43.5499424038755,40.7657393228766</coordinates></Point>
  </Placemark>
  <Placemark id="cikti_dsimgi.657">
	<ExtendedData><SchemaData schemaUrl="#cikti_dsimgi">
		<SimpleData name="OBJECTID">657</SimpleData>
		<SimpleData name="HAVZA_NO">24</SimpleData>
		<SimpleData name="IST_NO">24-004</SimpleData>
		<SimpleData name="IST_AD">Buruksu</SimpleData>
		<SimpleData name="IST_TIP">MGI</SimpleData>
		<SimpleData name="BOLGE_NO">08</SimpleData>
		<SimpleData name="RASAT_TIP">Y</SimpleData>
		<SimpleData name="ILI">Kars</SimpleData>
		<SimpleData name="ILCESI">Tuzluca</SimpleData>
		<SimpleData name="IST_KOT">1350</SimpleData>
		<SimpleData name="DURUMU">K</SimpleData>
		<SimpleData name="IST_AC">1962/09/08 00:00:00</SimpleData>
		<SimpleData name="IST_KAP">1972/10/01 00:00:00</SimpleData>
		<SimpleData name="CKS_BOYLAM">43:41:00</SimpleData>
		<SimpleData name="CKS_ENLEM">39:58:00</SimpleData>
		<SimpleData name="UTM_ZONE">0</SimpleData>
		<SimpleData name="UTMY">0</SimpleData>
		<SimpleData name="UTMX">0</SimpleData>
		<SimpleData name="COORH_X">1825866.125</SimpleData>
	</SchemaData></ExtendedData>
      <Point><coordinates>43.6832815237145,39.9657200847776</coordinates></Point>
  </Placemark>
  <Placemark id="cikti_dsimgi.658">
	<ExtendedData><SchemaData schemaUrl="#cikti_dsimgi">
		<SimpleData name="OBJECTID">658</SimpleData>
		<SimpleData name="HAVZA_NO">24</SimpleData>
		<SimpleData name="IST_NO">24-005</SimpleData>
		<SimpleData name="IST_AD">Tanyolu</SimpleData>
		<SimpleData name="IST_TIP">MGI</SimpleData>
		<SimpleData name="BOLGE_NO">08</SimpleData>
		<SimpleData name="RASAT_TIP">Y</SimpleData>
		<SimpleData name="IST_KOT">2250</SimpleData>
		<SimpleData name="DURUMU">K</SimpleData>
		<SimpleData name="IST_AC">1973/09/22 00:00:00</SimpleData>
		<SimpleData name="IST_KAP">1975/10/13 00:00:00</SimpleData>
		<SimpleData name="CKS_BOYLAM">43:32:00</SimpleData>
		<SimpleData name="CKS_ENLEM">39:45:00</SimpleData>
		<SimpleData name="UTM_ZONE">0</SimpleData>
		<SimpleData name="UTMY">0</SimpleData>
		<SimpleData name="UTMX">0</SimpleData>
		<SimpleData name="COORH_X">1815800.625</SimpleData>
	</SchemaData></ExtendedData>
      <Point><coordinates>43.5332780737792,39.7490479884287</coordinates></Point>
  </Placemark>
  <Placemark id="cikti_dsimgi.659">
	<ExtendedData><SchemaData schemaUrl="#cikti_dsimgi">
		<SimpleData name="OBJECTID">659</SimpleData>
		<SimpleData name="HAVZA_NO">24</SimpleData>
		<SimpleData name="IST_NO">24-006</SimpleData>
		<SimpleData name="IST_AD">Çilli</SimpleData>
		<SimpleData name="IST_TIP">MGI</SimpleData>
		<SimpleData name="BOLGE_NO">08</SimpleData>
		<SimpleData name="RASAT_TIP">Y</SimpleData>
		<SimpleData name="ILI">Igdir</SimpleData>
		<SimpleData name="ILCESI">Merkez</SimpleData>
		<SimpleData name="IST_KOT">2010</SimpleData>
		<SimpleData name="DURUMU">K</SimpleData>
		<SimpleData name="IST_AC">1966/10/10 00:00:00</SimpleData>
		<SimpleData name="IST_KAP">1972/10/01 00:00:00</SimpleData>
		<SimpleData name="CKS_BOYLAM">44:02:00</SimpleData>
		<SimpleData name="CKS_ENLEM">39:45:00</SimpleData>
		<SimpleData name="UTM_ZONE">0</SimpleData>
		<SimpleData name="UTMY">0</SimpleData>
		<SimpleData name="UTMX">0</SimpleData>
		<SimpleData name="COORH_X">1858396.25</SimpleData>
	</SchemaData></ExtendedData>
      <Point><coordinates>44.0332914546203,39.7490487518721</coordinates></Point>
  </Placemark>
  <Placemark id="cikti_dsimgi.660">
	<ExtendedData><SchemaData schemaUrl="#cikti_dsimgi">
		<SimpleData name="OBJECTID">660</SimpleData>
		<SimpleData name="HAVZA_NO">24</SimpleData>
		<SimpleData name="IST_NO">24-007</SimpleData>
		<SimpleData name="IST_AD">Kirkpinar</SimpleData>
		<SimpleData name="IST_TIP">MGI</SimpleData>
		<SimpleData name="BOLGE_NO">08</SimpleData>
		<SimpleData name="RASAT_TIP">Y</SimpleData>
		<SimpleData name="ILI">Kars</SimpleData>
		<SimpleData name="ILCESI">Susuz</SimpleData>
		<SimpleData name="IST_KOT">2210</SimpleData>
		<SimpleData name="DURUMU">K</SimpleData>
		<SimpleData name="IST_AC">1966/09/29 00:00:00</SimpleData>
		<SimpleData name="IST_KAP">1969/10/01 00:00:00</SimpleData>
		<SimpleData name="CKS_BOYLAM">43:02:00</SimpleData>
		<SimpleData name="CKS_ENLEM">40:51:00</SimpleData>
		<SimpleData name="UTM_ZONE">0</SimpleData>
		<SimpleData name="UTMY">0</SimpleData>
		<SimpleData name="UTMX">0</SimpleData>
		<SimpleData name="COORH_X">1760311.5</SimpleData>
	</SchemaData></ExtendedData>
      <Point><coordinates>43.0332614948758,40.849073854282</coordinates></Point>
  </Placemark>
  <Placemark id="cikti_dsimgi.661">
	<ExtendedData><SchemaData schemaUrl="#cikti_dsimgi">
		<SimpleData name="OBJECTID">661</SimpleData>
		<SimpleData name="HAVZA_NO">24</SimpleData>
		<SimpleData name="IST_NO">24-009</SimpleData>
		<SimpleData name="IST_AD">Çaybasi</SimpleData>
		<SimpleData name="IST_TIP">MGI</SimpleData>
		<SimpleData name="BOLGE_NO">08</SimpleData>
		<SimpleData name="RASAT_TIP">Y</SimpleData>
		<SimpleData name="ILI">Kars</SimpleData>
		<SimpleData name="ILCESI">Selim</SimpleData>
		<SimpleData name="IST_KOT">1810</SimpleData>
		<SimpleData name="DURUMU">K</SimpleData>
		<SimpleData name="IST_AC">1966/10/01 00:00:00</SimpleData>
		<SimpleData name="IST_KAP">1972/10/01 00:00:00</SimpleData>
		<SimpleData name="CKS_BOYLAM">42:57:00</SimpleData>
		<SimpleData name="CKS_ENLEM">40:26:00</SimpleData>
		<SimpleData name="UTM_ZONE">0</SimpleData>
		<SimpleData name="UTMY">0</SimpleData>
		<SimpleData name="UTMX">0</SimpleData>
		<SimpleData name="COORH_X">1758151.25</SimpleData>
	</SchemaData></ExtendedData>
      <Point><coordinates>42.9499271833619,40.4323967950495</coordinates></Point>
  </Placemark>
  <Placemark id="cikti_dsimgi.662">
	<ExtendedData><SchemaData schemaUrl="#cikti_dsimgi">
		<SimpleData name="OBJECTID">662</SimpleData>
		<SimpleData name="HAVZA_NO">24</SimpleData>
		<SimpleData name="IST_NO">24-014</SimpleData>
		<SimpleData name="IST_AD">Bezirhane</SimpleData>
		<SimpleData name="IST_TIP">MGI</SimpleData>
		<SimpleData name="BOLGE_NO">08</SimpleData>
		<SimpleData name="RASAT_TIP">YB</SimpleData>
		<SimpleData name="ILI">Agri</SimpleData>
		<SimpleData name="ILCESI">Dogubeyazit</SimpleData>
		<SimpleData name="IST_KOT">2125</SimpleData>
		<SimpleData name="DURUMU">K</SimpleData>
		<SimpleData name="IST_AC">1964/11/15 00:00:00</SimpleData>
		<SimpleData name="IST_KAP">1972/10/01 00:00:00</SimpleData>
		<SimpleData name="CKS_BOYLAM">43:39:00</SimpleData>
		<SimpleData name="CKS_ENLEM">39:45:00</SimpleData>
		<SimpleData name="UTM_ZONE">0</SimpleData>
		<SimpleData name="UTMY">0</SimpleData>
		<SimpleData name="UTMX">0</SimpleData>
		<SimpleData name="COORH_X">1825742.25</SimpleData>
	</SchemaData></ExtendedData>
      <Point><coordinates>43.6499478852776,39.7490481753044</coordinates></Point>
  </Placemark>
  <Placemark id="cikti_dsimgi.663">
	<ExtendedData><SchemaData schemaUrl="#cikti_dsimgi">
		<SimpleData name="OBJECTID">663</SimpleData>
		<SimpleData name="HAVZA_NO">25</SimpleData>
		<SimpleData name="IST_NO">25-001</SimpleData>
		<SimpleData name="IST_AD">Dorutay (Tasrum)</SimpleData>
		<SimpleData name="IST_TIP">MGI</SimpleData>
		<SimpleData name="BOLGE_NO">17</SimpleData>
		<SimpleData name="RASAT_TIP">YB</SimpleData>
		<SimpleData name="ILI">Van</SimpleData>
		<SimpleData name="ILCESI">Özalp</SimpleData>
		<SimpleData name="IST_KOT">2070</SimpleData>
		<SimpleData name="DURUMU">A</SimpleData>
		<SimpleData name="IST_AC">1973/07/25 00:00:00</SimpleData>
		<SimpleData name="P25_PNO">K52-a4</SimpleData>
		<SimpleData name="CKS_BOYLAM">44:04:45</SimpleData>
		<SimpleData name="CKS_ENLEM">38:48:05</SimpleData>
		<SimpleData name="UTM_ZONE">38</SimpleData>
		<SimpleData name="UTMY">0</SimpleData>
		<SimpleData name="UTMX">0</SimpleData>
		<SimpleData name="COORH_X">1874679.625</SimpleData>
	</SchemaData></ExtendedData>
      <Point><coordinates>44.0791282808061,38.8004156540948</coordinates></Point>
  </Placemark>
  <Placemark id="cikti_dsimgi.664">
	<ExtendedData><SchemaData schemaUrl="#cikti_dsimgi">
		<SimpleData name="OBJECTID">664</SimpleData>
		<SimpleData name="HAVZA_NO">25</SimpleData>
		<SimpleData name="IST_NO">25-002</SimpleData>
		<SimpleData name="IST_AD">Koçköprü (Hara)</SimpleData>
		<SimpleData name="IST_TIP">MGI</SimpleData>
		<SimpleData name="BOLGE_NO">17</SimpleData>
		<SimpleData name="RASAT_TIP">YB</SimpleData>
		<SimpleData name="ILI">Van</SimpleData>
		<SimpleData name="ILCESI">Ercis</SimpleData>
		<SimpleData name="IST_KOT">1840</SimpleData>
		<SimpleData name="DURUMU">A</SimpleData>
		<SimpleData name="IST_AC">1973/09/26 00:00:00</SimpleData>
		<SimpleData name="P25_PNO">J50-c1</SimpleData>
		<SimpleData name="CKS_BOYLAM">43:19:27</SimpleData>
		<SimpleData name="CKS_ENLEM">39:10:15</SimpleData>
		<SimpleData name="UTM_ZONE">38</SimpleData>
		<SimpleData name="UTMY">0</SimpleData>
		<SimpleData name="UTMX">0</SimpleData>
		<SimpleData name="COORH_X">1804967</SimpleData>
	</SchemaData></ExtendedData>
      <Point><coordinates>43.3241074274864,39.1698674357149</coordinates></Point>
  </Placemark>
  <Placemark id="cikti_dsimgi.665">
	<ExtendedData><SchemaData schemaUrl="#cikti_dsimgi">
		<SimpleData name="OBJECTID">665</SimpleData>
		<SimpleData name="HAVZA_NO">25</SimpleData>
		<SimpleData name="IST_NO">25-003</SimpleData>
		<SimpleData name="IST_AD">Ahlat</SimpleData>
		<SimpleData name="IST_TIP">MGI</SimpleData>
		<SimpleData name="BOLGE_NO">17</SimpleData>
		<SimpleData name="RASAT_TIP">YB</SimpleData>
		<SimpleData name="ILI">Bitlis</SimpleData>
		<SimpleData name="ILCESI">Ahlat</SimpleData>
		<SimpleData name="IST_KOT">1750</SimpleData>
		<SimpleData name="DURUMU">A</SimpleData>
		<SimpleData name="IST_AC">1998/03/01 00:00:00</SimpleData>
		<SimpleData name="CKS_BOYLAM">42:28:00</SimpleData>
		<SimpleData name="CKS_ENLEM">38:44:00</SimpleData>
		<SimpleData name="UTM_ZONE">0</SimpleData>
		<SimpleData name="UTMY">0</SimpleData>
		<SimpleData name="UTMX">0</SimpleData>
		<SimpleData name="COORH_X">1735992.25</SimpleData>
	</SchemaData></ExtendedData>
      <Point><coordinates>42.4665860469275,38.7323559431764</coordinates></Point>
  </Placemark>
  <Placemark id="cikti_dsimgi.666">
	<ExtendedData><SchemaData schemaUrl="#cikti_dsimgi">
		<SimpleData name="OBJECTID">666</SimpleData>
		<SimpleData name="HAVZA_NO">25</SimpleData>
		<SimpleData name="IST_NO">25-004</SimpleData>
		<SimpleData name="IST_AD">Gedikbulak</SimpleData>
		<SimpleData name="IST_TIP">MGI</SimpleData>
		<SimpleData name="BOLGE_NO">17</SimpleData>
		<SimpleData name="RASAT_TIP">Y</SimpleData>
		<SimpleData name="ILI">Van</SimpleData>
		<SimpleData name="ILCESI">Merkez</SimpleData>
		<SimpleData name="IST_KOT">1730</SimpleData>
		<SimpleData name="DURUMU">K</SimpleData>
		<SimpleData name="IST_AC">1963/08/08 00:00:00</SimpleData>
		<SimpleData name="IST_KAP">1968/08/01 00:00:00</SimpleData>
		<SimpleData name="IST_TAC">2000/01/01 00:00:00</SimpleData>
		<SimpleData name="CKS_BOYLAM">43:26:00</SimpleData>
		<SimpleData name="CKS_ENLEM">38:47:00</SimpleData>
		<SimpleData name="UTM_ZONE">0</SimpleData>
		<SimpleData name="UTMY">0</SimpleData>
		<SimpleData name="UTMX">0</SimpleData>
		<SimpleData name="COORH_X">1819089</SimpleData>
	</SchemaData></ExtendedData>
      <Point><coordinates>43.4332779592222,38.7823587248251</coordinates></Point>
  </Placemark>
  <Placemark id="cikti_dsimgi.667">
	<ExtendedData><SchemaData schemaUrl="#cikti_dsimgi">
		<SimpleData name="OBJECTID">667</SimpleData>
		<SimpleData name="HAVZA_NO">25</SimpleData>
		<SimpleData name="IST_NO">25-005</SimpleData>
		<SimpleData name="IST_AD">Van Göl Sahasi</SimpleData>
		<SimpleData name="IST_TIP">MGI</SimpleData>
		<SimpleData name="BOLGE_NO">17</SimpleData>
		<SimpleData name="RASAT_TIP">YB</SimpleData>
		<SimpleData name="ILI">Van</SimpleData>
		<SimpleData name="ILCESI">Merkez</SimpleData>
		<SimpleData name="IST_KOT">1662</SimpleData>
		<SimpleData name="DURUMU">K</SimpleData>
		<SimpleData name="IST_AC">2000/01/01 00:00:00</SimpleData>
		<SimpleData name="IST_KAP">1965/04/01 00:00:00</SimpleData>
		<SimpleData name="CKS_BOYLAM">43:20:00</SimpleData>
		<SimpleData name="CKS_ENLEM">38:28:00</SimpleData>
		<SimpleData name="UTM_ZONE">0</SimpleData>
		<SimpleData name="UTMY">0</SimpleData>
		<SimpleData name="UTMX">0</SimpleData>
		<SimpleData name="COORH_X">1814270.75</SimpleData>
	</SchemaData></ExtendedData>
      <Point><coordinates>43.3332761556826,38.465684764028</coordinates></Point>
  </Placemark>
  <Placemark id="cikti_dsimgi.668">
	<ExtendedData><SchemaData schemaUrl="#cikti_dsimgi">
		<SimpleData name="OBJECTID">668</SimpleData>
		<SimpleData name="HAVZA_NO">25</SimpleData>
		<SimpleData name="IST_NO">25-010</SimpleData>
		<SimpleData name="IST_AD">Ekece</SimpleData>
		<SimpleData name="IST_TIP">MGI</SimpleData>
		<SimpleData name="BOLGE_NO">17</SimpleData>
		<SimpleData name="RASAT_TIP">YB</SimpleData>
		<SimpleData name="ILI">Van</SimpleData>
		<SimpleData name="ILCESI">Merkez</SimpleData>
		<SimpleData name="IST_KOT">2650</SimpleData>
		<SimpleData name="DURUMU">K</SimpleData>
		<SimpleData name="IST_AC">1962/08/18 00:00:00</SimpleData>
		<SimpleData name="IST_KAP">1972/09/30 00:00:00</SimpleData>
		<SimpleData name="CKS_BOYLAM">43:40:00</SimpleData>
		<SimpleData name="CKS_ENLEM">38:29:00</SimpleData>
		<SimpleData name="UTM_ZONE">0</SimpleData>
		<SimpleData name="UTMY">0</SimpleData>
		<SimpleData name="UTMX">0</SimpleData>
		<SimpleData name="COORH_X">1843021.5</SimpleData>
	</SchemaData></ExtendedData>
      <Point><coordinates>43.6666182184264,38.4823523227194</coordinates></Point>
  </Placemark>
  <Placemark id="cikti_dsimgi.669">
	<ExtendedData><SchemaData schemaUrl="#cikti_dsimgi">
		<SimpleData name="OBJECTID">669</SimpleData>
		<SimpleData name="HAVZA_NO">25</SimpleData>
		<SimpleData name="IST_NO">25-011</SimpleData>
		<SimpleData name="IST_AD">Gölagazi (Donigölü)</SimpleData>
		<SimpleData name="IST_TIP">MGI</SimpleData>
		<SimpleData name="BOLGE_NO">17</SimpleData>
		<SimpleData name="RASAT_TIP">Y</SimpleData>
		<SimpleData name="ILI">Van</SimpleData>
		<SimpleData name="ILCESI">Merkez</SimpleData>
		<SimpleData name="IST_KOT">2260</SimpleData>
		<SimpleData name="DURUMU">K</SimpleData>
		<SimpleData name="IST_AC">1962/08/18 00:00:00</SimpleData>
		<SimpleData name="IST_KAP">1972/10/31 00:00:00</SimpleData>
		<SimpleData name="CKS_BOYLAM">43:35:00</SimpleData>
		<SimpleData name="CKS_ENLEM">38:27:00</SimpleData>
		<SimpleData name="UTM_ZONE">0</SimpleData>
		<SimpleData name="UTMY">0</SimpleData>
		<SimpleData name="UTMX">0</SimpleData>
		<SimpleData name="COORH_X">1836198.5</SimpleData>
	</SchemaData></ExtendedData>
      <Point><coordinates>43.5832827766315,38.449018095521</coordinates></Point>
  </Placemark>
  <Placemark id="cikti_dsimgi.670">
	<ExtendedData><SchemaData schemaUrl="#cikti_dsimgi">
		<SimpleData name="OBJECTID">670</SimpleData>
		<SimpleData name="HAVZA_NO">25</SimpleData>
		<SimpleData name="IST_NO">25-012</SimpleData>
		<SimpleData name="IST_AD">Dilkaya</SimpleData>
		<SimpleData name="IST_TIP">MGI</SimpleData>
		<SimpleData name="BOLGE_NO">17</SimpleData>
		<SimpleData name="RASAT_TIP">YB</SimpleData>
		<SimpleData name="ILI">Van</SimpleData>
		<SimpleData name="ILCESI">Edremit</SimpleData>
		<SimpleData name="IST_KOT">1730</SimpleData>
		<SimpleData name="DURUMU">K</SimpleData>
		<SimpleData name="IST_AC">1962/08/28 00:00:00</SimpleData>
		<SimpleData name="IST_KAP">1977/02/28 00:00:00</SimpleData>
		<SimpleData name="CKS_BOYLAM">43:12:00</SimpleData>
		<SimpleData name="CKS_ENLEM">38:20:00</SimpleData>
		<SimpleData name="UTM_ZONE">0</SimpleData>
		<SimpleData name="UTMY">0</SimpleData>
		<SimpleData name="UTMX">0</SimpleData>
		<SimpleData name="COORH_X">1804273.375</SimpleData>
	</SchemaData></ExtendedData>
      <Point><coordinates>43.1999397025897,38.3323482343255</coordinates></Point>
  </Placemark>
  <Placemark id="cikti_dsimgi.671">
	<ExtendedData><SchemaData schemaUrl="#cikti_dsimgi">
		<SimpleData name="OBJECTID">671</SimpleData>
		<SimpleData name="HAVZA_NO">26</SimpleData>
		<SimpleData name="IST_NO">26-001</SimpleData>
		<SimpleData name="IST_AD">Altay K.Kizi</SimpleData>
		<SimpleData name="IST_TIP">MGI</SimpleData>
		<SimpleData name="BOLGE_NO">10</SimpleData>
		<SimpleData name="RASAT_TIP">YB</SimpleData>
		<SimpleData name="ILI">Diyarbakir</SimpleData>
		<SimpleData name="ILCESI">Dicle</SimpleData>
		<SimpleData name="IST_KOT">1100</SimpleData>
		<SimpleData name="DURUMU">A</SimpleData>
		<SimpleData name="IST_AC">1978/01/01 00:00:00</SimpleData>
		<SimpleData name="P25_PNO">L43-b3</SimpleData>
		<SimpleData name="CKS_BOYLAM">39:59:25</SimpleData>
		<SimpleData name="CKS_ENLEM">38:19:46</SimpleData>
		<SimpleData name="UTM_ZONE">37</SimpleData>
		<SimpleData name="UTMY">0</SimpleData>
		<SimpleData name="UTMX">0</SimpleData>
		<SimpleData name="COORH_X">1524287.625</SimpleData>
	</SchemaData></ExtendedData>
      <Point><coordinates>39.9901339198867,38.3284528847154</coordinates></Point>
  </Placemark>
  <Placemark id="cikti_dsimgi.672">
	<ExtendedData><SchemaData schemaUrl="#cikti_dsimgi">
		<SimpleData name="OBJECTID">672</SimpleData>
		<SimpleData name="HAVZA_NO">26</SimpleData>
		<SimpleData name="IST_NO">26-002</SimpleData>
		<SimpleData name="IST_AD">Kaldirimköy (Sadi)</SimpleData>
		<SimpleData name="IST_TIP">MGI</SimpleData>
		<SimpleData name="BOLGE_NO">10</SimpleData>
		<SimpleData name="RASAT_TIP">Y</SimpleData>
		<SimpleData name="ILI">Diyarbakir</SimpleData>
		<SimpleData name="ILCESI">Merkez</SimpleData>
		<SimpleData name="IST_KOT">850</SimpleData>
		<SimpleData name="DURUMU">K</SimpleData>
		<SimpleData name="IST_AC">1969/11/20 00:00:00</SimpleData>
		<SimpleData name="IST_KAP">1972/08/01 00:00:00</SimpleData>
		<SimpleData name="CKS_BOYLAM">39:51:00</SimpleData>
		<SimpleData name="CKS_ENLEM">37:57:00</SimpleData>
		<SimpleData name="UTM_ZONE">0</SimpleData>
		<SimpleData name="UTMY">0</SimpleData>
		<SimpleData name="UTMX">0</SimpleData>
		<SimpleData name="COORH_X">1514910.625</SimpleData>
	</SchemaData></ExtendedData>
      <Point><coordinates>39.8498539356103,37.94899982835</coordinates></Point>
  </Placemark>
  <Placemark id="cikti_dsimgi.673">
	<ExtendedData><SchemaData schemaUrl="#cikti_dsimgi">
		<SimpleData name="OBJECTID">673</SimpleData>
		<SimpleData name="HAVZA_NO">26</SimpleData>
		<SimpleData name="IST_NO">26-003</SimpleData>
		<SimpleData name="IST_AD">Gelenler</SimpleData>
		<SimpleData name="IST_TIP">MGI</SimpleData>
		<SimpleData name="BOLGE_NO">17</SimpleData>
		<SimpleData name="RASAT_TIP">YB</SimpleData>
		<SimpleData name="ILI">Van</SimpleData>
		<SimpleData name="ILCESI">Baskale</SimpleData>
		<SimpleData name="IST_KOT">2270</SimpleData>
		<SimpleData name="DURUMU">K</SimpleData>
		<SimpleData name="IST_AC">1964/07/11 00:00:00</SimpleData>
		<SimpleData name="IST_KAP">1999/04/13 00:00:00</SimpleData>
		<SimpleData name="P25_PNO">L52-b3</SimpleData>
		<SimpleData name="CKS_BOYLAM">44:22:40</SimpleData>
		<SimpleData name="CKS_ENLEM">38:19:34</SimpleData>
		<SimpleData name="UTM_ZONE">38</SimpleData>
		<SimpleData name="UTMY">0</SimpleData>
		<SimpleData name="UTMX">0</SimpleData>
		<SimpleData name="COORH_X">1906857.125</SimpleData>
	</SchemaData></ExtendedData>
      <Point><coordinates>44.3777483476895,38.3251276102349</coordinates></Point>
  </Placemark>
  <Placemark id="cikti_dsimgi.674">
	<ExtendedData><SchemaData schemaUrl="#cikti_dsimgi">
		<SimpleData name="OBJECTID">674</SimpleData>
		<SimpleData name="HAVZA_NO">26</SimpleData>
		<SimpleData name="IST_NO">26-004</SimpleData>
		<SimpleData name="IST_AD">Devegeçidi Brj.</SimpleData>
		<SimpleData name="IST_TIP">MGI</SimpleData>
		<SimpleData name="BOLGE_NO">10</SimpleData>
		<SimpleData name="RASAT_TIP">YB</SimpleData>
		<SimpleData name="ILI">Diyarbakir</SimpleData>
		<SimpleData name="ILCESI">Merkez</SimpleData>
		<SimpleData name="IST_KOT">730</SimpleData>
		<SimpleData name="DURUMU">A</SimpleData>
		<SimpleData name="IST_AC">1973/01/01 00:00:00</SimpleData>
		<SimpleData name="P25_PNO">L43-c3</SimpleData>
		<SimpleData name="CKS_BOYLAM">39:59:18</SimpleData>
		<SimpleData name="CKS_ENLEM">38:03:56</SimpleData>
		<SimpleData name="UTM_ZONE">37</SimpleData>
		<SimpleData name="UTMY">0</SimpleData>
		<SimpleData name="UTMX">0</SimpleData>
		<SimpleData name="COORH_X">1526168.625</SimpleData>
	</SchemaData></ExtendedData>
      <Point><coordinates>39.9881903836678,38.0645582134009</coordinates></Point>
  </Placemark>
  <Placemark id="cikti_dsimgi.675">
	<ExtendedData><SchemaData schemaUrl="#cikti_dsimgi">
		<SimpleData name="OBJECTID">675</SimpleData>
		<SimpleData name="HAVZA_NO">26</SimpleData>
		<SimpleData name="IST_NO">26-005</SimpleData>
		<SimpleData name="IST_AD">Karababa (Geli)</SimpleData>
		<SimpleData name="IST_TIP">MGI</SimpleData>
		<SimpleData name="BOLGE_NO">10</SimpleData>
		<SimpleData name="RASAT_TIP">YB</SimpleData>
		<SimpleData name="ILI">Diyarbakir</SimpleData>
		<SimpleData name="ILCESI">Çinar</SimpleData>
		<SimpleData name="IST_KOT">815</SimpleData>
		<SimpleData name="DURUMU">A</SimpleData>
		<SimpleData name="IST_AC">1964/06/04 00:00:00</SimpleData>
		<SimpleData name="P25_PNO">M44-d2</SimpleData>
		<SimpleData name="CKS_BOYLAM">40:14:42</SimpleData>
		<SimpleData name="CKS_ENLEM">37:40:12</SimpleData>
		<SimpleData name="UTM_ZONE">37</SimpleData>
		<SimpleData name="UTMY">0</SimpleData>
		<SimpleData name="UTMX">0</SimpleData>
		<SimpleData name="COORH_X">1551888.5</SimpleData>
	</SchemaData></ExtendedData>
      <Point><coordinates>40.2448651196882,37.6689946642565</coordinates></Point>
  </Placemark>
  <Placemark id="cikti_dsimgi.676">
	<ExtendedData><SchemaData schemaUrl="#cikti_dsimgi">
		<SimpleData name="OBJECTID">676</SimpleData>
		<SimpleData name="HAVZA_NO">26</SimpleData>
		<SimpleData name="IST_NO">26-006</SimpleData>
		<SimpleData name="IST_AD">Mecis</SimpleData>
		<SimpleData name="IST_TIP">MGI</SimpleData>
		<SimpleData name="BOLGE_NO">17</SimpleData>
		<SimpleData name="RASAT_TIP">Y</SimpleData>
		<SimpleData name="ILI">Hakkari</SimpleData>
		<SimpleData name="ILCESI">Yüksekova</SimpleData>
		<SimpleData name="IST_KOT">1920</SimpleData>
		<SimpleData name="DURUMU">K</SimpleData>
		<SimpleData name="IST_AC">1963/07/29 00:00:00</SimpleData>
		<SimpleData name="IST_KAP">1972/11/17 00:00:00</SimpleData>
		<SimpleData name="CKS_BOYLAM">44:25:00</SimpleData>
		<SimpleData name="CKS_ENLEM">37:28:00</SimpleData>
		<SimpleData name="UTM_ZONE">0</SimpleData>
		<SimpleData name="UTMY">0</SimpleData>
		<SimpleData name="UTMX">0</SimpleData>
		<SimpleData name="COORH_X">1921842.25</SimpleData>
	</SchemaData></ExtendedData>
      <Point><coordinates>44.4166400643694,37.4656644236414</coordinates></Point>
  </Placemark>
  <Placemark id="cikti_dsimgi.677">
	<ExtendedData><SchemaData schemaUrl="#cikti_dsimgi">
		<SimpleData name="OBJECTID">677</SimpleData>
		<SimpleData name="HAVZA_NO">26</SimpleData>
		<SimpleData name="IST_NO">26-007</SimpleData>
		<SimpleData name="IST_AD">Karpuz D.</SimpleData>
		<SimpleData name="IST_TIP">MGI</SimpleData>
		<SimpleData name="BOLGE_NO">17</SimpleData>
		<SimpleData name="RASAT_TIP">Y</SimpleData>
		<SimpleData name="ILI">Diyarbakir</SimpleData>
		<SimpleData name="ILCESI">Merkez</SimpleData>
		<SimpleData name="IST_KOT">760</SimpleData>
		<SimpleData name="DURUMU">K</SimpleData>
		<SimpleData name="IST_AC">1963/04/24 00:00:00</SimpleData>
		<SimpleData name="IST_KAP">1972/07/27 00:00:00</SimpleData>
		<SimpleData name="CKS_BOYLAM">40:27:00</SimpleData>
		<SimpleData name="CKS_ENLEM">38:12:00</SimpleData>
		<SimpleData name="UTM_ZONE">0</SimpleData>
		<SimpleData name="UTMY">0</SimpleData>
		<SimpleData name="UTMX">0</SimpleData>
		<SimpleData name="COORH_X">1565533.875</SimpleData>
	</SchemaData></ExtendedData>
      <Point><coordinates>40.4498684978395,38.1990066526522</coordinates></Point>
  </Placemark>
  <Placemark id="cikti_dsimgi.678">
	<ExtendedData><SchemaData schemaUrl="#cikti_dsimgi">
		<SimpleData name="OBJECTID">678</SimpleData>
		<SimpleData name="HAVZA_NO">26</SimpleData>
		<SimpleData name="IST_NO">26-008</SimpleData>
		<SimpleData name="IST_AD">Üçyol (Difni)</SimpleData>
		<SimpleData name="IST_TIP">MGI</SimpleData>
		<SimpleData name="BOLGE_NO">10</SimpleData>
		<SimpleData name="RASAT_TIP">Y</SimpleData>
		<SimpleData name="ILI">Mardin</SimpleData>
		<SimpleData name="ILCESI">Gercüs</SimpleData>
		<SimpleData name="IST_KOT">670</SimpleData>
		<SimpleData name="DURUMU">K</SimpleData>
		<SimpleData name="IST_AC">1963/04/08 00:00:00</SimpleData>
		<SimpleData name="IST_KAP">1972/07/29 00:00:00</SimpleData>
		<SimpleData name="CKS_BOYLAM">41:29:00</SimpleData>
		<SimpleData name="CKS_ENLEM">37:43:00</SimpleData>
		<SimpleData name="UTM_ZONE">0</SimpleData>
		<SimpleData name="UTMY">0</SimpleData>
		<SimpleData name="UTMX">0</SimpleData>
		<SimpleData name="COORH_X">1660614.625</SimpleData>
	</SchemaData></ExtendedData>
      <Point><coordinates>41.483230176261,37.7156649540226</coordinates></Point>
  </Placemark>
  <Placemark id="cikti_dsimgi.679">
	<ExtendedData><SchemaData schemaUrl="#cikti_dsimgi">
		<SimpleData name="OBJECTID">679</SimpleData>
		<SimpleData name="HAVZA_NO">26</SimpleData>
		<SimpleData name="IST_NO">26-009</SimpleData>
		<SimpleData name="IST_AD">Koyunalan</SimpleData>
		<SimpleData name="IST_TIP">MGI</SimpleData>
		<SimpleData name="BOLGE_NO">10</SimpleData>
		<SimpleData name="RASAT_TIP">Y</SimpleData>
		<SimpleData name="ILI">Diyarbakir</SimpleData>
		<SimpleData name="ILCESI">Ergani</SimpleData>
		<SimpleData name="IST_KOT">750</SimpleData>
		<SimpleData name="DURUMU">K</SimpleData>
		<SimpleData name="IST_AC">1963/08/24 00:00:00</SimpleData>
		<SimpleData name="IST_KAP">1972/07/28 00:00:00</SimpleData>
		<SimpleData name="CKS_BOYLAM">39:57:00</SimpleData>
		<SimpleData name="CKS_ENLEM">38:08:00</SimpleData>
		<SimpleData name="UTM_ZONE">0</SimpleData>
		<SimpleData name="UTMY">0</SimpleData>
		<SimpleData name="UTMX">0</SimpleData>
		<SimpleData name="COORH_X">1522282.375</SimpleData>
	</SchemaData></ExtendedData>
      <Point><coordinates>39.9498558228621,38.1323373657341</coordinates></Point>
  </Placemark>
  <Placemark id="cikti_dsimgi.680">
	<ExtendedData><SchemaData schemaUrl="#cikti_dsimgi">
		<SimpleData name="OBJECTID">680</SimpleData>
		<SimpleData name="HAVZA_NO">26</SimpleData>
		<SimpleData name="IST_NO">26-010</SimpleData>
		<SimpleData name="IST_AD">Kemük</SimpleData>
		<SimpleData name="IST_TIP">MGI</SimpleData>
		<SimpleData name="BOLGE_NO">10</SimpleData>
		<SimpleData name="RASAT_TIP">YB</SimpleData>
		<SimpleData name="ILI">Diyarbakir</SimpleData>
		<SimpleData name="ILCESI">Silvan</SimpleData>
		<SimpleData name="IST_KOT">700</SimpleData>
		<SimpleData name="DURUMU">K</SimpleData>
		<SimpleData name="IST_AC">1979/05/07 00:00:00</SimpleData>
		<SimpleData name="IST_KAP">1993/01/01 00:00:00</SimpleData>
		<SimpleData name="P25_PNO">L46-d2</SimpleData>
		<SimpleData name="CKS_BOYLAM">41:08:44</SimpleData>
		<SimpleData name="CKS_ENLEM">38:13:22</SimpleData>
		<SimpleData name="UTM_ZONE">37</SimpleData>
		<SimpleData name="UTMY">0</SimpleData>
		<SimpleData name="UTMX">0</SimpleData>
		<SimpleData name="COORH_X">1626174</SimpleData>
	</SchemaData></ExtendedData>
      <Point><coordinates>41.1454420496298,38.2217864114009</coordinates></Point>
  </Placemark>
  <Placemark id="cikti_dsimgi.681">
	<ExtendedData><SchemaData schemaUrl="#cikti_dsimgi">
		<SimpleData name="OBJECTID">681</SimpleData>
		<SimpleData name="HAVZA_NO">26</SimpleData>
		<SimpleData name="IST_NO">26-011</SimpleData>
		<SimpleData name="IST_AD">Kulp Mardina</SimpleData>
		<SimpleData name="IST_TIP">MGI</SimpleData>
		<SimpleData name="BOLGE_NO">10</SimpleData>
		<SimpleData name="RASAT_TIP">YB</SimpleData>
		<SimpleData name="ILI">Diyarbakir</SimpleData>
		<SimpleData name="ILCESI">Lice</SimpleData>
		<SimpleData name="IST_KOT">950</SimpleData>
		<SimpleData name="DURUMU">A</SimpleData>
		<SimpleData name="IST_AC">1979/05/26 00:00:00</SimpleData>
		<SimpleData name="P25_PNO">L45-b1</SimpleData>
		<SimpleData name="CKS_BOYLAM">40:48:06</SimpleData>
		<SimpleData name="CKS_ENLEM">38:27:51</SimpleData>
		<SimpleData name="UTM_ZONE">37</SimpleData>
		<SimpleData name="UTMY">0</SimpleData>
		<SimpleData name="UTMX">0</SimpleData>
		<SimpleData name="COORH_X">1593973.5</SimpleData>
	</SchemaData></ExtendedData>
      <Point><coordinates>40.8015433563937,38.4631799302894</coordinates></Point>
  </Placemark>
  <Placemark id="cikti_dsimgi.682">
	<ExtendedData><SchemaData schemaUrl="#cikti_dsimgi">
		<SimpleData name="OBJECTID">682</SimpleData>
		<SimpleData name="HAVZA_NO">26</SimpleData>
		<SimpleData name="IST_NO">26-012</SimpleData>
		<SimpleData name="IST_AD">Kagitli</SimpleData>
		<SimpleData name="IST_TIP">MGI</SimpleData>
		<SimpleData name="BOLGE_NO">10</SimpleData>
		<SimpleData name="RASAT_TIP">Y</SimpleData>
		<SimpleData name="ILI">Diyarbakir</SimpleData>
		<SimpleData name="ILCESI">Bismil</SimpleData>
		<SimpleData name="IST_KOT">800</SimpleData>
		<SimpleData name="DURUMU">K</SimpleData>
		<SimpleData name="IST_AC">1963/04/27 00:00:00</SimpleData>
		<SimpleData name="IST_KAP">1972/07/26 00:00:00</SimpleData>
		<SimpleData name="CKS_BOYLAM">40:33:00</SimpleData>
		<SimpleData name="CKS_ENLEM">38:02:00</SimpleData>
		<SimpleData name="UTM_ZONE">0</SimpleData>
		<SimpleData name="UTMY">0</SimpleData>
		<SimpleData name="UTMX">0</SimpleData>
		<SimpleData name="COORH_X">1575701.5</SimpleData>
	</SchemaData></ExtendedData>
      <Point><coordinates>40.5498717113948,38.0323365580321</coordinates></Point>
  </Placemark>
  <Placemark id="cikti_dsimgi.683">
	<ExtendedData><SchemaData schemaUrl="#cikti_dsimgi">
		<SimpleData name="OBJECTID">683</SimpleData>
		<SimpleData name="HAVZA_NO">26</SimpleData>
		<SimpleData name="IST_NO">26-013</SimpleData>
		<SimpleData name="IST_AD">Basnik Dersil</SimpleData>
		<SimpleData name="IST_TIP">MGI</SimpleData>
		<SimpleData name="BOLGE_NO">10</SimpleData>
		<SimpleData name="RASAT_TIP">YB</SimpleData>
		<SimpleData name="ILI">Diyarbakir</SimpleData>
		<SimpleData name="ILCESI">Hazro</SimpleData>
		<SimpleData name="IST_KOT">825</SimpleData>
		<SimpleData name="DURUMU">A</SimpleData>
		<SimpleData name="IST_AC">1979/05/25 00:00:00</SimpleData>
		<SimpleData name="P25_PNO">L45-d2</SimpleData>
		<SimpleData name="CKS_BOYLAM">40:44:34</SimpleData>
		<SimpleData name="CKS_ENLEM">38:09:36</SimpleData>
		<SimpleData name="UTM_ZONE">37</SimpleData>
		<SimpleData name="UTMY">0</SimpleData>
		<SimpleData name="UTMX">0</SimpleData>
		<SimpleData name="COORH_X">1591502.5</SimpleData>
	</SchemaData></ExtendedData>
      <Point><coordinates>40.7426540252194,38.1590064229982</coordinates></Point>
  </Placemark>
  <Placemark id="cikti_dsimgi.684">
	<ExtendedData><SchemaData schemaUrl="#cikti_dsimgi">
		<SimpleData name="OBJECTID">684</SimpleData>
		<SimpleData name="HAVZA_NO">26</SimpleData>
		<SimpleData name="IST_NO">26-019</SimpleData>
		<SimpleData name="IST_AD">Silopi</SimpleData>
		<SimpleData name="IST_TIP">MGI</SimpleData>
		<SimpleData name="BOLGE_NO">10</SimpleData>
		<SimpleData name="RASAT_TIP">YB</SimpleData>
		<SimpleData name="ILI">Sirnak</SimpleData>
		<SimpleData name="ILCESI">Silopi</SimpleData>
		<SimpleData name="IST_KOT">530</SimpleData>
		<SimpleData name="DURUMU">A</SimpleData>
		<SimpleData name="IST_AC">1961/06/12 00:00:00</SimpleData>
		<SimpleData name="P25_PNO">N48-b3</SimpleData>
		<SimpleData name="CKS_BOYLAM">42:28:35</SimpleData>
		<SimpleData name="CKS_ENLEM">37:15:06</SimpleData>
		<SimpleData name="UTM_ZONE">37</SimpleData>
		<SimpleData name="UTMY">0</SimpleData>
		<SimpleData name="UTMX">0</SimpleData>
		<SimpleData name="COORH_X">1753125.125</SimpleData>
	</SchemaData></ExtendedData>
      <Point><coordinates>42.4763126848097,37.2506568766191</coordinates></Point>
  </Placemark>
</Folder>
</Document></kml>
