{
 "girdi": {
  "ad": "TAYAKADIN DERESİ",
  "A_km2": 13.71,
  "L_km": 4.359,
  "Lc_km": 1.84,
  "CN2": 75,
  "CN3": 75,
  "bolge": "A",
  "kotlar": [
   3,
   4,
   7,
   9,
   12,
   19,
   25,
   37,
   59,
   90,
   145
  ],
  "Qbaz": 1.6,
  "dplv_no": 2,
  "P24_agirlikli": [
   59.66722126876468,
   90.59518332203749,
   112.70091921056869,
   142.2679966179297,
   165.3258189567589,
   189.27246520985284,
   342.34
  ],
  "istasyon_P24": {
   "BİNKILIÇ": [
    79.57254304150159,
    112.55552619679099,
    138.42965294411223,
    176.17653986601894,
    208.19685256645974,
    243.85595299886498,
    452.6
   ],
   "KARAMANDERE": [
    68.55519696757307,
    103.82812882291499,
    126.86325207650955,
    155.09696767473002,
    175.43061665874922,
    195.14580961894154,
    369.93
   ],
   "SİLİVRİ": [
    46.54287420928932,
    63.26945381906815,
    74.28592335016933,
    88.16432130151914,
    98.4581925481612,
    108.75315990278314,
    215.05
   ],
   "ARNAVUTKÖY TERKOS BARAJI": [
    59.66722126876468,
    90.59518332203749,
    112.70091921056869,
    142.2679966179297,
    165.3258189567589,
    189.27246520985284,
    342.34
   ],
   "ÇATALCA RADAR SAHASI": [
    80.77222559952604,
    126.77384129023594,
    159.43654895700925,
    202.72076749444452,
    236.10523461178323,
    270.2274702458542,
    489.59
   ]
  },
  "thiessen_agirlik_H26": 1
 },
 "beklenen": {
  "kabulet_pik": {
   "sureler_saat": [
    2,
    4,
    6,
    8,
    12,
    18,
    24
   ],
   "matris": {
    "Q2": [
     8.866420922674733,
     8.469554363530229,
     8.992879689704914,
     8.248371530233495,
     7.288318067325253,
     6.431481175867207,
     6.567263710450339
    ],
    "Q5": [
     23.979418080386033,
     22.597566936373212,
     20.20362721498568,
     18.772365311094134,
     15.554431421207278,
     13.824392752603064,
     14.555992606358378
    ],
    "Q10": [
     37.74591109492537,
     35.756234189376556,
     30.894087776836187,
     27.675981944624063,
     23.220924261245678,
     20.823729581094366,
     21.91286091206819
    ],
    "Q25": [
     58.723097554652604,
     55.88987198882616,
     48.91757363683636,
     43.65372485626326,
     36.37343126349272,
     31.25231719432211,
     32.84674472024455
    ],
    "Q50": [
     76.55212493643779,
     73.04939520904134,
     64.39738176287406,
     57.8307622208578,
     48.68894106947393,
     42.161013317208585,
     41.9745524879222
    ],
    "Q100": [
     96.07521624812641,
     91.87259043383908,
     81.46158073897817,
     73.52725957484077,
     62.42479319912105,
     54.44792815844418,
     52.46714524309834
    ],
    "QOET": [
     234.22320860742303,
     225.55463390388894,
     203.889818389851,
     187.1698574417591,
     163.4044736796015,
     146.00429969024344,
     141.63355239171466
    ]
   }
  },
  "dsi": {
   "S_harmonik": 0.01151061082290787,
   "qp_l_s_km2_mm": 115.18131506488514,
   "Qp_m3_s_mm": 1.5791358295395754,
   "T_saat": 9,
   "Tp_saat": 1.8
  },
  "mockus": {
   "Tc": 1.1483013095822605,
   "D": 2.5,
   "Tp": 1.9389807857493562,
   "K3": 0.205,
   "qp_K1": 1.470710808976848,
   "qp_K2": 1.1525281820347417,
   "qp_K3": 1.4494986338473743
  },
  "dsi_birim_hidrograf": {
   "t": [
    0,
    0.5,
    1,
    1.5,
    2,
    2.5,
    3,
    3.5,
    4,
    4.5,
    5,
    5.5,
    6,
    6.5,
    7,
    7.5,
    8,
    8.5,
    9,
    0,
    0,
    0,
    0,
    0,
    0,
    0,
    0,
    0,
    0,
    0,
    0,
    0,
    0,
    0,
    0,
    0,
    0,
    0,
    0,
    0,
    0,
    0,
    0,
    0,
    0,
    0,
    0,
    0,
    0,
    0,
    0,
    0,
    0,
    0,
    0,
    0,
    0,
    0,
    0,
    0,
    0,
    0,
    0,
    0,
    0,
    0,
    0,
    0,
    0,
    0,
    0,
    0,
    0,
    0,
    0,
    0,
    0,
    0,
    0,
    0,
    0,
    0,
    0,
    0,
    0,
    0,
    0,
    0,
    0,
    0,
    0,
    0,
    0,
    0,
    0,
    0,
    0,
    0,
    0,
    0,
    0,
    0,
    0,
    0,
    0,
    0,
    0,
    0,
    0,
    0,
    0,
    0,
    0,
    0,
    0
   ],
   "q": [
    0,
    0.22283361150169562,
    0.8281690128251995,
    1.447541177077944,
    1.5791358295395754,
    1.2001432304500774,
    0.810623059163649,
    0.5491883496065413,
    0.3684650268925677,
    0.2447660535786343,
    0.16037001646657467,
    0.11159226528746335,
    0.07737765564743919,
    0.05053234654526641,
    0.03474098824987066,
    0.023687037443093632,
    0.015791358295395748,
    0.010703031733546009,
    0.006316543318158302,
    0,
    0,
    0,
    0,
    0,
    0,
    0,
    0,
    0,
    0,
    0,
    0,
    0,
    0,
    0,
    0,
    0,
    0,
    0,
    0,
    0,
    0,
    0,
    0,
    0,
    0,
    0,
    0,
    0,
    0,
    0,
    0,
    0,
    0,
    0,
    0,
    0,
    0,
    0,
    0,
    0,
    0,
    0,
    0,
    0,
    0,
    0,
    0,
    0,
    0,
    0,
    0,
    0,
    0,
    0,
    0,
    0,
    0,
    0,
    0,
    0,
    0,
    0,
    0,
    0,
    0,
    0,
    0,
    0,
    0,
    0,
    0,
    0,
    0,
    0,
    0,
    0,
    0,
    0,
    0,
    0,
    0,
    0,
    0,
    0,
    0,
    0,
    0,
    0,
    0,
    0,
    0,
    0,
    0,
    0,
    0
   ]
  }
 }
}