{
 "aciklama": "24 saatten kısa süreli yağış oranları; t/D oranına göre bölge (A/B/C) katsayısı",
 "ratios": [
  0.083333,
  0.111111,
  0.166667,
  0.222222,
  0.25,
  0.333333,
  0.416667,
  0.444444,
  0.5,
  0.555556,
  0.583333,
  0.666667,
  0.75,
  0.777778,
  0.833333,
  0.888889,
  0.916667,
  1.0
 ],
 "A": [
  0.41,
  0.47,
  0.55,
  0.612,
  0.64,
  0.71,
  0.775,
  0.797,
  0.83,
  0.86,
  0.875,
  0.91,
  0.935,
  0.944,
  0.96,
  0.974,
  0.98,
  1.0
 ],
 "B": [
  0.29,
  0.342,
  0.425,
  0.495,
  0.527,
  0.608,
  0.675,
  0.696,
  0.735,
  0.773,
  0.79,
  0.842,
  0.884,
  0.898,
  0.926,
  0.953,
  0.965,
  1.0
 ],
 "C": [
  0.2,
  0.249,
  0.328,
  0.387,
  0.416,
  0.488,
  0.557,
  0.583,
  0.63,
  0.678,
  0.7,
  0.767,
  0.826,
  0.849,
  0.88,
  0.921,
  0.938,
  1.0
 ]
}